"CASEID","POINT_X","POINT_Y","YEAR_","LOCATION","CHPTYPE","DAYWEEK","CRASHSEV","VIOLCAT","KILLED","INJURED","WEATHER1","PEDCOL","BICCOL","MCCOL","TRUCKCOL","ETOH","TIMECAT","MONTH_","CRASHTYP","INVOLVE","PED","PRIMARYRD","SECONDRD","DISTANCE","DIRECT","INTERSECT_","PROCDATE","JURIS","DATE_","TIME_","BADGE","JURIDIST","SHIFT","POP","SPECIAL","BEATTYPE","LAPDDIV","BEATCLAS","BEATNUMB","WEATHER2","STATEHW","CALTRANC","CALTRAND","STROUTE","ROUTESUF","POSTPRE","POSTMILE","LOCATYPE","RAMP","SIDEHW","TOWAWAY","PARTIES","PCF","VIOLCODE","VIOL","VIOLSUB","HITRUN","ROADSURF","RDCOND1","RDCOND2","LIGHTING","RIGHTWAY","CHPRDTYP","NOTPRIV","STFAULT","CHPFAULT","SEVINJ","OTHERINJ","COP","PEDKILL","PEDINJ","BICKILL","BICINJ","MCKILL","MCINJURE","RAMP1","RAMP2","CITY","COUNTY","STATE","X_CHP","Y_CHP"
"6339903",-121.4678809,38.3760098,2013,"3400","5","1","4","08",0,1,"A",,,,,,1200,12,"E","I","A","HOOD FRANKLIN RD","RT 5",2640,"E","N","2014-05-15",9252,"2013-12-30",1140,"012096",,"1","9","0","3",,"2","080","-","N",,0,0,,,0,,,,"Y",1,"A","-",22107,,"N","A","H","-","A","D","0","Y","A","01",0,0,1,0,0,0,0,0,0,"-","-","UNINCORPORATED","SACRAMENTO","CA",-121.46383,38.37613
"6339883",-121.374432,38.3888324,2013,"3450","3","1","4","03",0,1,"A",,,,,,1200,12,"E","I","A","RT 99","KAMMERER RD",5808,"N","N","2014-05-15",9252,"2013-12-30",1020,"014453",,"1","5","0","1",,"2","191","-","Y","SAC",3,99,"-","-",11.17,"H","-","S","Y",1,"A","-",22350,,"N","A","H","-","A","D","1","Y","A","07",0,0,1,0,0,0,0,0,0,"-","-","ELK GROVE","SACRAMENTO","CA",-121.37889,38.3942
"6339879",-121.4657682,38.321535,2013,"3400","1","6","4","03",0,2,"A",,,,,,1200,12,"C","C","A","RT 5","LAMBERT RD",75,"S","N","2014-05-19",9252,"2013-12-28",1130,"015006",,"1","9","0","1",,"2","107","-","Y","SAC",3,5,"-","-",4.71,"H","-","S","Y",3,"A","-",22350,,"N","A","H","-","A","D","1","Y","A","01",0,0,2,0,0,0,0,0,0,"-","-","UNINCORPORATED","SACRAMENTO","CA",0,0
"6339875",-121.4811224,38.5602857,2013,"3404","2","5","3","01",0,2,"A",,,,,"Y",2400,12,"E","I","A","RT 50","25TH ST",20,"E","N","2014-05-15",9252,"2013-12-27",2343,"017679",,"3","7","0","1",,"2","150","-","Y","SAC",3,50,"-","L",2.13,"H","-","E","Y",1,"A","-",23152,"A","N","A","H","-","C","D","1","Y","A","01",0,1,1,0,0,0,0,0,0,"-","-","SACRAMENTO","SACRAMENTO","CA",-121.48134,33.56026
"6339644",-121.3370977,38.6826217,2013,"3400","1","3","4","04",0,2,"A",,,,,,900,12,"C","C","A","RT 80","GREENBACK LN",350,"E","N","2014-03-18",9250,"2013-12-18",715,"015869",,"1","9","0","1",,"2","183","-","Y","SAC",3,80,"-","-",14.52,"H","-","W","N",3,"A","-",21703,,"N","A","H","-","A","D","1","Y","J","48",0,0,2,0,0,0,0,0,0,"-","-","UNINCORPORATED","SACRAMENTO","CA",0,0
"6339195",-121.1503451,38.6719028,2013,"3401","0","2","4","09",0,1,"A",,,,,,1200,12,"D","C","A","BLUE RAVINE RD","SCHOOL ST",35,"E","N","2014-05-16",3401,"2013-12-24",937,"206","3","5","5","0","0",,"0","003","-","N",,0,0,,,0,,,,"N",2,"A","-",21802,"A","N","A","H","-","A","A","0","Y","A","07",0,0,1,0,0,0,0,0,0,"-","-","FOLSOM","SACRAMENTO","CA",-121.16111,38.66853
"6339194",-121.1664033,38.6710226,2013,"3401","0","2","4","08",0,1,"A",,,,,,1500,12,"B","C","A","RILEY ST","GLENN DR",376,"W","N","2014-05-16",3401,"2013-12-17",1424,"209","2","5","5","0","0",,"0","002","-","N",,0,0,,,0,,,,"N",2,"A","-",22107,,"N","A","H","-","A","D","0","Y","A","01",0,0,1,0,0,0,0,0,0,"-","-","FOLSOM","SACRAMENTO","CA",0,0
"6339193",-121.1686759,38.6709517,2013,"3401","0","2","3","09",0,2,"A",,,,,,1200,12,"A","C","A","RILEY ST","LEMBI DR",415,"E","N","2014-05-16",3401,"2013-12-17",1137,"209","2","5","5","0","0",,"0","002","-","N",,0,0,,,0,,,,"Y",2,"A","-",21804,"A","N","A","H","-","A","D","0","Y","A","01",0,1,1,0,0,0,0,0,0,"-","-","FOLSOM","SACRAMENTO","CA",0,0
"6339192",-121.1728231,38.676115,2013,"3401","0","1","4","09",0,2,"A",,,,,,1500,12,"D","C","A","NATOMA ST","SCOTT ST",0,,"Y","2014-05-16",3401,"2013-12-23",1221,"206","2","5","5","0","0",,"0","002","-","N",,0,0,,,0,,,,"Y",2,"A","-",21802,"A","N","A","H","-","A","A","0","Y","A","01",0,0,2,0,0,0,0,0,0,"-","-","FOLSOM","SACRAMENTO","CA",-121.1639,38.68814
"6339191",-121.1733831,38.674565,2013,"3401","0","4","4","09",0,1,"A",,,,,,2100,12,"D","C","A","RILEY ST","PERSIFER ST",0,,"Y","2014-05-16",3401,"2013-12-19",1840,"190","2","5","5","0","0",,"0","002","-","N",,0,0,,,0,,,,"Y",2,"A","-",21802,"A","N","A","H","-","C","D","0","Y","A","01",0,0,1,0,0,0,0,0,0,"-","-","FOLSOM","SACRAMENTO","CA",0,0
"6339190",-121.1767238,38.6738469,2013,"3401","0","3","3","09",0,1,"B",,"Y",,,,1500,12,"H","G","A","NATOMA ST","DECATUR ST",7,"E","N","2014-05-16",3401,"2013-12-18",1349,"200","2","5","5","0","0",,"0","002","-","N",,0,0,,,0,,,,"Y",2,"A","-",21802,,"N","A","H","-","A","A","0","Y","L","04",0,1,0,0,0,0,1,0,0,"-","-","FOLSOM","SACRAMENTO","CA",0,0
"6338914",-121.2924731,38.678345,2013,"3496","0","1","3","03",0,1,"A",,,"Y",,,1800,11,"C","C","A","GREENBACK LN","SAN JUAN AV",0,,"Y","2014-06-23",3496,"2013-11-25",1603,"207",,"5","5","0","0",,"0","003","-","N",,0,0,,,0,,,,"N",4,"A","-",22350,,"N","A","H","-","A","A","0","Y","C","02",0,1,0,0,0,0,0,0,1,"-","-","CITRUS HEIGHTS","SACRAMENTO","CA",0,0
"6337999",-121.4057831,38.574325,2013,"3400","4","1","4","09",0,1,"A",,,,,,1800,12,"D","C","A","FAIR OAKS BL","FAIRGATE RD",0,,"Y","2014-05-21",9250,"2013-12-09",1725,"16225",,"2","9","0","2",,"1","048","-","N",,0,0,,,0,,,,"Y",2,"A","-",21801,"A","N","A","H","-","D","D","0","Y","A","07",0,0,1,0,0,0,0,0,0,"-","-","UNINCORPORATED","SACRAMENTO","CA",0,0
"6337998",-121.3127997,38.7047123,2013,"3496","1","3","3","07",0,2,"B",,,,"Y",,1800,12,"B","C","A","RT 80","ANTELOPE RD",950,"W","N","2014-05-19",9250,"2013-12-18",1525,"12602",,"2","5","0","1",,"2","183","-","Y","SAC",3,80,"-","-",16.52,"H","-","W","Y",4,"A","-",21658,"A","N","A","H","-","A","D","1","Y","F","27",0,1,1,0,0,0,0,0,0,"-","-","CITRUS HEIGHTS","SACRAMENTO","CA",0,0
"6337995",-121.3543981,38.61745,2013,"3400","4","5","4","09",0,2,"A",,,,,,900,12,"D","C","A","MARCONI AV","MISSION AV",250,"E","N","2014-05-21",9250,"2013-12-13",850,"14845",,"1","9","0","2",,"1","052","-","N",,0,0,,,0,,,,"N",2,"A","-",21804,"A","N","A","H","-","A","D","0","Y","A","01",0,0,2,0,0,0,0,0,0,"-","-","UNINCORPORATED","SACRAMENTO","CA",0,0
"6337990",-121.4196394,38.6180882,2013,"3400","3","7","4","03",0,2,"A",,,,"Y",,900,12,"C","C","A","RT 51","MARCONI AV",40,"S","N","2014-12-16",9250,"2013-12-15",846,"016419",,"1","9","0","1",,"2","151","-","Y","SAC",3,51,"-","-",5.349,"R","1","N","N",2,"A","-",22350,,"N","A","H","-","A","D","1","Y","A","01",0,0,2,0,0,0,0,0,0,"TO","-","UNINCORPORATED","SACRAMENTO","CA",0,0
"6337986",-121.429402,38.6430033,2013,"3404","1","6","4","08",0,2,"A",,,,,,1500,12,"C","C","A","RT 80","RALEY BL",40,"E","N","2014-05-20",9250,"2013-12-14",1220,"17425",,"1","7","0","1",,"2","181","-","Y","SAC",3,80,"-","M",7.64,"H","-","W","Y",3,"A","-",22107,,"N","A","H","-","A","D","1","Y","A","01",0,0,2,0,0,0,0,0,0,"-","-","SACRAMENTO","SACRAMENTO","CA",0,0
"6337985",-121.3284031,38.626255,2013,"3400","4","2","4","09",0,1,"A",,,,,,1800,12,"D","C","A","LANDIS AV","FAIR OAKS BL",0,,"Y","2014-05-21",9250,"2013-12-17",1623,"17482",,"2","9","0","2",,"1","053","-","N",,0,0,,,0,,,,"N",2,"A","-",21802,"A","N","A","H","-","B","A","0","Y","A","01",0,0,1,0,0,0,0,0,0,"-","-","UNINCORPORATED","SACRAMENTO","CA",0,0
"6337981",-121.3830362,38.60676,2013,"3400","4","1","4","03",0,1,"A",,,,,,1800,12,"C","C","A","WATT AV","BUTANO DR",20,"N","N","2014-05-28",9250,"2013-12-16",1728,"015272",,"2","9","0","2",,"1","045","-","N",,0,0,,,0,,,,"Y",2,"A","-",22350,,"N","A","H","-","C","A","0","Y","A","01",0,0,1,0,0,0,0,0,0,"-","-","UNINCORPORATED","SACRAMENTO","CA",0,0
"6337978",-121.3412932,38.6656051,2013,"3400","4","6","4","12",0,2,"A",,,,,,1500,12,"D","C","A","AUBURN BL","HEMLOCK ST",0,,"Y","2014-05-21",9250,"2013-12-21",1350,"16419",,"1","9","0","2",,"1","021","-","N",,0,0,,,0,,,,"N",2,"A","-",21453,"A","N","A","H","-","A","A","0","Y","A","01",0,0,2,0,0,0,0,0,0,"-","-","UNINCORPORATED","SACRAMENTO","CA",0,0
"6337977",-121.3830832,38.6143242,2013,"3400","4","2","2","03",0,1,"B",,,,"Y",,1500,12,"C","C","A","WATT AV","CHANU AV",47,"N","N","2014-06-23",9250,"2013-12-03",1300,"012818",,"1","9","0","2",,"1","045","-","N",,0,0,,,0,,,,"Y",2,"A","-",22350,,"N","A","H","-","A","A","0","Y","A","01",1,0,0,0,0,0,0,0,0,"-","-","UNINCORPORATED","SACRAMENTO","CA",0,0
"6337976",-121.4737828,38.5632783,2013,"3400","5","4","3","08",0,1,"A",,,,,,900,12,"E","I","A","28TH ST","U ST",600,"N","N","2014-05-21",9250,"2013-12-26",620,"17129",,"1","9","0","3",,"2","060","-","N",,0,0,,,0,,,,"Y",1,"A","-",22107,,"N","A","H","-","D","D","0","Y","D","22",0,1,0,0,0,0,0,0,0,"-","-","UNINCORPORATED","SACRAMENTO","CA",0,0
"6337972",-121.3368,38.6040927,2013,"3400","4","3","3","03",0,2,"A",,,,,,2100,12,"C","C","A","FAIR OAKS BL","GARFIELD AV",27,"W","N","2014-05-28",9250,"2013-12-25",1912,"017482",,"2","9","0","2",,"1","053","-","N",,0,0,,,0,,,,"Y",2,"A","-",22350,,"N","A","H","-","C","A","0","Y","A","01",0,1,1,0,0,0,0,0,0,"-","-","UNINCORPORATED","SACRAMENTO","CA",0,0
"6337968",-121.4015383,38.6905682,2013,"3400","4","1","3","03",0,1,"A",,,,,,2400,12,"E","J","A","ELKHORN BL","28TH ST",50,"W","N","2014-12-29",9250,"2013-12-23",2337,"018126",,"3","9","0","2",,"1","064","-","N",,0,0,,,0,,,,"Y",4,"A","-",22350,,"N","A","H","-","C","A","0","Y","A","01",0,1,0,0,0,0,0,0,0,"-","-","UNINCORPORATED","SACRAMENTO","CA",0,0
"6337966",-121.5403649,38.6097869,2013,"3404","1","1","4","08",0,1,"A",,,,"Y",,900,12,"B","C","A","RT 80","EL CAMINO AV",2185,"W","N","2014-05-19",9250,"2013-12-16",620,"15869",,"1","7","0","1",,"2","181","-","Y","SAC",3,80,"-","M",0.95,"H","-","W","Y",2,"A","-",22107,,"N","A","D","-","D","D","1","Y","D","22",0,0,1,0,0,0,0,0,0,"-","-","SACRAMENTO","SACRAMENTO","CA",0,0
"6337964",-121.4014529,38.5888137,2013,"3400","4","7","4","03",0,1,"A",,,,,,1800,12,"C","C","A","FULTON AV","HURLEY WY",25,"N","N","2014-05-21",9250,"2013-12-29",1735,"18461",,"2","9","0","2",,"1","043","-","N",,0,0,,,0,,,,"N",2,"A","-",22350,,"N","A","H","-","D","D","0","Y","D","22",0,0,1,0,0,0,0,0,0,"-","-","UNINCORPORATED","SACRAMENTO","CA",0,0
"6337959",-121.4252034,38.7289576,2013,"3400","5","2","3","01",0,1,"A",,,,,"Y",300,12,"F","A","A","KASSER RD","16TH ST",1200,"E","N","2014-05-21",9250,"2013-12-24",215,"18126",,"3","9","0","3",,"2","060","-","N",,0,0,,,0,,,,"Y",1,"A","-",23152,"A","N","A","H","-","A","D","0","Y","D","22",0,1,0,0,0,0,0,0,0,"-","-","UNINCORPORATED","SACRAMENTO","CA",0,0
"6337957",-121.4274302,38.7144484,2013,"3400","4","7","3","06",0,1,"A",,"Y",,,,1500,12,"H","G","A","ELVERTA RD","16TH ST",600,"E","N","2014-05-21",9250,"2013-12-29",1225,"17129",,"1","9","0","2",,"1","062","-","N",,0,0,,,0,,,,"N",2,"A","-",21750,,"N","A","H","-","A","D","0","Y","D","22",0,1,0,0,0,0,1,0,0,"-","-","UNINCORPORATED","SACRAMENTO","CA",0,0
"6337956",-121.4096835,38.5960815,2013,"3400","4","3","4","03",0,1,"B",,,,,,1500,11,"C","C","A","ARDEN WAY","BELL ST",300,"E","N","2014-05-13",9250,"2013-11-20",1318,"016225",,"1","9","0","2",,"1","046","C","N",,0,0,,,0,,,,"Y",3,"A","-",22350,,"N","B","H","-","A","D","0","Y","A","01",0,0,1,0,0,0,0,0,0,"-","-","UNINCORPORATED","SACRAMENTO","CA",0,0
"6337955",-121.3833732,38.6423057,2013,"3400","4","4","2","08",0,1,"A",,,"Y",,,1500,11,"E","J","A","WATT AV","LONGVIEW DR",33,"N","N","2014-05-21",9250,"2013-11-07",1300,"15423",,"1","9","0","2",,"1","011","-","N",,0,0,,,0,,,,"Y",2,"A","-",22107,,"N","A","H","-","A","A","0","Y","C","02",1,0,0,0,0,0,0,0,1,"-","-","UNINCORPORATED","SACRAMENTO","CA",0,0
"6337951",-121.3281031,38.6354551,2013,"3400","4","3","4","09",0,1,"A",,,,,,1800,12,"D","C","A","FAIR OAKS BL","DON WY",0,,"Y","2014-05-28",9250,"2013-12-11",1710,"017482",,"2","9","0","2",,"1","053","-","N",,0,0,,,0,,,,"Y",2,"A","-",21801,"A","N","A","H","-","B","D","0","Y","D","22",0,0,1,0,0,0,0,0,0,"-","-","UNINCORPORATED","SACRAMENTO","CA",0,0
"6337950",-121.3830729,38.6103281,2013,"3400","4","5","4","03",0,2,"A",,,,,,2100,12,"C","C","A","WATT AV","EL CAMINO AV",50,"S","N","2014-05-21",9250,"2013-12-20",1805,"18560",,"2","9","0","2",,"1","045","-","N",,0,0,,,0,,,,"N",3,"A","-",22350,,"N","A","H","-","C","A","0","Y","A","01",0,0,2,0,0,0,0,0,0,"-","-","UNINCORPORATED","SACRAMENTO","CA",0,0
"6337948",-121.3756203,38.6612953,2013,"3400","4","4","4","21",0,1,"A",,,,,,2100,12,"H","C","A","MADISON AV","AIRBASE DR",295,"E","N","2014-05-28",9250,"2013-12-05",1901,"015866",,"2","9","0","2",,"1","016","-","N",,0,0,,,0,,,,"N",2,"A","-",22106,,"N","A","H","-","C","D","0","Y","A","01",0,0,1,0,0,0,0,0,0,"-","-","UNINCORPORATED","SACRAMENTO","CA",0,0
"6337946",-121.4569032,38.6841199,2013,"3400","4","5","4","03",0,1,"A",,,,,,2100,12,"C","C","A","RIO LINDA BL","ELKHORN BL",60,"N","N","2014-05-21",9250,"2013-12-13",1830,"17999",,"2","9","0","2",,"1","061","-","N",,0,0,,,0,,,,"N",2,"A","-",22350,,"F","A","H","-","C","A","0","Y","D","22",0,0,1,0,0,0,0,0,0,"-","-","UNINCORPORATED","SACRAMENTO","CA",0,0
"6337945",-121.3643285,38.6175659,2013,"3400","4","2","4","03",0,2,"A",,,,,,1500,12,"C","C","A","MARCONI AV","EASTERN AV",50,"E","N","2014-05-21",9250,"2013-12-31",1435,"15869",,"2","9","0","2",,"1","052","-","N",,0,0,,,0,,,,"N",3,"A","-",22350,,"N","A","H","-","A","A","0","Y","A","01",0,0,2,0,0,0,0,0,0,"-","-","UNINCORPORATED","SACRAMENTO","CA",0,0
"6337944",-121.3808552,38.6631427,2013,"3400","5","3","4","03",0,1,"A",,,,"Y",,900,12,"C","C","A","AIRBASE DR","WATT AV",611,"E","N","2014-05-19",9250,"2013-12-11",601,"15518",,"1","9","0","3",,"2","010","-","N",,0,0,,,0,,,,"Y",2,"A","-",22350,,"N","A","H","-","C","D","0","Y","D","22",0,0,1,0,0,0,0,0,0,"-","-","UNINCORPORATED","SACRAMENTO","CA",0,0
"6337943",-121.3830632,38.5698006,2013,"3400","4","3","4","03",0,1,"A",,,,,,1800,12,"C","C","A","WATT AV","AMERICAN RIVER DR",100,"S","N","2014-05-21",9250,"2013-12-11",1545,"17818",,"2","9","0","2",,"1","045","-","N",,0,0,,,0,,,,"N",2,"A","-",22350,,"N","A","H","-","A","D","0","Y","D","22",0,0,1,0,0,0,0,0,0,"-","-","UNINCORPORATED","SACRAMENTO","CA",0,0
"6337940",-121.487408,38.7143694,2013,"3400","4","3","4","08",0,1,"A",,,,,,600,12,"E","I","A","ELVERTA RD","LEVEE RD",50,"E","N","2014-05-21",9250,"2013-12-11",310,"18126",,"3","9","0","2",,"1","062","-","N",,0,0,,,0,,,,"Y",1,"A","-",22107,,"N","A","H","-","D","A","0","Y","D","22",0,0,1,0,0,0,0,0,0,"-","-","UNINCORPORATED","SACRAMENTO","CA",0,0
"6337938",-121.4805003,38.6852435,2013,"3400","4","1","3","01",0,1,"A",,,,,"Y",300,12,"E","I","A","ELKHORN BL","BLACKTOP RD",155,"E","N","2014-05-21",9250,"2013-12-30",1,"18816",,"3","9","0","2",,"1","064","-","N",,0,0,,,0,,,,"Y",1,"A","-",23152,"A","N","A","H","-","C","D","0","Y","D","22",0,1,0,0,0,0,0,0,0,"-","-","UNINCORPORATED","SACRAMENTO","CA",0,0
"6337934",-121.3448345,38.5965259,2013,"3400","4","5","4","03",0,3,"A",,,,,,1500,12,"C","C","A","FAIR OAKS BL","WALNUT AV",40,"E","N","2014-05-21",9250,"2013-12-20",1230,"14845",,"1","9","0","2",,"1","053","-","N",,0,0,,,0,,,,"Y",4,"A","-",22350,,"F","A","H","-","A","D","0","Y","A","01",0,0,3,0,0,0,0,0,0,"-","-","UNINCORPORATED","SACRAMENTO","CA",0,0
"6337932",-121.3535072,38.7037587,2013,"3400","4","4","4","03",0,1,"A",,,,,,1800,12,"C","C","A","ANTELOPE RD","ESTEEM DR",230,"E","N","2014-05-21",9250,"2013-12-12",1745,"17796",,"2","9","0","2",,"1","012","-","N",,0,0,,,0,,,,"Y",4,"A","-",22350,,"M","A","H","-","C","D","0","Y","A","07",0,0,1,0,0,0,0,0,0,"-","-","UNINCORPORATED","SACRAMENTO","CA",0,0
"6337931",-121.3065131,38.7104251,2013,"3496","1","1","4","21",0,1,"A",,,,,,1500,12,"C","C","A","RT 80","ANTELOPE RD",10,"N","N","2014-05-21",9250,"2013-12-30",1425,"12602",,"2","5","0","1",,"2","183","-","Y","SAC",3,80,"-","-",16.863,"R","1","W","N",2,"A","-",22106,,"N","A","H","-","A","A","1","Y","D","22",0,0,1,0,0,0,0,0,0,"TO","-","CITRUS HEIGHTS","SACRAMENTO","CA",0,0
"6337922",-121.4107032,38.5816563,2013,"3400","5","3","4","03",0,1,"A",,,,,,2400,12,"C","C","A","BELL ST","NORTHROP AV",15,"N","N","2014-05-21",9250,"2013-12-25",2245,"14532",,"3","9","0","3",,"2","040","-","N",,0,0,,,0,,,,"Y",2,"A","-",22350,,"N","A","H","-","C","A","0","Y","A","01",0,0,1,0,0,0,0,0,0,"-","-","UNINCORPORATED","SACRAMENTO","CA",0,0
"6337921",-121.3282507,38.6312434,2013,"3400","4","6","4","07",0,1,"A",,,,,,1500,12,"C","C","A","FAIR OAKS BL","ENGLE RD",150,"S","N","2014-07-25",9250,"2013-12-28",1230,"17752",,"1","9","0","2",,"1","053","-","N",,0,0,,,0,,,,"Y",3,"A","-",21658,"A","N","A","H","-","A","D","0","Y","D","22",0,0,1,0,0,0,0,0,0,"-","-","UNINCORPORATED","SACRAMENTO","CA",0,0
"6337912",-121.3673592,38.6541173,2013,"3400","1","5","3","07",0,1,"A",,,"Y",,,1800,12,"C","C","A","RT 80","MADISON AV",2800,"W","N","2014-05-21",9250,"2013-12-13",1625,"15369",,"2","9","0","1",,"2","184","-","Y","SAC",3,80,"-","-",11.95,"H","-","E","Y",2,"A","-",21658,"A","N","A","H","-","A","D","1","Y","C","02",0,1,0,0,0,0,0,0,1,"-","-","UNINCORPORATED","SACRAMENTO","CA",0,0
"6337900",-121.5812986,38.6710763,2013,"3404","1","1","4","03",0,1,"A",,,,,,1800,12,"C","C","A","RT 5","POWER LINE RD",1500,"N","N","2014-05-28",9250,"2013-12-23",1550,"0411",,"2","7","0","1",,"2","106","-","Y","SAC",3,5,"-","-",32.23,"H","-","S","Y",3,"A","-",22350,,"N","A","H","-","A","D","1","Y","A","01",0,0,1,0,0,0,0,0,0,"-","-","SACRAMENTO","SACRAMENTO","CA",0,0
"6337892",-121.5896827,38.6711051,2013,"3404","1","2","3","03",0,1,"A",,,,,,1800,12,"C","C","A","RT 5","AIRPORT BL",200,"S","N","2014-05-28",9250,"2013-12-10",1720,"17306",,"2","7","0","1",,"2","106","-","Y","SAC",3,5,"-","-",32.71,"H","-","S","Y",2,"A","-",22350,,"N","A","H","-","D","D","1","Y","A","01",0,1,0,0,0,0,0,0,0,"-","-","SACRAMENTO","SACRAMENTO","CA",0,0
"6337888",-121.3078609,38.7088002,2013,"3496","1","5","4","07",0,1,"A",,,,,,1500,12,"C","C","A","RT 80","ANTELOPE RD",150,"E","N","2014-05-28",9250,"2013-12-13",1415,"017425",,"2","5","0","1",,"2","184","-","Y","SAC",3,80,"-","-",16.72,"H","-","E","Y",4,"A","-",21658,"A","N","A","H","-","A","D","1","Y","-","99",0,0,1,0,0,0,0,0,0,"-","-","CITRUS HEIGHTS","SACRAMENTO","CA",0,0
"6337860",-121.5187085,38.6243599,2013,"3400","1","4","4","07",0,1,"A",,,,"Y",,900,12,"C","C","A","RT 80","RT 5",10,"E","N","2014-05-19",9250,"2013-12-12",703,"18014",,"1","9","0","1",,"2","181","-","Y","SAC",3,80,"-","M",2.55,"H","-","W","Y",2,"A","-",21658,"A","N","A","H","-","A","A","1","Y","F","26",0,0,1,0,0,0,0,0,0,"-","-","UNINCORPORATED","SACRAMENTO","CA",0,0
"6336049",-121.4306132,38.6383151,2013,"3404","0","2","3","09",0,2,"A",,,,,"Y",1800,12,"D","C","A","HARRIS AV","BALSAM ST",0,,"Y","2014-06-17",3404,"2013-12-31",1548,"492",,"5","7","0","0",,"0","02A","-","N",,0,0,,,0,,,,,2,"A","-",21804,"A","F","A","H","-","A","A","0","Y","A","07",0,1,1,0,0,0,0,0,0,"-","-","SACRAMENTO","SACRAMENTO","CA",0,0
"6336045",-121.4460746,38.4574813,2013,"3404","0","5","3","08",0,2,"A",,,,,,300,12,"E","I","A","FRANKLIN BL","IDAHO DR",75,"S","N","2014-05-13",3404,"2013-12-27",154,"475","5C","5","7","0","0",,"0",,"-","N",,0,0,,,0,,,,"Y",1,"A","-",22107,,"N","A","H","-","C","D","0","Y","A","01",0,1,1,0,0,0,0,0,0,"-","-","SACRAMENTO","SACRAMENTO","CA",0,0
"6335669",-121.281486,38.6782585,2013,"3496","0","2","4","03",0,2,"A",,,,,,1500,12,"C","C","A","GREENBACK LN","PATTERSON LN",38,"W","N","2014-05-14",3496,"2013-12-31",1324,"208","SACRA","5","5","0","0",,"0","003","-","N",,0,0,,,0,,,,"N",3,"A","-",22350,,"N","A","H","-","A","A","0","Y","A","01",0,0,2,0,0,0,0,0,0,"-","-","CITRUS HEIGHTS","SACRAMENTO","CA",0,0
"6335637",-121.2982125,38.6782866,2013,"3496","0","1","4","03",0,3,"A",,,,,,1200,12,"C","C","A","GREENBACK LN","FOUNTAIN SQUARE DR",43,"E","N","2014-05-14",3496,"2013-12-30",1123,"145",,"5","5","0","0",,"0","003","-","N",,0,0,,,0,,,,"N",2,"A","-",22350,,"N","A","H","-","A","A","0","Y","A","07",0,0,3,0,0,0,0,0,0,"-","-","CITRUS HEIGHTS","SACRAMENTO","CA",0,0
"6335633",-121.3227755,38.6775672,2013,"3496","0","3","3","03",0,1,"A",,,"Y",,,1200,12,"D","C","A","AUBURN BL","DESIMONE LN",196,"S","N","2014-05-14",3496,"2013-12-18",1035,"134",,"5","5","0","0",,"0",,"-","N",,0,0,,,0,,,,"N",2,"A","-",22350,,"N","A","H","-","A","D","0","Y","C","02",0,1,0,0,0,0,0,0,1,"-","-","CITRUS HEIGHTS","SACRAMENTO","CA",0,0
"6335617",-121.2719392,38.7038677,2013,"3496","0","2","4","03",0,1,"A",,,,,,1200,12,"C","C","A","SUNRISE BL","OLD AUBURN RD",41,"N","N","2014-05-13",3496,"2013-12-17",1011,"266","3496","5","5","0","0",,"0","002","-","N",,0,0,,,0,,,,"Y",2,"A","-",22350,,"N","A","H","-","A","A","0","Y","A","08",0,0,1,0,0,0,0,0,0,"-","-","CITRUS HEIGHTS","SACRAMENTO","CA",0,0
"6335613",-121.3065131,38.7104251,2013,"3496","0","4","3","03",0,2,"A",,,,,,1800,12,"C","C","A","ANTELOPE RD","RT 80",50,"W","N","2014-05-13",3496,"2013-12-05",1716,"347",,"5","5","0","0",,"0","001","-","Y","SAC",3,80,"-","-",16.863,"R","4","W","N",3,"A","-",22350,,"N","A","H","-","C","A","0","Y","A","01",0,1,1,0,0,0,0,0,0,"-","WF","CITRUS HEIGHTS","SACRAMENTO","CA",0,0
"6335609",0,0,2013,"3496","0","4","4","12",0,1,"A",,,,,,1500,12,"D","C","A","SUNRISE BL","BIRDCAGE CENTER DR",0,,"Y","2014-05-14",3496,"2013-12-19",1340,"217",,"5","5","0","0",,"0",,"G","N",,0,0,,,0,,,,"N",2,"A","-",21453,"A","N","A","H","-","A","A","0","Y","A","01",0,0,1,0,0,0,0,0,0,"-","-","CITRUS HEIGHTS","SACRAMENTO","CA",0,0
"6335605",-121.2807127,38.6782688,2013,"3496","0","4","4","03",0,1,"A",,,,,,1800,12,"C","C","A","GREENBACK LN","PATTERSON LN",183,"E","N","2014-05-14",3496,"2013-12-19",1608,"264","3496","5","5","0","0",,"0","002","-","N",,0,0,,,0,,,,"N",3,"A","-",22350,,"N","A","H","-","A","D","0","Y","A","07",0,0,1,0,0,0,0,0,0,"-","-","CITRUS HEIGHTS","SACRAMENTO","CA",0,0
"6335601",-121.2923424,38.6683865,2013,"3496","0","4","4","03",0,3,"A",,,,,,1800,12,"C","C","A","SAN JUAN AV","SPICER DR",513,"S","N","2014-05-14",3496,"2013-12-26",1650,"319",,"5","5","0","0",,"0",,"-","N",,0,0,,,0,,,,"Y",2,"A","-",22350,,"N","A","H","-","B","D","0","Y","A","01",0,0,3,0,0,0,0,0,0,"-","-","CITRUS HEIGHTS","SACRAMENTO","CA",0,0