"CASEID","POINT_X","POINT_Y","YEAR_","LOCATION","CHPTYPE","DAYWEEK","CRASHSEV","VIOLCAT","KILLED","INJURED","WEATHER1","PEDCOL","BICCOL","MCCOL","TRUCKCOL","ETOH","TIMECAT","MONTH_","CRASHTYP","INVOLVE","PED","PRIMARYRD","SECONDRD","DISTANCE","DIRECT","INTERSECT_","PROCDATE","JURIS","DATE_","TIME_","BADGE","JURIDIST","SHIFT","POP","SPECIAL","BEATTYPE","LAPDDIV","BEATCLAS","BEATNUMB","WEATHER2","STATEHW","CALTRANC","CALTRAND","STROUTE","ROUTESUF","POSTPRE","POSTMILE","LOCATYPE","RAMP","SIDEHW","TOWAWAY","PARTIES","PCF","VIOLCODE","VIOL","VIOLSUB","HITRUN","ROADSURF","RDCOND1","RDCOND2","LIGHTING","RIGHTWAY","CHPRDTYP","NOTPRIV","STFAULT","CHPFAULT","SEVINJ","OTHERINJ","COP","PEDKILL","PEDINJ","BICKILL","BICINJ","MCKILL","MCINJURE","RAMP1","RAMP2","CITY","COUNTY","STATE","X_CHP","Y_CHP"
"6335573",-121.4300931,38.4165376,2013,"3450","0","5","3","10",0,1,"A","Y",,,,,2100,12,"G","B","B","FOULKS RANCH","FOREST VISTA",10,"S","N","2014-05-13",340,"2013-12-27",1854,"10462","2307","5","5","0","0",,"0","002","-","N",,0,0,,,0,,,,"N",2,"A","-",21950,"A","F","A","H","-","D","A","0","Y","A","01",0,1,0,0,1,0,0,0,0,"-","-","ELK GROVE","SACRAMENTO","CA",0,0
"6335569",-121.3920296,38.4091124,2013,"3450","0","6","4","03",0,2,"A",,,,,,2100,12,"C","C","A","ELK GROVE BL","AUTO CENTER DR",150,"E","N","2014-05-13",340,"2013-12-28",1817,"10465","4203","5","5","0","0",,"0","004","-","N",,0,0,,,0,,,,,2,"A","-",22350,,"N","A","H","-","C","D","0","Y","A","01",0,0,2,0,0,0,0,0,0,"-","-","ELK GROVE","SACRAMENTO","CA",0,0
"6335565",-121.4175972,38.4331301,2013,"3450","0","5","4","03",0,6,"A",,,,,,1800,12,"C","D","A","BRUCEVILLE RD","BIG HORN BL",964,"N","N","2014-05-15",340,"2013-12-27",1754,"10064","2202","5","5","0","0",,"0","002","-","N",,0,0,,,0,,,,"Y",4,"A","-",22350,,"N","A","H","-","C","D","0","Y","A","01",0,0,6,0,0,0,0,0,0,"-","-","ELK GROVE","SACRAMENTO","CA",0,0
"6335561",-121.387671,38.4235051,2013,"3450","0","6","4","03",0,1,"A",,,,,,1800,12,"C","C","A","BOND RD","ELK CREST DR",35,"E","N","2014-05-13",340,"2013-12-28",1625,"10054","5101","5","5","0","0",,"0","005","-","N",,0,0,,,0,,,,"N",2,"A","-",22350,,"N","A","H","-","A","A","0","Y","A","01",0,0,1,0,0,0,0,0,0,"-","-","ELK GROVE","SACRAMENTO","CA",0,0
"6333143",-121.3419684,38.5308936,2013,"3400","3","1","3","03",0,5,"A",,,,,,1800,11,"C","C","A","RT 16","BRADSHAW RD",2112,"W","N","2014-05-12",9260,"2013-11-18",1715,"15944",,"2","9","0","1",,"2","116","-","Y","SAC",3,16,"-","-",5.82,"H","-","E","Y",5,"A","-",22350,,"N","A","H","-","C","A","0","Y","A","07",0,1,4,0,0,0,0,0,0,"-","-","UNINCORPORATED","SACRAMENTO","CA",0,0
"6333123",-121.2124737,38.6304616,2013,"3400","4","6","4","08",0,1,"A",,,,,,2100,11,"E","I","A","FOLSOM BL","HAZEL AV",1056,"E","N","2014-05-12",9260,"2013-11-16",1900,"18713",,"2","9","0","2",,"2","103","-","N",,0,0,,,0,,,,"Y",1,"A","-",22107,,"N","A","H","-","C","D","0","Y","A","01",0,0,1,0,0,0,0,0,0,"-","-","UNINCORPORATED","SACRAMENTO","CA",-121.12446,38.37488
"6332874",-121.327976,38.6406135,2013,"3400","4","4","4","03",0,2,"A",,,,,,2100,12,"C","C","A","MANZANITA AV","LINCOLN AV",25,"N","N","2014-05-20",9250,"2013-12-12",1955,"017752",,"2","9","0","2",,"1","053","-","N",,0,0,,,0,,,,"N",2,"A","-",22350,,"N","A","H","-","A","A","0","Y","A","07",0,0,2,0,0,0,0,0,0,"-","-","UNINCORPORATED","SACRAMENTO","CA",0,0
"6332870",-121.314893,38.668085,2013,"3400","5","1","3","11",0,1,"A","Y",,,,,900,12,"G","B","B","COYLE AV","MILBURN ST",0,,"Y","2014-05-20",9250,"2013-12-09",700,"012470",,"1","9","0","3",,"2","020","-","N",,0,0,,,0,,,,"N",2,"A","-",21950,"B","N","A","H","-","A","D","0","Y","N","60",0,1,0,0,1,0,0,0,0,"-","-","UNINCORPORATED","SACRAMENTO","CA",0,0
"6332799",-121.354241,38.6814605,2013,"3400","5","5","4","08",0,1,"B",,,,,,2400,12,"E","I","A","LONGFELLOW WY","OAKHOLLOW DR",30,"W","N","2014-05-19",9250,"2013-12-06",2330,"017862",,"3","9","0","3",,"2","010","-","N",,0,0,,,0,,,,"Y",1,"A","-",22107,,"N","B","H","-","C","D","0","Y","A","07",0,0,1,0,0,0,0,0,0,"-","-","UNINCORPORATED","SACRAMENTO","CA",0,0
"6332795",0,0,2013,"3400","5","6","4","01",0,1,"A",,,,,"Y",300,12,"E","I","A","PASADENA WY","PASADENA AV",100,"N","N","2014-05-19",9250,"2013-12-14",150,"018656",,"3","9","0","3",,"2","040","-","N",,0,0,,,0,,,,"N",1,"A","-",23152,"A","N","A","H","-","C","D","0","Y","A","01",0,0,1,0,0,0,0,0,0,"-","-","UNINCORPORATED","SACRAMENTO","CA",0,0
"6332791",-121.5396419,38.6272502,2013,"3400","5","5","4","01",0,2,"A",,,,,"Y",1800,12,"D","C","A","EL CENTRO RD","SAN JUAN RD",20,"S","N","2014-05-19",9250,"2013-12-13",1538,"14810",,"2","9","0","3",,"2","090","-","N",,0,0,,,0,,,,"Y",2,"A","-",23152,"A","N","A","H","-","A","A","0","Y","A","01",0,0,2,0,0,0,0,0,0,"-","-","UNINCORPORATED","SACRAMENTO","CA",0,0
"6332787",-121.4154163,38.5976182,2013,"3400","4","1","4","03",0,1,"B",,,,,,1500,12,"C","C","A","HOWE AV","ARDEN WY",500,"N","N","2014-05-19",9250,"2013-12-02",1225,"016225",,"1","9","0","2",,"1","041","-","N",,0,0,,,0,,,,"N",3,"A","-",22350,,"N","A","H","-","A","D","0","Y","A","08",0,0,1,0,0,0,0,0,0,"-","-","UNINCORPORATED","SACRAMENTO","CA",0,0
"6332783",-121.3874455,38.7003512,2013,"3400","5","5","4","05",0,1,"B",,"Y",,,,2400,12,"H","G","A","34TH ST","Q ST",1000,"N","N","2014-05-19",9250,"2013-12-06",2140,"018115",,"2","9","0","3",,"2","060","C","N",,0,0,,,0,,,,"N",2,"A","-",21650,,"F","B","H","-","D","D","0","Y","A","07",0,0,1,0,0,0,1,0,0,"-","-","UNINCORPORATED","SACRAMENTO","CA",0,0
"6332780",-121.5154949,38.6260351,2013,"3400","1","4","4","07",0,1,"A",,,,,,1800,12,"B","C","A","RT 80","RT 5",300,"E","N","2014-05-19",9250,"2013-12-05",1550,"17306",,"2","9","0","1",,"2","181","-","Y","SAC",3,80,"-","M",2.693,"R","2","W","N",2,"A","-",21658,"A","N","A","H","-","A","D","1","Y","A","01",0,0,1,0,0,0,0,0,0,"-","-","UNINCORPORATED","SACRAMENTO","CA",0,0
"6332779",-121.4017323,38.5887363,2013,"3400","5","6","4","03",0,1,"B",,,,,,1200,12,"C","C","A","HURLEY WY","FULTON AV",80,"W","N","2014-05-19",9250,"2013-12-07",925,"014344",,"1","9","0","3",,"2","040","-","N",,0,0,,,0,,,,"N",2,"A","-",22350,,"N","A","H","-","A","D","0","Y","A","01",0,0,1,0,0,0,0,0,0,"-","-","UNINCORPORATED","SACRAMENTO","CA",0,0
"6332776",-121.5201484,38.632011,2013,"3404","1","7","4","01",0,2,"A",,,,,"Y",2400,12,"C","C","A","RT 5","RT 80",600,"N","N","2014-05-19",9250,"2013-12-15",2115,"017862",,"2","7","0","1",,"2","105","-","Y","SAC",3,5,"-","-",27.22,"H","-","N","Y",2,"A","-",23152,"A","F","A","H","-","C","D","1","Y","A","01",0,0,2,0,0,0,0,0,0,"-","-","SACRAMENTO","SACRAMENTO","CA",0,0
"6332775",-121.4016051,38.5960271,2013,"3400","4","6","3","03",0,2,"B",,,,,,1500,12,"C","C","A","ARDEN WY","FULTON AV",38,"W","N","2014-05-19",9250,"2013-12-07",1405,"018461",,"2","9","0","2",,"1","046","-","N",,0,0,,,0,,,,"N",2,"A","-",22350,,"N","A","H","-","A","D","0","Y","A","01",0,1,1,0,0,0,0,0,0,"-","-","UNINCORPORATED","SACRAMENTO","CA",0,0
"6332773",-121.4771358,38.408971,2013,"3450","0","1","3","05",0,1,"A",,"Y",,,,900,12,"D","G","A","HARBOUR POINT DR","ELK GROVE BL",200,"N","N","2014-05-19",340,"2013-12-02",811,"10298","1301","5","5","0","0",,"0","001","-","Y",,0,0,,,0,,,,"N",2,"A","-",21202,,"N","A","H","-","A","D","0","Y","L","04",0,1,0,0,0,0,1,0,0,"-","-","ELK GROVE","SACRAMENTO","CA",0,0
"6332772",-121.4243799,38.641027,2013,"3404","1","7","4","03",0,2,"A",,,,,,2400,12,"C","C","A","RT 80","RALEY BL",1020,"E","N","2014-05-19",9250,"2013-12-08",2256,"018115",,"3","7","0","1",,"2","182","-","Y","SAC",3,80,"-","M",7.82,"H","-","E","Y",3,"A","-",22350,,"N","B","B","-","D","D","1","Y","A","01",0,0,2,0,0,0,0,0,0,"-","-","SACRAMENTO","SACRAMENTO","CA",0,0
"6332771",-121.4171033,38.6108554,2013,"3400","4","6","3","09",0,1,"B",,"Y",,,,1800,12,"H","G","A","EL CAMINO AV","DARWIN ST",160,"E","N","2014-05-19",9250,"2013-12-07",1530,"018461",,"2","9","0","2",,"1","044","-","N",,0,0,,,0,,,,"N",2,"A","-",21804,"A","F","A","H","-","A","D","0","Y","A","01",0,1,0,0,0,0,1,0,0,"-","-","UNINCORPORATED","SACRAMENTO","CA",0,0
"6332769",-121.4490776,38.4159688,2013,"3450","0","4","4","03",0,1,"A",,,,,,2100,12,"C","C","A","FRANKLIN BL","ELLIOT RANCH RD",5,"S","N","2014-05-19",340,"2013-12-05",1820,"10464","2306","5","5","0","0",,"0","002","-","N",,0,0,,,0,,,,"Y",3,"A","-",22350,,"N","A","H","-","C","D","0","Y","A","01",0,0,1,0,0,0,0,0,0,"-","-","ELK GROVE","SACRAMENTO","CA",0,0
"6332768",-121.4243799,38.641027,2013,"3404","1","7","4","03",0,1,"A",,,,,,2400,12,"E","I","A","RT 80","RALEY BL",1000,"E","N","2014-05-19",9250,"2013-12-08",2254,"018115",,"3","7","0","1",,"2","182","-","Y","SAC",3,80,"-","M",7.82,"H","-","E","Y",1,"A","-",22350,,"N","B","B","-","D","D","1","Y","A","01",0,0,1,0,0,0,0,0,0,"-","-","SACRAMENTO","SACRAMENTO","CA",0,0
"6332767",-121.4012752,38.6271243,2013,"3400","5","6","3","01",0,1,"B",,,,,"Y",2100,12,"C","C","A","EDISON AV","FULTON AV",50,"E","N","2014-05-19",9250,"2013-12-07",1805,"018461",,"2","9","0","3",,"2","040","-","N",,0,0,,,0,,,,"Y",2,"A","-",23152,"A","F","A","H","-","C","D","0","Y","A","01",0,1,0,0,0,0,0,0,0,"-","-","UNINCORPORATED","SACRAMENTO","CA",0,0
"6332765",-121.472241,38.4050221,2013,"3450","0","4","3","01",0,1,"A",,,,,"Y",300,12,"E","I","A","ELK GROVE BL","STONELAKE CLUB DR",300,"W","N","2014-05-19",340,"2013-12-19",41,"10257","1301","5","5","0","0",,"0","001","-","N",,0,0,,,0,,,,"Y",1,"A","-",23152,"A","N","A","H","-","C","A","0","Y","A","01",0,1,0,0,0,0,0,0,0,"-","-","ELK GROVE","SACRAMENTO","CA",0,0
"6332763",-121.2744765,38.6392912,2013,"3400","4","5","4","03",0,2,"C",,,,,,1800,12,"C","C","A","FAIR OAKS BL","PENNSYLVANIA AV",327,"W","N","2014-05-19",9250,"2013-12-06",1750,"018461",,"2","9","0","2",,"1","053","-","N",,0,0,,,0,,,,"Y",3,"A","-",22350,,"N","B","H","-","C","D","0","Y","A","01",0,0,2,0,0,0,0,0,0,"-","-","UNINCORPORATED","SACRAMENTO","CA",0,0
"6332761",0,0,2013,"3450","0","5","4","01",0,1,"A",,,,,,1800,12,"E","I","A","SHELDON RD","POWER INN RD",0,,"Y","2014-05-19",340,"2013-12-13",1709,"10038","3401","5","5","0","0",,"0","003","-","N",,0,0,,,0,,,,"Y",1,"A","-",23152,"A","N","A","H","-","C","A","0","Y","A","01",0,0,1,0,0,0,0,0,0,"-","-","ELK GROVE","SACRAMENTO","CA",0,0
"6332760",-121.3853106,38.6068455,2013,"3400","5","5","3","03",0,1,"C","Y",,,,,1800,12,"G","B","C","BUTANO DR","PARK TOWNE CIR",5,"W","N","2014-05-19",9250,"2013-12-06",1728,"18735",,"2","9","0","3",,"2","040","-","N",,0,0,,,0,,,,"N",2,"A","-",22350,,"F","B","H","-","C","D","0","Y","-","99",0,1,0,0,1,0,0,0,0,"-","-","UNINCORPORATED","SACRAMENTO","CA",0,0
"6332759",-121.3983727,38.5959619,2013,"3400","4","5","4","04",0,2,"C",,,,,,1800,12,"C","C","A","ARDEN WY","HILLDALE RD",240,"W","N","2014-05-19",9250,"2013-12-06",1735,"18735",,"2","9","0","2",,"1","046","-","N",,0,0,,,0,,,,"Y",2,"A","-",21703,,"N","B","H","-","C","D","0","Y","A","01",0,0,2,0,0,0,0,0,0,"-","-","UNINCORPORATED","SACRAMENTO","CA",0,0
"6332757",0,0,2013,"3450","0","5","3","21",0,1,"A","Y",,,,,2400,12,"G","B","D","BRUCEVILLE RD","WHITELOCK PKWY",134,"W","N","2014-06-13",340,"2013-12-20",2122,"10463","4302","5","5","0","0",,"0","004","-","N",,0,0,,,0,,,,"N",2,"A","-",22106,,"N","A","H","-","C","D","0","Y","A","01",0,1,0,0,1,0,0,0,0,"-","-","ELK GROVE","SACRAMENTO","CA",0,0
"6332756",-121.401443,38.6093951,2013,"3404","4","5","4","09",0,1,"C",,,,,,2100,12,"D","C","A","FULTON AV","LOMA VISTA DR",0,,"Y","2014-05-19",9250,"2013-12-06",1817,"18735",,"2","7","0","2",,"1","043","-","N",,0,0,,,0,,,,"N",2,"A","-",21802,"A","N","B","H","-","C","A","0","Y","A","01",0,0,1,0,0,0,0,0,0,"-","-","SACRAMENTO","SACRAMENTO","CA",-121.4014,38.60924
"6332755",-121.3280578,38.636667,2013,"3400","4","5","4","05",0,1,"B",,"Y",,,,1500,12,"H","J","A","FAIR OAKS BL","MANZANITA AV",94,"S","N","2014-05-19",9250,"2013-12-06",1320,"018461",,"1","9","0","2",,"1","053","-","N",,0,0,,,0,,,,"N",2,"A","-",21650,"1","N","A","H","-","A","D","0","Y","L","04",0,0,1,0,0,0,1,0,0,"-","-","UNINCORPORATED","SACRAMENTO","CA",0,0
"6332752",-121.3394152,38.6848351,2013,"3400","4","5","4","03",0,1,"B",,,,,,2100,12,"C","C","A","ELKHORN BL","DIABLO DR",40,"E","N","2014-05-19",9250,"2013-12-06",1935,"015369",,"2","9","0","2",,"1","014","C","N",,0,0,,,0,,,,"N",2,"A","-",22350,,"N","B","G","-","C","D","0","Y","A","07",0,0,1,0,0,0,0,0,0,"-","-","UNINCORPORATED","SACRAMENTO","CA",0,0
"6332751",-121.4049787,38.6256974,2013,"3400","5","5","4","21",0,1,"A",,,,,,900,12,"B","C","A","EDISON AV","HORSESHOE DR",200,"E","N","2014-05-19",9250,"2013-12-06",745,"014344",,"1","9","0","3",,"2","040","-","N",,0,0,,,0,,,,"N",2,"A","-",22106,,"N","A","H","-","A","D","0","Y","A","01",0,0,1,0,0,0,0,0,0,"-","-","UNINCORPORATED","SACRAMENTO","CA",0,0
"6332748",-121.3617906,38.5955451,2013,"3400","4","7","4","09",0,1,"A",,,,,,1500,12,"D","C","A","ARDEN WY","STEWART RD",5,"W","N","2014-05-19",9250,"2013-12-01",1410,"017752",,"2","9","0","2",,"1","056","-","N",,0,0,,,0,,,,"Y",2,"A","-",21802,"A","N","A","H","-","A","A","0","Y","A","01",0,0,1,0,0,0,0,0,0,"-","-","UNINCORPORATED","SACRAMENTO","CA",0,0
"6332744",-121.3831074,38.5726821,2013,"3400","4","2","4","03",0,1,"B",,,,,,1800,12,"C","C","A","WATT AV","FAIR OAKS BL",500,"S","N","2014-05-19",9250,"2013-12-03",1620,"016225",,"2","9","0","2",,"1","045","-","N",,0,0,,,0,,,,"N",2,"A","-",22350,,"N","A","H","-","A","D","0","Y","A","01",0,0,1,0,0,0,0,0,0,"-","-","UNINCORPORATED","SACRAMENTO","CA",0,0
"6332736",-121.2734738,38.6480719,2013,"3400","5","3","3","08",0,1,"A","Y",,,,,1500,12,"G","B","E","PENNSYLVANIA AV","ORANGE AV",215,"N","N","2014-05-19",9250,"2013-12-04",1215,"012470",,"1","9","0","3",,"2","020","-","N",,0,0,,,0,,,,"N",2,"A","-",22107,,"N","A","E","-","A","D","0","Y","A","01",0,1,0,0,1,0,0,0,0,"-","-","UNINCORPORATED","SACRAMENTO","CA",0,0
"6332732",-121.3394286,38.6136951,2013,"3400","5","3","4","05",0,1,"A",,"Y",,,,1800,12,"H","A","A","KENNETH AV","LARRY LN",7,"E","N","2014-05-19",9250,"2013-12-04",1740,"017482",,"2","9","0","3",,"2","050","-","N",,0,0,,,0,,,,"N",1,"A","-",21650,"1","N","A","H","-","C","D","0","Y","L","04",0,0,1,0,0,0,1,0,0,"-","-","UNINCORPORATED","SACRAMENTO","CA",0,0
"6332728",-121.4879629,38.7214806,2013,"3400","5","4","3","03",0,2,"A",,,,,,1800,12,"B","C","A","E LEVEE RD","ELVERTA RD",2640,"N","N","2014-05-19",9250,"2013-12-05",1518,"015866",,"2","9","0","3",,"2","060","-","N",,0,0,,,0,,,,"Y",2,"A","-",22350,,"N","A","H","-","A","D","0","Y","A","01",0,1,1,0,0,0,0,0,0,"-","-","UNINCORPORATED","SACRAMENTO","CA",0,0
"6332724",-121.3784424,38.6907603,2013,"3400","4","6","4","03",0,2,"B",,,,,,1800,12,"C","C","A","ELKHORN BL","CANTEL WY",150,"E","N","2014-05-19",9250,"2013-12-07",1510,"017999",,"2","9","0","2",,"1","012","C","N",,0,0,,,0,,,,"N",3,"A","-",22350,,"N","B","H","-","A","A","0","Y","A","07",0,0,2,0,0,0,0,0,0,"-","-","UNINCORPORATED","SACRAMENTO","CA",0,0
"6332717",-121.4154583,38.5857643,2013,"3400","4","3","4","03",0,1,"B",,,,,,2100,11,"C","C","A","HOWE AV","NORTHROP AV",1500,"N","N","2014-12-04",9250,"2013-11-20",2010,"16605",,"2","9","0","2",,"1","041","-","N",,0,0,,,0,,,,"N",2,"A","-",22350,,"N","B","H","-","C","D","0","Y","A","01",0,0,1,0,0,0,0,0,0,"-","-","UNINCORPORATED","SACRAMENTO","CA",-121.4153,38.5856
"6332673",-121.3745431,38.679935,2013,"3400","5","7","4","03",0,1,"A","Y",,,,,900,11,"G","B","B","DON JULIO BL","CHANNING DR",0,,"Y","2014-12-04",9250,"2013-11-24",740,"18656",,"1","9","0","3",,"2","010","-","N",,0,0,,,0,,,,"N",2,"A","-",22350,,"F","A","H","-","C","D","0","Y","-","99",0,0,1,0,1,0,0,0,0,"-","-","UNINCORPORATED","SACRAMENTO","CA",0,0
"6332661",-121.3740434,38.6757204,2013,"3400","5","1","4","08",0,1,"A",,,,,,900,11,"A","E","A","NORTH HAVEN DR","CHANNING DR",100,"W","N","2014-12-04",9250,"2013-11-18",825,"16114",,"1","9","0","3",,"2","010","-","N",,0,0,,,0,,,,"Y",2,"A","-",22107,,"N","A","H","-","A","D","0","Y","A","01",0,0,1,0,0,0,0,0,0,"-","-","UNINCORPORATED","SACRAMENTO","CA",0,0
"6332642",-121.4014732,38.5960135,2013,"3404","4","4","2","12",0,1,"A",,"Y",,,,1500,11,"H","G","A","FULTON AV","ARDEN WAY",14,"N","N","2014-12-04",9250,"2013-11-21",1340,"12813",,"1","7","0","2",,"1","046","-","N",,0,0,,,0,,,,"N",2,"A","-",21453,"A","N","A","H","-","A","A","0","Y","L","04",1,0,0,0,0,0,1,0,0,"-","-","SACRAMENTO","SACRAMENTO","CA",0,0
"6332638",-121.3830769,38.6250366,2013,"3400","4","7","3","08",0,1,"A",,,,,,2100,11,"E","I","A","WATT AV","POPE AV",25,"S","N","2014-05-10",9250,"2013-11-24",1940,"017752",,"2","9","0","2",,"1","045","-","N",,0,0,,,0,,,,"Y",2,"A","-",22107,,"N","A","H","-","C","D","0","Y","A","01",0,1,0,0,0,0,0,0,0,"-","-","UNINCORPORATED","SACRAMENTO","CA",0,0
"6332637",-121.4667327,38.7193424,2013,"3400","4","6","3","01",0,1,"A",,,,,"Y",2100,11,"F","A","A","RIO LINDA BL","ELWYN AV",500,"S","N","2014-05-10",9250,"2013-11-02",2055,"018656",,"2","9","0","2",,"1","061","-","N",,0,0,,,0,,,,"Y",1,"A","-",23152,"A","N","A","H","-","D","D","0","Y","A","07",0,1,0,0,0,0,0,0,0,"-","-","UNINCORPORATED","SACRAMENTO","CA",0,0
"6332634",-121.3606436,38.694583,2013,"3400","4","5","2","11",0,1,"A","Y",,,,,1800,11,"G","B","D","ELKHORN BL","BUTTERBALL WY",100,"W","N","2014-05-10",9250,"2013-11-22",1735,"018560",,"2","9","0","2",,"1","014","-","N",,0,0,,,0,,,,"N",3,"A","-",21954,"A","F","A","H","-","D","D","0","Y","N","60",1,0,0,0,1,0,0,0,0,"-","-","UNINCORPORATED","SACRAMENTO","CA",0,0
"6332633",-121.3219802,38.6060581,2013,"3400","5","6","3","03",0,1,"A",,,,,"Y",2400,11,"E","I","A","CALIFORNIA AV","OAK AV",6,"E","N","2014-05-10",9250,"2013-11-02",2317,"017397",,"3","9","0","3",,"2","050","-","N",,0,0,,,0,,,,"Y",3,"A","-",22350,,"M","A","H","-","D","D","0","Y","A","01",0,1,0,0,0,0,0,0,0,"-","-","UNINCORPORATED","SACRAMENTO","CA",0,0
"6332630",-121.3833782,38.6177951,2013,"3400","4","3","4","08",0,1,"A",,,,,,1800,11,"D","C","A","MARCONI AV","WATT AV",90,"W","N","2014-05-10",9250,"2013-11-13",1540,"017482",,"2","9","0","2",,"1","042","-","N",,0,0,,,0,,,,"N",2,"A","-",22100,"A","N","A","H","-","A","D","0","Y","A","01",0,0,1,0,0,0,0,0,0,"-","-","UNINCORPORATED","SACRAMENTO","CA",0,0
"6332629",-121.4667327,38.7193424,2013,"3400","4","1","3","03",0,1,"A",,,,,,600,11,"E","I","A","RIO LINDA BL","ELWYN AV",500,"S","N","2014-05-10",9250,"2013-11-04",300,"018656",,"3","9","0","2",,"1","061","-","N",,0,0,,,0,,,,"Y",1,"A","-",22350,,"N","A","H","-","D","D","0","Y","A","01",0,1,0,0,0,0,0,0,0,"-","-","UNINCORPORATED","SACRAMENTO","CA",0,0
"6332626",-121.3614408,38.6694948,2013,"3400","4","5","3","11",0,1,"A","Y",,,,,2100,11,"G","B","D","HILLSDALE BL","GREENHOLME DR",5,"N","N","2014-05-10",9250,"2013-11-15",2035,"012773",,"2","9","0","2",,"1","017","-","N",,0,0,,,0,,,,"N",2,"A","-",21954,"A","N","A","H","-","C","D","0","Y","N","60",0,1,0,0,1,0,0,0,0,"-","-","UNINCORPORATED","SACRAMENTO","CA",0,0
"6332625",-121.539674,38.6372375,2013,"3400","5","1","4","08",0,2,"A",,,,,,1800,11,"D","C","A","EL CENTRO RD","LEONA CIR",30,"N","N","2014-05-10",9250,"2013-11-04",1757,"015866",,"2","9","0","3",,"2","090","-","N",,0,0,,,0,,,,"Y",2,"A","-",22103,,"N","A","H","-","D","D","0","Y","A","01",0,0,2,0,0,0,0,0,0,"-","-","UNINCORPORATED","SACRAMENTO","CA",0,0
"6332622",-121.4153436,38.6083382,2013,"3400","4","4","3","03",0,3,"A",,,,,,1200,11,"C","C","A","HOWE AV","DELMA WY",28,"S","N","2014-05-10",9250,"2013-11-28",1024,"014344",,"1","9","0","2",,"1","041","-","N",,0,0,,,0,,,,"Y",2,"A","-",22350,,"N","A","H","-","A","A","0","Y","A","07",0,1,2,0,0,0,0,0,0,"-","-","UNINCORPORATED","SACRAMENTO","CA",0,0
"6332621",-121.3514713,38.6430782,2013,"3400","4","6","3","08",0,1,"A",,,,,,2100,11,"E","I","A","WINDING WY","WINDING RIDGE CT",100,"W","N","2014-05-10",9250,"2013-11-09",2010,"018560",,"2","9","0","2",,"1","026","-","N",,0,0,,,0,,,,"Y",1,"A","-",22107,,"N","A","H","-","D","D","0","Y","A","01",0,1,0,0,0,0,0,0,0,"-","-","UNINCORPORATED","SACRAMENTO","CA",0,0
"6332619",-121.3283522,38.6275591,2013,"3400","4","2","4","08",0,1,"B",,"Y",,,,2100,11,"H","G","A","FAIR OAKS BL","GRANT AV",800,"S","N","2014-05-10",9250,"2013-11-19",1830,"017818",,"2","9","0","2",,"1","053","C","N",,0,0,,,0,,,,"N",2,"A","-",22107,,"N","A","H","-","C","D","0","Y","-","99",0,0,1,0,0,0,1,0,0,"-","-","UNINCORPORATED","SACRAMENTO","CA",0,0
"6332618",-121.3829932,38.6680559,2013,"3400","4","4","3","21",0,3,"A",,,,,,1500,11,"C","C","A","WATT AV","A ST",200,"S","N","2014-05-10",9250,"2013-11-28",1410,"015961",,"2","9","0","2",,"1","011","-","N",,0,0,,,0,,,,"N",2,"A","-",22106,,"N","A","H","-","A","A","0","Y","A","07",0,1,2,0,0,0,0,0,0,"-","-","UNINCORPORATED","SACRAMENTO","CA",0,0
"6332617",-121.3830032,38.6706197,2013,"3400","4","4","4","12",0,1,"A",,,,,,1200,11,"D","C","A","WATT AV","NORTH HAVEN DR",100,"N","N","2014-05-10",9250,"2013-11-21",1115,"016114",,"1","9","0","2",,"1","011","-","N",,0,0,,,0,,,,"Y",2,"A","-",21453,"A","N","A","H","-","A","A","0","Y","A","01",0,0,1,0,0,0,0,0,0,"-","-","UNINCORPORATED","SACRAMENTO","CA",0,0
"6332615",-121.2717676,38.640114,2013,"3400","5","4","4","21",0,1,"A",,,,,,1500,11,"C","C","A","FAIR OAKS BL","SUNRISE BL",15,"W","N","2014-05-10",9250,"2013-11-14",1330,"017900",,"1","9","0","3",,"2","050","-","N",,0,0,,,0,,,,"N",2,"A","-",22106,,"N","A","H","-","A","D","0","Y","A","08",0,0,1,0,0,0,0,0,0,"-","-","UNINCORPORATED","SACRAMENTO","CA",0,0
"6332614",-121.3605905,38.7038643,2013,"3400","4","1","4","03",0,1,"A",,,,,,2100,11,"A","C","A","ANTELOPE RD","HEPBURN WY",315,"E","N","2014-05-10",9250,"2013-11-25",1800,"015423",,"2","9","0","2",,"1","012","-","Y",,0,0,,,0,,,,"N",2,"A","-",22350,,"N","A","H","-","C","D","0","Y","A","01",0,0,1,0,0,0,0,0,0,"-","-","UNINCORPORATED","SACRAMENTO","CA",0,0
"6332613",-121.363703,38.6976351,2013,"3400","5","4","3","12",0,2,"A",,,,,,1500,11,"D","C","A","WALERGA RD","GALBRATH DR",0,,"Y","2014-06-18",9250,"2013-11-21",1305,"016114",,"1","9","0","3",,"2","010","-","N",,0,0,,,0,,,,"Y",2,"A","-",21453,"A","N","A","H","-","A","A","0","Y","A","01",0,1,1,0,0,0,0,0,0,"-","-","UNINCORPORATED","SACRAMENTO","CA",0,0