"CASEID","POINT_X","POINT_Y","YEAR_","LOCATION","CHPTYPE","DAYWEEK","CRASHSEV","VIOLCAT","KILLED","INJURED","WEATHER1","PEDCOL","BICCOL","MCCOL","TRUCKCOL","ETOH","TIMECAT","MONTH_","CRASHTYP","INVOLVE","PED","PRIMARYRD","SECONDRD","DISTANCE","DIRECT","INTERSECT_","PROCDATE","JURIS","DATE_","TIME_","BADGE","JURIDIST","SHIFT","POP","SPECIAL","BEATTYPE","LAPDDIV","BEATCLAS","BEATNUMB","WEATHER2","STATEHW","CALTRANC","CALTRAND","STROUTE","ROUTESUF","POSTPRE","POSTMILE","LOCATYPE","RAMP","SIDEHW","TOWAWAY","PARTIES","PCF","VIOLCODE","VIOL","VIOLSUB","HITRUN","ROADSURF","RDCOND1","RDCOND2","LIGHTING","RIGHTWAY","CHPRDTYP","NOTPRIV","STFAULT","CHPFAULT","SEVINJ","OTHERINJ","COP","PEDKILL","PEDINJ","BICKILL","BICINJ","MCKILL","MCINJURE","RAMP1","RAMP2","CITY","COUNTY","STATE","X_CHP","Y_CHP"
"6313832",-121.307203,38.251915,2013,"3402","0","4","4","09",0,1,"A",,,,,,900,10,"D","D","A","C ST","3RD ST",0,,"Y","2014-11-18",3402,"2013-10-17",800,"74","41","5","3","0","0",,"0","002","-","N",,0,0,,,0,,,,"Y",2,"A","-",21802,"A","N","A","H","-","A","A","0","Y","A","07",0,0,1,0,0,0,0,0,0,"-","-","GALT","SACRAMENTO","CA",-121.29653,38.257
"6313780",0,0,2013,"3402","0","3","4","03",0,1,"A",,,,,"Y",2400,9,"C","E","A","PARK STREAM DR","JUNE CT",24,"W","N","2014-04-22",3402,"2013-09-25",2305,"178","38","5","3","0","0",,"0","003","-","N",,0,0,,,0,,,,"N",2,"A","-",22350,,"F","A","H","-","C","D","0","Y","A","01",0,0,1,0,0,0,0,0,0,"-","-","GALT","SACRAMENTO","CA",0,0
"6313776",-121.3073531,38.248475,2013,"3402","0","5","4","03",0,2,"A",,,,,,1500,9,"C","C","A","F ST","2ND ST",0,,"N","2014-04-30",3402,"2013-09-20",1443,"151","6","5","3","0","0",,"0","001","-","Y",,0,0,,,0,,,,"N",2,"A","-",22350,,"N","A","H","-","A","D","0","Y","A","01",0,0,2,0,0,0,0,0,0,"-","-","GALT","SACRAMENTO","CA",-121.37049,38.24854
"6313678",-121.3065131,38.7104251,2013,"3496","0","3","3","05",0,1,"A",,"Y",,,,1500,12,"D","G","A","ANTELOPE RD","RT 80",0,,"Y","2014-05-23",3496,"2013-12-04",1443,"134",,"5","5","0","0",,"0",,"-","Y","SAC",3,80,"-","-",16.863,"R","1","W","N",2,"A","-",21650,"1","F","A","H","-","A","A","0","Y","L","04",0,1,0,0,0,0,1,0,0,"-","-","CITRUS HEIGHTS","SACRAMENTO","CA",0,0
"6313674",-121.272214,38.6651208,2013,"3496","0","7","4","03",0,3,"A",,,,,,1500,12,"C","C","A","SUNRISE BL","MADISON AV",410,"N","N","2014-05-23",3496,"2013-12-01",1300,"288","3496","5","5","0","0",,"0","1300","-","N",,0,0,,,0,,,,"N",2,"A","-",22350,,"N","A","H","-","A","D","0","Y","A","01",0,0,3,0,0,0,0,0,0,"-","-","CITRUS HEIGHTS","SACRAMENTO","CA",0,0
"6313670",-121.3016846,38.6781442,2013,"3496","0","7","4","01",0,1,"A",,,,,"Y",1500,12,"E","I","A","GREENBACK LN","BINET DR",522,"E","N","2014-05-22",3496,"2013-12-08",1357,"222",,"5","5","0","0",,"0",,"-","N",,0,0,,,0,,,,"Y",1,"A","-",23153,"A","N","A","H","-","A","A","0","Y","A","01",0,0,1,0,0,0,0,0,0,"-","-","CITRUS HEIGHTS","SACRAMENTO","CA",0,0
"6313603",0,0,2013,"3496","0","5","4","03",0,1,"C",,,,,,2100,12,"E","I","A","OLD AUBURN BL","SYLVAN RD",129,"E","N","2014-05-22",3496,"2013-12-06",2056,"360",,"5","5","0","0",,"0","001","G","N",,0,0,,,0,,,,"N",1,"A","-",22350,,"N","B","-","-","C","D","0","Y","A","01",0,0,1,0,0,0,0,0,0,"-","-","CITRUS HEIGHTS","SACRAMENTO","CA",0,0
"6313593",-121.3997631,38.496065,2013,"3400","4","7","4","09",0,1,"A",,,,,"Y",2100,12,"D","D","A","FLORIN RD","PRITCHARD RD",0,,"Y","2014-05-21",9252,"2013-12-08",1843,"18630",,"2","9","0","2",,"2","073","-","N",,0,0,,,0,,,,"Y",2,"A","-",21801,"A","M","A","H","-","C","A","0","Y","D","22",0,0,1,0,0,0,0,0,0,"-","-","UNINCORPORATED","SACRAMENTO","CA",-121.39983,38.49852
"6313589",-121.4662142,38.5103951,2013,"3400","4","7","4","00",0,1,"A","Y",,,,,1800,12,"G","B","F","47TH ST","FRANKLIN BL",220,"E","N","2014-05-21",9252,"2013-12-22",1501,"18723",,"2","9","0","2",,"1","071","-","N",,0,0,,,0,,,,"N",2,"D","-",0,,"N","A","H","-","A","D","0","Y","-","-",0,0,1,0,1,0,0,0,0,"-","-","UNINCORPORATED","SACRAMENTO","CA",-121.46498,38.5078
"6313585",-121.4258806,38.4892887,2013,"3400","4","7","4","03",0,1,"B",,,,,,1800,12,"C","C","A","STOCKTON BL","ORANGE AV",200,"N","N","2014-05-21",9252,"2013-12-22",1720,"18782",,"2","9","0","2",,"2","073","-","N",,0,0,,,0,,,,"Y",4,"A","-",22350,,"N","A","H","-","C","D","0","Y","D","22",0,0,1,0,0,0,0,0,0,"-","-","UNINCORPORATED","SACRAMENTO","CA",-121.42585,38.48912
"6313557",-121.4160737,38.4961151,2013,"3400","4","5","4","21",0,1,"A",,,,,,1500,12,"C","C","A","FLORIN RD","BRIGGS DR",100,"E","N","2014-05-21",9252,"2013-12-20",1310,"18119",,"1","9","0","2",,"2","073","-","N",,0,0,,,0,,,,"N",2,"A","-",22106,,"M","A","H","-","A","A","0","Y","A","01",0,0,1,0,0,0,0,0,0,"-","-","UNINCORPORATED","SACRAMENTO","CA",-121.41613,38.4961
"6313553",-121.4318642,38.5019615,2013,"3400","4","5","4","09",0,2,"A",,,,,,1500,12,"D","C","A","STOCKTON BL","65TH ST",500,"N","N","2014-05-21",9252,"2013-12-20",1423,"18630",,"2","9","0","2",,"1","072","-","N",,0,0,,,0,,,,"Y",2,"A","-",21801,"A","N","A","H","-","A","D","0","Y","A","01",0,0,2,0,0,0,0,0,0,"-","-","UNINCORPORATED","SACRAMENTO","CA",-121.43204,38.50222
"6313525",-121.4528797,38.5590981,2013,"3404","2","1","4","03",0,3,"A",,,,,,1500,12,"C","C","A","RT 50","STOCKTON BL",2640,"E","N","2014-05-21",9252,"2013-12-23",1225,"14288",,"1","7","0","1",,"2","151","-","Y","SAC",3,50,"-","R",1.09,"H","-","W","N",5,"A","-",22350,,"N","A","H","-","A","D","1","Y","D","22",0,0,3,0,0,0,0,0,0,"-","-","SACRAMENTO","SACRAMENTO","CA",-121.45474,38.55965
"6313215",-121.3165731,38.6780751,2013,"3496","0","1","4","03",0,1,"A",,,,,,2100,11,"C","C","A","GREENBACK LN","BREMEN DR",0,,"Y","2014-07-09",3496,"2013-11-18",1834,"304",,"5","5","0","0",,"0","003","-","N",,0,0,,,0,,,,"N",2,"A","-",22350,,"N","A","H","-","C","A","0","Y","A","01",0,0,1,0,0,0,0,0,0,"-","-","CITRUS HEIGHTS","SACRAMENTO","CA",0,0
"6313211",-121.2903926,38.7056063,2013,"3496","0","3","4","03",0,1,"B",,,,,,900,11,"C","C","A","AUBURN BL","SYCAMORE DR",310,"N","N","2014-05-13",3496,"2013-11-20",618,"266",,"5","5","0","0",,"0","001","C","N",,0,0,,,0,,,,"N",2,"A","-",22350,,"N","B","H","-","B","D","0","Y","A","01",0,0,1,0,0,0,0,0,0,"-","-","CITRUS HEIGHTS","SACRAMENTO","CA",0,0
"6313122",-121.3238449,38.6766432,2013,"3496","0","2","4","03",0,1,"B",,,,,,1500,10,"C","C","A","AUBURN BL","SHADOW LN",122,"S","N","2014-04-29",3496,"2013-10-29",1230,"319",,"5","5","0","0",,"0",,"-","N",,0,0,,,0,,,,"N",2,"A","-",22350,,"N","A","H","-","A","D","0","Y","A","01",0,0,1,0,0,0,0,0,0,"-","-","CITRUS HEIGHTS","SACRAMENTO","CA",0,0
"6313091",-121.7313931,38.0797751,2013,"3404","3","2","4","03",0,1,"A",,,,,,1500,12,"C","C","A","RT 160","SHERMAN ISLAND LEVEE RD",56,"N","N","2014-05-22",9252,"2013-12-24",1415,"18591",,"2","7","0","1",,"1","161","-","Y","SAC",3,160,"-","L",6.97,"H","-","S","Y",5,"A","-",22350,,"N","A","H","-","A","D","0","Y","D","22",0,0,1,0,0,0,0,0,0,"-","-","SACRAMENTO","SACRAMENTO","CA",-121.70177,38.10497
"6313090",-121.4627108,38.5821048,2013,"3404","3","7","4","03",0,2,"A",,,,,,2100,12,"C","C","A","RT 51","E ST",500,"N","N","2014-05-22",9252,"2013-12-22",1838,"18648",,"2","7","0","1",,"2","193","-","Y","SAC",3,51,"-","-",1.7,"H","-","N","Y",2,"A","-",22350,,"N","A","H","-","C","D","1","Y","D","22",0,0,2,0,0,0,0,0,0,"-","-","SACRAMENTO","SACRAMENTO","CA",-121.46151,38.58227
"6313087",-121.3339039,38.3393846,2013,"3400","3","5","2","03",0,1,"A",,,,"Y",,900,12,"C","C","A","RT 99","DILLARD RD",1200,"S","N","2014-05-29",9252,"2013-12-20",830,"17522",,"1","9","0","1",,"2","191","-","Y","SAC",3,99,"-","-",7.13,"H","-","S","Y",2,"A","-",22350,,"N","A","H","-","A","D","1","Y","A","01",1,0,0,0,0,0,0,0,0,"-","-","UNINCORPORATED","SACRAMENTO","CA",-121.33442,38.34044
"6313086",-121.4168495,38.5519269,2013,"3404","2","4","4","03",0,1,"B",,,,,,1800,12,"C","C","A","RT 50","HORNET DR",1056,"W","N","2014-05-22",9252,"2013-12-19",1725,"13732",,"2","7","0","1",,"2","151","-","Y","SAC",3,50,"-","R",3.3,"H","-","E","Y",3,"A","-",22350,,"N","A","H","-","E","D","1","Y","D","22",0,0,1,0,0,0,0,0,0,"-","-","SACRAMENTO","SACRAMENTO","CA",-121.41661,38.55195
"6313082",-121.5093111,38.5458279,2013,"3404","1","1","4","-",0,1,"A",,,,,,1500,12,"C","C","A","RT 5","SUTTERVILLE RD",1584,"N","N","2014-05-22",9252,"2013-12-23",1445,"13823",,"2","7","0","1",,"2","107","-","Y","SAC",3,5,"-","-",20.83,"H","-","S","N",2,"A","-",0,,"N","A","H","-","A","D","1","Y","D","22",0,0,1,0,0,0,0,0,0,"-","-","SACRAMENTO","SACRAMENTO","CA",-121.54347,38.49347
"6312299",-121.4050347,38.4219133,2013,"3450","0","2","4","07",0,1,"A",,,,,,1200,12,"D","D","A","LAGUNA BL","BIG HORN BL",390,"E","N","2014-05-29",340,"2013-12-31",1157,"10006","2401","5","5","0","0",,"0","002","-","N",,0,0,,,0,,,,"Y",2,"A","-",21658,"A","N","A","H","-","A","A","0","Y","D","22",0,0,1,0,0,0,0,0,0,"-","-","ELK GROVE","SACRAMENTO","CA",0,0
"6312008",-121.505529,38.4813442,2013,"3404","0","6","4","03",0,1,"A",,,,,,1200,12,"C","C","A","POCKET RD","FREEPORT BL",99,"W","N","2014-05-23",3404,"2013-12-28",1038,"409",,"5","7","0","0",,"0","004","-","N",,0,0,,,0,,,,"Y",2,"A","-",22350,,"N","A","H","-","A","D","0","Y","A","01",0,0,1,0,0,0,0,0,0,"-","-","SACRAMENTO","SACRAMENTO","CA",0,0
"6312004",-121.518743,38.5165651,2013,"3404","0","4","3","09",0,2,"A",,,,,,900,12,"A","D","A","43RD AV","GLORIA DR",0,,"Y","2014-05-27",3404,"2013-12-19",736,"529",,"5","7","0","0",,"0",,"-","N",,0,0,,,0,,,,"Y",2,"A","-",21801,"A","N","B","H","-","A","A","0","Y","A","01",0,2,0,0,0,0,0,0,0,"-","-","SACRAMENTO","SACRAMENTO","CA",0,0
"6311606",-121.4941788,38.6084037,2013,"3404","0","7","4","05",0,1,"A",,,,,,1500,12,"B","C","A","GARDEN HWY","TRUXEL RD",1047,"E","N","2014-06-10",3404,"2013-12-29",1403,"395",,"5","7","0","0",,"0","01C","-","N",,0,0,,,0,,,,"Y",2,"A","-",21650,,"N","A","-","-","A","D","0","Y","A","01",0,0,1,0,0,0,0,0,0,"-","-","SACRAMENTO","SACRAMENTO","CA",0,0
"6311504",-121.4692591,38.5688071,2013,"3404","3","3","4","03",0,2,"A",,,,,,1500,12,"C","D","A","RT 51","N ST",67,"S","N","2014-03-27",9252,"2013-12-04",1348,"18233",,"1","7","0","1",,"2","193","-","Y","SAC",3,51,"-","-",0.72,"H","-","S","N",3,"A","-",22350,,"N","A","H","-","A","D","1","Y","J","48",0,0,2,0,0,0,0,0,0,"-","-","SACRAMENTO","SACRAMENTO","CA",-121.2693,38.5691
"6311480",0,0,2013,"3404","0","1","2","22",0,1,"A",,,,,,1800,12,"E","I","A","I ST","I ST 651",0,,"Y","2014-03-27",3404,"2013-12-09",1506,"0342",,"5","7","0","0",,"0",,"-","N",,0,0,,,0,,,,"N",1,"B","-",0,,"N","A","H","-","A","D","0","Y","J","48",1,0,0,0,0,0,0,0,0,"-","-","SACRAMENTO","SACRAMENTO","CA",0,0
"6311431",0,0,2013,"3496","0","1","4","10",0,1,"A","Y",,,,,1800,12,"G","B","D","SUNRISE BL","BIRDCAGE CENTER LN",0,,"Y","2014-05-22",3496,"2013-12-16",1611,"303","3496","5","5","0","0",,"0","003","-","N",,0,0,,,0,,,,"N",2,"A","-",21963,,"N","A","H","-","A","A","0","Y","D","22",0,0,1,0,1,0,0,0,0,"-","-","CITRUS HEIGHTS","SACRAMENTO","CA",0,0
"6311430",-121.2952192,38.6929611,2013,"3496","0","4","4","03",0,1,"A",,,,,,1500,12,"C","C","A","AUBURN BL","CHIVALRY WY",381,"W","N","2014-05-22",3496,"2013-12-12",1242,"369",,"5","5","0","0",,"0","001","-","N",,0,0,,,0,,,,"Y",4,"A","-",22350,,"N","A","H","-","A","A","0","Y","A","08",0,0,1,0,0,0,0,0,0,"-","-","CITRUS HEIGHTS","SACRAMENTO","CA",0,0
"6311069",-121.4332522,38.5658554,2013,"3404","0","7","4","09",0,1,"A",,,,,,1200,12,"B","C","A","57TH ST","ELVAS AV",186,"N","N","2014-12-26",3404,"2013-12-08",1033,"382",,"5","7","0","0",,"0","03C","-","N",,0,0,,,0,,,,"Y",3,"A","-",21804,,"N","A","H","-","A","D","0","Y","A","01",0,0,1,0,0,0,0,0,0,"-","-","SACRAMENTO","SACRAMENTO","CA",0,0
"6310381",-121.2210031,38.678405,2013,"3400","5","6","4","09",0,1,"B",,,,,,2100,12,"D","C","A","PECAN AV","GREENBACK LN",0,,"Y","2014-03-29",9260,"2013-12-07",1930,"15369",,"2","9","0","3",,"2","001","-","N",,0,0,,,0,,,,"Y",2,"A","-",21802,"A","N","A","H","-","C","A","0","Y","A","01",0,0,1,0,0,0,0,0,0,"-","-","UNINCORPORATED","SACRAMENTO","CA",0,0
"6310293",-121.3710083,38.5402084,2013,"3400","4","5","3","03",0,3,"A",,,,,,2100,11,"C","C","A","WATT AV","JACKSON RD",528,"N","N","2014-05-07",9260,"2013-11-22",1920,"018713",,"2","9","0","2",,"2","101","-","N",,0,0,,,0,,,,"Y",2,"A","-",22350,,"F","A","H","-","C","D","0","Y","A","01",0,1,2,0,0,0,0,0,0,"-","-","UNINCORPORATED","SACRAMENTO","CA",-121.37116,38.54061
"6310071",-121.2658692,38.6263608,2013,"3400","4","2","4","03",0,1,"A",,,,,,1800,12,"C","C","A","SUNRISE BL","GOLD COUNTRY BL",600,"S","N","2014-05-28",9260,"2013-12-31",1752,"18316",,"2","9","0","2",,"2","103","-","N",,0,0,,,0,,,,"Y",2,"A","-",22350,,"N","A","H","-","C","D","0","Y","A","01",0,0,1,0,0,0,0,0,0,"-","-","UNINCORPORATED","SACRAMENTO","CA",-121.26571,38.62649
"6310051",-121.2780701,38.5984758,2013,"3490","2","1","4","03",0,1,"A",,,,,,1800,12,"C","C","A","RT 50","ZINFANDEL DR",2112,"E","N","2014-05-30",9260,"2013-12-23",1745,"013560",,"2","5","0","1",,"2","501","-","Y","SAC",3,50,"-","R",11.32,"H","-","W","Y",3,"A","-",22350,,"N","A","H","-","D","D","1","Y","D","22",0,0,1,0,0,0,0,0,0,"-","-","RANCHO CORDOVA","SACRAMENTO","CA",0,0
"6310036",-121.2978831,38.5188851,2013,"3400","3","2","3","12",0,2,"A",,,,,,900,12,"D","C","A","RT 16","EXCELSIOR RD",0,,"Y","2014-05-28",9260,"2013-12-24",638,"17084",,"1","9","0","1",,"2","116","-","Y","SAC",3,16,"-","-",8.342,"I","5","W","Y",2,"A","-",21453,"A","N","A","H","-","D","A","0","Y","D","22",0,1,1,0,0,0,0,0,0,"-","-","UNINCORPORATED","SACRAMENTO","CA",-121.1754,38.3174
"6310035",-121.2443831,38.678685,2013,"3400","5","5","4","11",0,2,"A","Y",,,,,1200,12,"G","B","B","KENNETH AV","GREENBACK LN",0,,"Y","2014-12-22",9260,"2013-12-20",1115,"016429",,"1","9","0","3",,"2","003","-","N",,0,0,,,0,,,,"N",4,"A","-",21456,"B","N","A","H","-","A","A","0","Y","N","60",0,0,2,0,2,0,0,0,0,"-","-","UNINCORPORATED","SACRAMENTO","CA",0,0
"6310012",-121.3023018,38.5818327,2013,"3490","2","3","3","03",0,4,"A",,,,,,2100,12,"C","C","A","RT 50","MATHER FIELD RD",1848,"E","N","2014-05-28",9260,"2013-12-18",1848,"18705",,"2","5","0","1",,"2","501","-","Y","SAC",3,50,"-","R",9.86,"H","-","E","Y",5,"A","-",22350,,"N","A","H","-","C","D","1","Y","A","01",0,2,2,0,0,0,0,0,0,"-","-","RANCHO CORDOVA","SACRAMENTO","CA",0,0
"6310004",-121.2256318,38.6801312,2013,"3400","4","5","3","01",0,1,"C",,,,,"Y",2100,12,"E","I","A","HAZEL AV","GREENBACK LN",596,"N","N","2014-05-28",9260,"2013-12-06",1938,"18456",,"2","9","0","2",,"2","307","-","N",,0,0,,,0,,,,"Y",1,"A","-",23152,"A","N","B","H","-","C","D","0","Y","D","22",0,1,0,0,0,0,0,0,0,"-","-","UNINCORPORATED","SACRAMENTO","CA",0,0
"6309876",-121.2690124,38.633287,2013,"3400","4","1","3","03",0,2,"A",,,,,"Y",1800,12,"C","C","A","SUNRISE BL","FAIR OAKS BL",2640,"S","N","2014-05-20",9260,"2013-12-09",1720,"018316",,"2","9","0","2",,"2","301","-","N",,0,0,,,0,,,,"Y",2,"A","-",22350,,"N","A","H","-","C","D","0","Y","A","01",0,1,1,0,0,0,0,0,0,"-","-","UNINCORPORATED","SACRAMENTO","CA",-121.26875,38.63305
"6309868",-121.3073444,38.5214869,2013,"3400","3","7","3","01",0,1,"A",,,,,"Y",1800,12,"F","A","A","RT 16","EXCELSIOR RD",2851,"W","N","2014-05-20",9260,"2013-12-08",1509,"017084",,"2","9","0","1",,"2","116","-","Y","SAC",3,16,"-","-",7.8,"H","-","E","Y",1,"A","-",23152,"A","N","A","H","-","A","D","0","Y","A","01",0,1,0,0,0,0,0,0,0,"-","-","UNINCORPORATED","SACRAMENTO","CA",-121.1826,38.3117
"6309864",-121.2041924,38.678142,2013,"3400","4","5","4","03",0,1,"B",,,,,,2100,12,"E","I","A","GREENBACK LN","MAIN ST",528,"W","N","2014-05-20",9260,"2013-12-06",2010,"015289",,"2","9","0","2",,"2","302","C","N",,0,0,,,0,,,,"Y",1,"A","-",22350,,"N","B","H","-","C","D","0","Y","A","01",0,0,1,0,0,0,0,0,0,"-","-","UNINCORPORATED","SACRAMENTO","CA",-121.20303,38.67819
"6308978",-121.480053,38.415565,2013,"3450","0","4","4","09",0,1,"A",,,,,,900,12,"D","C","A","HARBOUR POINT DR","MARITIME DR",0,,"Y","2014-05-07",340,"2013-12-12",811,"10540","1203","5","5","0","0",,"0","001","-","N",,0,0,,,0,,,,"N",2,"A","-",21804,,"N","A","H","-","A","A","0","Y","A","01",0,0,1,0,0,0,0,0,0,"-","-","ELK GROVE","SACRAMENTO","CA",0,0
"6308850",0,0,2013,"3450","0","2","4","07",0,1,"A",,,,,,1800,12,"B","C","A","LAGUNA SPRINGS DR","LAGUNA BL",460,"S","N","2014-05-30",340,"2013-12-24",1612,"10060","2405","5","5","0","0",,"0","002","-","N",,0,0,,,0,,,,"Y",2,"A","-",21658,"A","N","A","H","-","A","D","0","Y","A","01",0,0,1,0,0,0,0,0,0,"-","-","ELK GROVE","SACRAMENTO","CA",0,0
"6308846",-121.387793,38.423505,2013,"3450","0","2","4","01",0,1,"A",,,,,"Y",1800,12,"D","C","A","BOND RD","ELK CREST DR",0,,"Y","2014-05-30",340,"2013-12-24",1540,"10103","5101","5","5","0","0",,"0","005","-","N",,0,0,,,0,,,,"Y",2,"A","-",23153,"A","N","A","H","-","A","A","0","Y","A","07",0,0,1,0,0,0,0,0,0,"-","-","ELK GROVE","SACRAMENTO","CA",0,0
"6308237",0,0,2013,"3400","5","4","4","03",0,1,"A",,,,,,1800,12,"C","C","A","BILBY RD","BOA NOVA DR",50,"W","N","2014-05-22",9252,"2013-12-05",1745,"15534",,"2","9","0","3",,"2","080","-","N",,0,0,,,0,,,,"Y",3,"A","-",22350,,"N","A","H","-","C","D","0","Y","D","22",0,0,1,0,0,0,0,0,0,"-","-","UNINCORPORATED","SACRAMENTO","CA",-121.42601,38.37941
"6308233",-121.4739653,38.5575022,2013,"3404","3","5","4","08",0,1,"A",,,,,,1500,12,"E","I","A","RT 51","BROADWAY",200,"N","N","2014-05-22",9252,"2013-12-13",1250,"18155",,"1","7","0","1",,"2","193","-","Y","SAC",3,99,"-","R",24.26,"H","-","N","Y",1,"A","-",22107,,"N","A","H","-","A","D","1","Y","A","01",0,0,1,0,0,0,0,0,0,"-","-","SACRAMENTO","SACRAMENTO","CA",-121.47265,38.56073
"6308229",-121.307038,38.2821592,2013,"3400","3","5","4","08",0,1,"A",,,,,,1800,12,"E","I","A","RT 99","WALNUT AV",528,"N","N","2014-05-22",9252,"2013-12-13",1655,"16747",,"2","9","0","1",,"2","191","-","Y","SAC",3,99,"-","-",2.8,"H","-","S","Y",1,"A","-",22107,,"N","A","H","-","D","D","1","Y","A","01",0,0,1,0,0,0,0,0,0,"-","-","UNINCORPORATED","SACRAMENTO","CA",-121.30727,38.28268
"6308225",-121.4528797,38.5590981,2013,"3404","2","3","4","03",0,1,"A",,,,,,1500,12,"C","C","A","RT 50","STOCKTON BL",2640,"E","N","2014-05-22",9252,"2013-12-11",1459,"14453",,"2","7","0","1",,"2","151","-","Y","SAC",3,50,"-","R",1.09,"H","-","W","Y",4,"A","-",22350,,"N","A","H","-","A","D","1","Y","A","01",0,0,1,0,0,0,0,0,0,"-","-","SACRAMENTO","SACRAMENTO","CA",-121.45389,38.55945
"6308221",-121.3068231,38.2816851,2013,"3402","3","3","4","08",0,1,"A",,,,,,1200,12,"E","I","A","RT 99","WALNUT AV",100,"N","N","2014-05-22",9252,"2013-12-11",1145,"12096",,"1","3","0","1",,"2","191","-","Y","SAC",3,99,"-","-",2.757,"R","2","S","Y",1,"A","-",22107,,"N","A","H","-","A","D","1","Y","A","01",0,0,1,0,0,0,0,0,0,"TO","-","GALT","SACRAMENTO","CA",-121.30667,38.28001
"6308217",-121.4645512,38.5607736,2013,"3404","2","2","4","03",0,2,"A",,,,,,2100,12,"C","C","A","RT 50","STOCKTON BL",100,"W","N","2014-05-22",9252,"2013-12-10",1910,"13823",,"2","7","0","1",,"2","151","-","Y","SAC",3,50,"-","R",0.53,"H","-","W","Y",3,"A","-",22350,,"N","A","H","-","C","D","1","Y","A","01",0,0,2,0,0,0,0,0,0,"-","-","SACRAMENTO","SACRAMENTO","CA",-121.54347,38.49347
"6308213",-121.4737871,38.545885,2013,"3404","3","7","3","07",0,3,"A",,,,,,1800,12,"E","I","A","RT 99","12TH AV",3000,"N","N","2014-05-22",9252,"2013-12-08",1540,"18782",,"2","7","0","1",,"2","192","-","Y","SAC",3,99,"-","-",23.63,"H","-","N","Y",2,"A","-",21658,"A","N","A","H","-","A","D","1","Y","A","01",0,3,0,0,0,0,0,0,0,"-","-","SACRAMENTO","SACRAMENTO","CA",-121.47352,38.5485
"6308209",-121.4888311,38.4339323,2013,"3400","1","3","4","03",0,1,"A",,,,,,900,12,"C","C","A","RT 5","LAGUNA BL",2112,"N","N","2014-05-22",9252,"2013-12-11",835,"14296",,"1","9","0","1",,"2","106","-","Y","SAC",3,5,"-","-",12.44,"H","-","N","N",2,"A","-",22350,,"N","A","H","-","A","D","1","Y","A","01",0,0,1,0,0,0,0,0,0,"-","-","UNINCORPORATED","SACRAMENTO","CA",-121.48756,38.43016
"6308205",-121.466026,38.5763515,2013,"3404","3","3","4","03",0,2,"A",,,,,,1500,12,"C","C","A","RT 51","H ST",150,"N","N","2014-05-22",9252,"2013-12-04",1410,"13732",,"2","7","0","1",,"2","193","-","Y","SAC",3,51,"-","-",1.26,"H","-","S","Y",3,"A","-",22350,,"N","A","H","-","A","D","1","Y","A","01",0,0,2,0,0,0,0,0,0,"-","-","SACRAMENTO","SACRAMENTO","CA",-121.46631,38.57565
"6308201",-121.5070116,38.5786082,2013,"3404","1","3","4","03",0,1,"A",,,,,,1800,12,"C","C","A","RT 5","Q ST",100,"N","N","2014-05-22",9252,"2013-12-04",1750,"13823",,"2","7","0","1",,"2","108","-","Y","SAC",3,5,"-","-",23.12,"H","-","S","N",2,"A","-",22350,,"N","A","H","-","C","D","1","Y","A","01",0,0,1,0,0,0,0,0,0,"-","-","SACRAMENTO","SACRAMENTO","CA",-121.54347,38.49347
"6308197",-121.4220231,38.4737051,2013,"3404","3","3","3","03",0,1,"A",,,,,,2100,12,"E","I","A","RT 99","MACK RD",200,"S","N","2014-05-22",9252,"2013-12-04",2010,"15718",,"2","7","0","1",,"2","191","-","Y","SAC",3,99,"-","-",17.674,"R","2","N","Y",1,"A","-",22350,,"N","A","H","-","C","D","1","Y","A","01",0,1,0,0,0,0,0,0,0,"-","-","SACRAMENTO","SACRAMENTO","CA",-121.42057,38.47354
"6308193",0,0,2013,"3400","5","7","4","08",0,1,"A",,,,,,2400,12,"A","E","A","GRAND CRU DR","KRISTINA CT",17,"N","N","2014-05-22",9252,"2013-12-08",2321,"19079",,"3","9","0","3",,"2","074","-","N",,0,0,,,0,,,,"Y",3,"A","-",22107,,"N","A","H","-","C","D","0","Y","A","01",0,0,1,0,0,0,0,0,0,"-","-","UNINCORPORATED","SACRAMENTO","CA",-121.36216,38.45721
"6308189",0,0,2013,"3400","5","6","4","00",0,1,"A",,,,,,1500,12,"H","E","A","TAMARINDO BAY DR","SAILFISH BAY CIR",70,"S","N","2014-05-22",9252,"2013-12-07",1250,"18119",,"1","9","0","3",,"2","074","-","N",,0,0,,,0,,,,"N",2,"D","-",0,,"N","A","H","-","A","D","0","Y","-","-",0,0,1,0,0,0,0,0,0,"-","-","UNINCORPORATED","SACRAMENTO","CA",-121.37474,38.47928