"CASEID","POINT_X","POINT_Y","YEAR_","LOCATION","CHPTYPE","DAYWEEK","CRASHSEV","VIOLCAT","KILLED","INJURED","WEATHER1","PEDCOL","BICCOL","MCCOL","TRUCKCOL","ETOH","TIMECAT","MONTH_","CRASHTYP","INVOLVE","PED","PRIMARYRD","SECONDRD","DISTANCE","DIRECT","INTERSECT_","PROCDATE","JURIS","DATE_","TIME_","BADGE","JURIDIST","SHIFT","POP","SPECIAL","BEATTYPE","LAPDDIV","BEATCLAS","BEATNUMB","WEATHER2","STATEHW","CALTRANC","CALTRAND","STROUTE","ROUTESUF","POSTPRE","POSTMILE","LOCATYPE","RAMP","SIDEHW","TOWAWAY","PARTIES","PCF","VIOLCODE","VIOL","VIOLSUB","HITRUN","ROADSURF","RDCOND1","RDCOND2","LIGHTING","RIGHTWAY","CHPRDTYP","NOTPRIV","STFAULT","CHPFAULT","SEVINJ","OTHERINJ","COP","PEDKILL","PEDINJ","BICKILL","BICINJ","MCKILL","MCINJURE","RAMP1","RAMP2","CITY","COUNTY","STATE","X_CHP","Y_CHP"
"6296264",-121.2254231,38.6458892,2013,"3400","4","3","4","03",0,1,"A",,,,,,1800,12,"C","C","A","HAZEL AV","WINDING WY",75,"S","N","2014-05-20",9260,"2013-12-11",1715,"013708",,"2","9","0","2",,"2","307","-","N",,0,0,,,0,,,,"N",2,"A","-",22350,,"N","A","H","-","C","D","0","Y","A","01",0,0,1,0,0,0,0,0,0,"-","-","UNINCORPORATED","SACRAMENTO","CA",0,0
"6296260",-121.2367231,38.6858851,2013,"3400","5","3","3","08",0,1,"A",,,,,,900,12,"F","I","A","CENTRAL AV","CENTRAL PARK CT",0,,"Y","2014-05-20",9260,"2013-12-11",715,"013708",,"1","9","0","3",,"2","003","-","N",,0,0,,,0,,,,"N",1,"A","-",22107,,"N","A","H","-","A","D","0","Y","A","08",0,1,0,0,0,0,0,0,0,"-","-","UNINCORPORATED","SACRAMENTO","CA",0,0
"6296256",-121.2723126,38.6610196,2013,"3400","4","3","4","03",0,1,"B",,,,,,1500,12,"C","C","A","SUNRISE BL","WILDRIDGE DR",100,"N","N","2014-05-20",9260,"2013-12-04",1405,"013664",,"2","9","0","2",,"2","301","-","N",,0,0,,,0,,,,"N",2,"A","-",22350,,"N","A","H","-","A","D","0","Y","-","99",0,0,1,0,0,0,0,0,0,"-","-","UNINCORPORATED","SACRAMENTO","CA",0,0
"6296252",0,0,2013,"3400","4","1","4","12",0,1,"A","Y",,,,,900,12,"G","B","B","GOETHE RD","GARDEN ROSE DR",0,,"Y","2014-05-20",9260,"2013-12-09",850,"016352",,"1","9","0","2",,"2","101","-","N",,0,0,,,0,,,,"N",2,"A","-",21453,"A","F","A","H","-","A","A","0","Y","N","60",0,0,1,0,1,0,0,0,0,"-","-","UNINCORPORATED","SACRAMENTO","CA",0,0
"6296239",-121.4092169,38.5629615,2013,"3404","0","1","4","03",0,1,"A",,,,,,1800,12,"C","C","A","HOWE AV","SWARTHMORE DR",894,"S","N","2014-06-02",3404,"2013-12-09",1723,"0342","SACRA","5","7","0","0",,"0","03C","-","N",,0,0,,,0,,,,"Y",2,"A","-",22350,,"N","A","H","-","C","D","0","Y","A","01",0,0,1,0,0,0,0,0,0,"-","-","SACRAMENTO","SACRAMENTO","CA",0,0
"6296235",-121.4091432,38.5493851,2013,"3404","0","5","3","03",0,1,"A",,,,,,1500,12,"C","C","A","POWER INN RD","HOWE AV",75,"S","N","2014-06-02",3404,"2013-12-13",1210,"0342","SACRA","5","7","0","0",,"0","03C","-","N",,0,0,,,0,,,,"Y",2,"A","-",22350,,"N","A","H","-","A","A","0","Y","A","08",0,1,0,0,0,0,0,0,0,"-","-","SACRAMENTO","SACRAMENTO","CA",0,0
"6296231",-121.488523,38.573985,2013,"3404","0","3","4","10",0,1,"A","Y",,,,,2100,12,"G","B","B","15TH ST","N ST",0,,"Y","2014-06-02",3404,"2013-12-11",1840,"527","3","5","7","0","0",,"0","03M","-","N",,0,0,,,0,,,,"N",2,"A","-",21950,"A","N","A","H","-","C","A","0","Y","-","-",0,0,1,0,1,0,0,0,0,"-","-","SACRAMENTO","SACRAMENTO","CA",0,0
"6296227",-121.481723,38.575935,2013,"3404","0","2","4","12",0,2,"A",,,,,,1200,12,"D","C","A","19TH ST","K ST",0,,"Y","2014-06-02",3404,"2013-12-10",1029,"0756","CENTR","5","7","0","0",,"0","03B","-","N",,0,0,,,0,,,,"Y",2,"A","-",21453,"A","N","A","H","-","A","A","0","Y","A","01",0,0,2,0,0,0,0,0,0,"-","-","SACRAMENTO","SACRAMENTO","CA",0,0
"6296223",-121.4605471,38.4984246,2013,"3404","0","2","2","11",0,1,"A","Y",,,,"Y",1800,12,"G","B","D","FRANKLIN BL","GREEN TREE DR",150,"N","N","2014-05-31",3404,"2013-12-10",1721,"0296","5B","5","7","0","0",,"0",,"-","N",,0,0,,,0,,,,"N",2,"A","-",21954,"A","N","A","H","-","D","D","0","Y","N","60",1,0,0,0,1,0,0,0,0,"-","-","SACRAMENTO","SACRAMENTO","CA",0,0
"6296219",-121.4946731,38.481375,2013,"3404","0","4","3","09",0,2,"A",,,,,,1800,12,"D","C","A","MEADOWVIEW RD","19TH ST",0,,"Y","2014-06-04",3404,"2013-12-12",1548,"273","SA","5","7","0","0",,"0",,"-","N",,0,0,,,0,,,,"Y",3,"A","-",21801,"A","N","A","H","-","A","D","0","Y","A","01",0,1,1,0,0,0,0,0,0,"-","-","SACRAMENTO","SACRAMENTO","CA",0,0
"6296215",-121.4784528,38.5591012,2013,"3404","0","4","4","03",0,1,"A",,,,,,900,12,"C","C","A","X ST","26TH ST",42,"E","N","2014-06-02",3404,"2013-12-12",808,"8109",,"5","7","0","0",,"0",,"-","N",,0,0,,,0,,,,"N",4,"A","-",22350,,"N","A","H","-","A","A","0","Y","A","01",0,0,1,0,0,0,0,0,0,"-","-","SACRAMENTO","SACRAMENTO","CA",0,0
"6296211",-121.475783,38.552135,2013,"3404","0","1","4","03",0,1,"A",,,,,,1800,12,"C","C","A","FRANKLIN BL","4TH AV",0,,"Y","2014-06-02",3404,"2013-12-09",1729,"0834","4","5","7","0","0",,"0","00A","-","N",,0,0,,,0,,,,"N",2,"A","-",22350,,"N","A","H","-","C","D","0","Y","A","07",0,0,1,0,0,0,0,0,0,"-","-","SACRAMENTO","SACRAMENTO","CA",0,0
"6296203",-121.4233031,38.636415,2013,"3404","0","4","4","03",0,1,"A",,,,,,300,12,"C","C","A","GRAND AV","MAHOGANY ST",0,,"Y","2014-06-04",3404,"2013-12-12",29,"746",,"5","7","0","0",,"0",,"-","N",,0,0,,,0,,,,"N",2,"A","-",22350,,"F","A","H","-","C","A","0","Y","A","01",0,0,1,0,0,0,0,0,0,"-","-","SACRAMENTO","SACRAMENTO","CA",0,0
"6296199",-121.3700164,38.5108821,2013,"3404","0","4","4","03",0,1,"A",,,,,,1500,12,"C","C","A","SOUTH WATT AV","ELDER CREEK RD",51,"N","N","2014-05-31",3404,"2013-12-12",1210,"0410",,"5","7","0","0",,"0","06C","-","N",,0,0,,,0,,,,"Y",4,"A","-",22350,,"F","A","H","-","A","A","0","Y","A","01",0,0,1,0,0,0,0,0,0,"-","-","SACRAMENTO","SACRAMENTO","CA",0,0
"6295937",-121.4892733,38.586592,2013,"3404","0","4","4","05",0,1,"A",,,"Y",,,900,12,"B","C","A","11TH ST","D ST",18,"N","N","2014-03-26",3404,"2013-12-12",755,"8169",,"5","7","0","0",,"0",,"-","N",,0,0,,,0,,,,"N",2,"A","-",21650,,"N","A","H","-","A","A","0","Y","I","11",0,0,1,0,0,0,0,0,1,"-","-","SACRAMENTO","SACRAMENTO","CA",0,0
"6295791",0,0,2013,"3404","0","1","3","22",0,1,"A","Y",,,,,1200,11,"G","B","F","LAGUNA BL","LAGUNA SPRINGS WY",145,"W","N","2014-05-12",3404,"2013-11-11",946,"10140","2405","5","7","0","0",,"0","002","-","N",,0,0,,,0,,,,"N",2,"B","-",0,,"F","A","H","-","A","D","0","Y","A","07",0,1,0,0,1,0,0,0,0,"-","-","SACRAMENTO","SACRAMENTO","CA",0,0
"6295655",-121.4922747,38.5831628,2013,"3404","0","2","3","-",0,1,"B",,"Y",,,,1200,12,"D","G","A","10TH ST","G ST",177,"S","N","2014-07-07",3404,"2013-12-03",923,"8169",,"5","7","0","0",,"0","03A","-","N",,0,0,,,0,,,,"N",2,"A","-",0,,"N","A","H","-","A","D","0","Y","L","04",0,1,0,0,0,0,1,0,0,"-","-","SACRAMENTO","SACRAMENTO","CA",0,0
"6295651",-121.431313,38.5250532,2013,"3404","0","2","4","09",0,1,"A",,,,,,2100,12,"D","C","A","FRUITRIDGE RD","63RD ST",40,"W","N","2014-05-20",3404,"2013-12-03",1822,"676","68","5","7","0","0",,"0",,"-","N",,0,0,,,0,,,,"Y",2,"A","-",21804,,"N","-","H","-","C","D","0","Y","A","07",0,0,1,0,0,0,0,0,0,"-","-","SACRAMENTO","SACRAMENTO","CA",0,0
"6295647",-121.4473635,38.6093086,2013,"3404","0","2","4","10",0,1,"A","Y",,,,,1800,12,"G","B","B","EMPRESS ST","DIXIEANNE AV",6,"S","N","2014-05-20",3404,"2013-12-03",1705,"319",,"5","7","0","0",,"0",,"-","N",,0,0,,,0,,,,"N",2,"A","-",21950,"A","F","A","H","-","C","A","0","Y","A","01",0,0,1,0,1,0,0,0,0,"-","-","SACRAMENTO","SACRAMENTO","CA",0,0
"6295643",-121.4485131,38.6093251,2013,"3404","0","5","3","12",0,1,"C",,"Y",,,,1800,12,"D","G","A","DIXIEANNE AV","BEAUMONT ST",0,,"Y","2014-05-20",3404,"2013-12-06",1631,"234",,"5","7","0","0",,"0","022","-","N",,0,0,,,0,,,,"N",2,"A","-",22450,,"F","B","H","-","B","A","0","Y","L","04",0,1,0,0,0,0,1,0,0,"-","-","SACRAMENTO","SACRAMENTO","CA",0,0
"6295639",-121.4943917,38.5335264,2013,"3404","0","5","3","08",0,1,"B",,,,,,1200,12,"E","I","A","FREEPORT BL","MEER WY",82,"S","N","2014-05-20",3404,"2013-12-06",938,"732","4","5","7","0","0",,"0","00A","-","N",,0,0,,,0,,,,"Y",1,"A","-",22107,,"N","-","G","-","A","D","0","Y","A","01",0,1,0,0,0,0,0,0,0,"-","-","SACRAMENTO","SACRAMENTO","CA",0,0
"6295629",-121.4175946,38.4340525,2013,"3450","0","2","3","03",0,2,"A",,,,,,1800,12,"C","C","A","BRUCEVILLE RD","BIG HORN BL",1300,"N","N","2014-05-29",340,"2013-12-03",1729,"10054","2202","5","5","0","0",,"0","002","-","N",,0,0,,,0,,,,"Y",3,"A","-",22350,,"N","A","H","-","D","D","0","Y","A","01",0,1,1,0,0,0,0,0,0,"-","-","ELK GROVE","SACRAMENTO","CA",0,0
"6295625",-121.4179397,38.419297,2013,"3450","0","4","4","03",0,2,"A",,,,,,2100,12,"C","C","A","BRUCEVILLE RD","SEASONS DR",150,"N","N","2014-05-29",340,"2013-12-05",1838,"10038","2308","5","5","0","0",,"0","002","-","N",,0,0,,,0,,,,"Y",3,"A","-",22350,,"N","A","H","-","C","A","0","Y","A","07",0,0,2,0,0,0,0,0,0,"-","-","ELK GROVE","SACRAMENTO","CA",0,0
"6295624",-121.489237,38.557759,2013,"3404","0","3","4","08",0,1,"A",,,,,,900,12,"H","C","A","FREEPORT BL","LARKIN WY",28,"S","N","2014-05-20",3404,"2013-12-04",837,"729","4A","5","7","0","0",,"0",,"-","N",,0,0,,,0,,,,"Y",2,"A","-",22107,,"N","A","H","-","A","D","0","Y","A","01",0,0,1,0,0,0,0,0,0,"-","-","SACRAMENTO","SACRAMENTO","CA",0,0
"6295623",-121.2456126,38.5064582,2013,"3400","4","7","4","01",0,4,"A",,,,,"Y",1800,12,"C","C","A","SUNRISE BL","RT 16",20,"N","N","2014-05-20",9260,"2013-12-01",1650,"16429",,"2","9","0","2",,"2","101","-","Y","SAC",3,16,"-","R",11.474,"I","6","W","Y",2,"A","-",23152,"A","F","A","H","-","C","A","0","Y","A","01",0,0,4,0,0,0,0,0,0,"-","-","UNINCORPORATED","SACRAMENTO","CA",0,0
"6295621",-121.4055816,38.4091661,2013,"3450","0","6","4","03",0,1,"A",,,,,,900,12,"C","C","A","ELK GROVE BL","BIG HORN BL",120,"W","N","2014-05-29",340,"2013-12-07",759,"10141","4201","5","5","0","0",,"0","004","F","Y",,0,0,,,0,,,,"Y",2,"A","-",22350,,"N","B","H","-","A","A","0","Y","A","01",0,0,1,0,0,0,0,0,0,"-","-","ELK GROVE","SACRAMENTO","CA",0,0
"6295620",-121.4400706,38.566066,2013,"3404","0","3","4","03",0,3,"A",,,,,,1500,12,"C","C","A","J ST","RODEO WY",90,"W","N","2014-05-20",3404,"2013-12-04",1308,"8169",,"5","7","0","0",,"0",,"-","N",,0,0,,,0,,,,"Y",3,"A","-",22350,,"N","A","H","-","A","A","0","Y","A","01",0,0,3,0,0,0,0,0,0,"-","-","SACRAMENTO","SACRAMENTO","CA",0,0
"6295616",-121.4966545,38.5689245,2013,"3404","0","5","4","01",0,4,"B",,,,,"Y",1200,12,"C","C","A","T ST","11TH ST",57,"E","N","2014-05-20",3404,"2013-12-06",1000,"8169",,"5","7","0","0",,"0",,"-","N",,0,0,,,0,,,,"Y",3,"A","-",23152,"A","N","A","H","-","A","A","0","Y","A","01",0,0,4,0,0,0,0,0,0,"-","-","SACRAMENTO","SACRAMENTO","CA",0,0
"6295612",-121.4675267,38.5709206,2013,"3404","0","4","4","08",0,1,"A",,"Y",,,,1800,12,"H","G","A","L ST","30TH ST",5,"E","N","2014-05-20",3404,"2013-12-05",1726,"404","3","5","7","0","0",,"0","00C","-","N",,0,0,,,0,,,,"N",2,"A","-",22107,,"N","A","H","-","C","A","0","Y","A","01",0,0,1,0,0,0,1,0,0,"-","-","SACRAMENTO","SACRAMENTO","CA",0,0
"6295320",-121.4090531,38.5577094,2013,"3404","0","4","3","01",0,1,"A",,,,,"Y",300,12,"E","I","A","LA RIVIERA DR","HOWE AV",126,"E","N","2014-05-30",3404,"2013-12-12",206,"0655","3","5","7","0","0",,"0","00C","-","N",,0,0,,,0,,,,"Y",2,"A","-",23152,"A","M","A","H","-","C","D","0","Y","D","22",0,1,0,0,0,0,0,0,0,"-","-","SACRAMENTO","SACRAMENTO","CA",0,0
"6295090",0,0,2013,"3402","0","2","4","03",0,1,"B",,,,,,900,10,"C","C","A","A ST","LINCOLN WY",238,"S","N","2014-04-17",3402,"2013-10-29",755,"74","19","5","3","0","0",,"0","002","-","N",,0,0,,,0,,,,"Y",3,"A","-",22350,,"N","A","H","-","A","D","0","Y","D","22",0,0,1,0,0,0,0,0,0,"-","-","GALT","SACRAMENTO","CA",-121.29653,38.257
"6295063",-121.2719079,38.6690718,2013,"3496","0","6","4","03",0,1,"A",,,,,,1500,11,"C","C","A","SUNRISE BL","KINGSWOOD DR",225,"S","N","2014-05-16",3496,"2013-11-02",1414,"156",,"5","5","0","0",,"0",,"B","N",,0,0,,,0,,,,"N",2,"A","-",22350,,"N","A","H","-","A","D","0","Y","A","08",0,0,1,0,0,0,0,0,0,"-","-","CITRUS HEIGHTS","SACRAMENTO","CA",0,0
"6294938",-121.427243,38.474305,2013,"3404","0","7","4","12",0,1,"A",,,,,,2100,11,"D","C","A","MACK RD","LA MANCHA WY",0,,"Y","2014-12-09",3404,"2013-11-17",1842,"212","5","5","7","0","0",,"0","05C","-","N",,0,0,,,0,,,,"Y",2,"A","-",21453,"A","N","A","H","-","C","A","0","Y","A","01",0,0,1,0,0,0,0,0,0,"-","-","SACRAMENTO","SACRAMENTO","CA",0,0
"6294834",-121.4973632,38.524615,2013,"3404","0","3","4","09",0,1,"C",,,,,,600,11,"D","C","A","FREEPORT BL","FRUITRIDGE RD",0,,"Y","2014-05-16",3404,"2013-11-20",324,"0591","4","5","7","0","0",,"0","00B","-","N",,0,0,,,0,,,,"Y",2,"A","-",21800,"D","N","B","G","-","E","A","0","Y","-","-",0,0,1,0,0,0,0,0,0,"-","-","SACRAMENTO","SACRAMENTO","CA",0,0
"6294826",-121.502943,38.579015,2013,"3404","0","1","4","12",0,2,"A","Y",,,,,1800,11,"D","C","F","CAPITOL MALL DR","4TH ST",0,,"Y","2014-05-16",3404,"2013-11-25",1611,"421",,"5","7","0","0",,"0",,"-","N",,0,0,,,0,,,,"Y",3,"A","-",21453,"A","N","A","H","-","A","A","0","Y","A","01",0,0,2,0,1,0,0,0,0,"-","-","SACRAMENTO","SACRAMENTO","CA",0,0
"6294822",-121.496143,38.580995,2013,"3404","0","7","4","12",0,1,"A",,,,,,1200,11,"D","C","A","J ST","8TH ST",0,,"Y","2014-05-16",3404,"2013-11-24",1028,"0264","3","5","7","0","0",,"0","00M","-","N",,0,0,,,0,,,,"Y",2,"A","-",21453,"A","N","A","H","-","A","A","0","Y","A","01",0,0,1,0,0,0,0,0,0,"-","-","SACRAMENTO","SACRAMENTO","CA",0,0
"6294786",-121.4976086,38.5646892,2013,"3404","2","7","3","01",0,1,"A",,,,,"Y",300,11,"E","I","A","RT 50","13TH ST",10,"E","N","2014-05-08",9252,"2013-11-24",5,"018424",,"3","7","0","1",,"2","150","-","Y","SAC",3,50,"-","L",1.2,"H","-","E","Y",1,"A","-",23152,"A","N","A","H","-","C","D","1","Y","A","01",0,1,0,0,0,0,0,0,0,"-","-","SACRAMENTO","SACRAMENTO","CA",-121.49577,38.56398
"6294782",-121.3832011,38.5584449,2013,"3404","2","3","4","03",0,1,"A",,,,,,1800,11,"C","C","A","RT 50","WATT AV",1056,"W","N","2014-05-08",9252,"2013-11-13",1745,"013823",,"2","7","0","1",,"2","151","-","Y",,0,0,,,0,,,,"N",2,"A","-",22350,,"N","A","H","-","C","D","0","Y","A","01",0,0,1,0,0,0,0,0,0,"-","-","SACRAMENTO","SACRAMENTO","CA",-121.54347,38.49347
"6294778",-121.3909619,38.4816893,2013,"3404","5","4","4","09",0,1,"A",,,,,,1800,11,"D","C","A","GERBER RD","FRENCH RD",200,"W","N","2014-05-08",9252,"2013-11-14",1545,"018155",,"2","7","0","3",,"2","070","-","N",,0,0,,,0,,,,"Y",2,"A","-",21804,"A","N","A","H","-","A","D","0","Y","A","01",0,0,1,0,0,0,0,0,0,"-","-","SACRAMENTO","SACRAMENTO","CA",-121.39601,38.48154
"6294774",0,0,2013,"3400","4","7","4","12",0,1,"A",,"Y",,,,1500,11,"D","G","A","CALVIN RD","AUBERRY DR",0,,"Y","2014-05-08",9252,"2013-11-10",1235,"015342",,"1","9","0","2",,"2","073","-","N",,0,0,,,0,,,,"N",2,"A","-",21453,"A","N","A","H","-","A","A","0","Y","L","04",0,0,1,0,0,0,1,0,0,"-","-","UNINCORPORATED","SACRAMENTO","CA",-121.39976,38.45466
"6293850",-121.4177931,38.409045,2013,"3450","0","3","4","11",0,1,"A",,,,,,2100,10,"G","B","A","BRUCEVILLE RD","ELK GROVE BL",0,,"Y","2014-04-24",340,"2013-10-30",1850,"10416","4104","5","5","0","0",,"0","004","-","N",,0,0,,,0,,,,"N",1,"A","-",21950,"B","N","A","H","-","B","A","0","Y","A","01",0,0,1,0,0,0,0,0,0,"-","-","ELK GROVE","SACRAMENTO","CA",0,0
"6293849",-121.4090331,38.409135,2013,"3450","0","5","4","03",0,1,"A",,,,,,900,10,"C","C","A","ELK GROVE BL","WYMARK DR",0,,"Y","2014-04-24",340,"2013-10-25",735,"10042","4201","5","5","0","0",,"0","004","-","N",,0,0,,,0,,,,"Y",1,"A","-",22350,,"N","A","H","-","A","A","0","Y","A","01",0,0,1,0,0,0,0,0,0,"-","-","ELK GROVE","SACRAMENTO","CA",0,0
"6293848",-121.3715231,38.4089651,2013,"3450","0","4","3","21",0,1,"A",,"Y",,,,900,10,"G","B","A","ELK GROVE BL","ELK GROVE FLORIN RD",0,,"Y","2014-04-24",340,"2013-10-17",746,"10298","5402","5","5","0","0",,"0","005","-","N",,0,0,,,0,,,,"N",2,"A","-",22106,,"N","A","H","-","A","A","0","Y","A","01",0,1,0,0,0,0,1,0,0,"-","-","ELK GROVE","SACRAMENTO","CA",0,0
"6293838",-121.4250296,38.4874834,2013,"3400","4","3","4","03",0,2,"A",,,,,,1200,10,"C","C","A","STOCKTON BL","FLEMING AV",20,"S","N","2014-04-24",9252,"2013-10-30",1035,"015342",,"1","9","0","2",,"2","073","-","N",,0,0,,,0,,,,"N",2,"A","-",22350,,"N","A","H","-","A","A","0","Y","A","08",0,0,2,0,0,0,0,0,0,"-","-","UNINCORPORATED","SACRAMENTO","CA",-121.42513,38.48751
"6293837",0,0,2013,"3400","5","3","4","03",0,2,"A",,,,,,900,10,"C","C","A","BRADSHAW RD","ALDER CREEK DR",100,"S","N","2014-04-24",9252,"2013-10-23",630,"014699",,"1","9","0","3",,"2","074","-","N",,0,0,,,0,,,,"Y",4,"A","-",22350,,"N","A","H","-","C","D","0","Y","A","01",0,0,2,0,0,0,0,0,0,"-","-","UNINCORPORATED","SACRAMENTO","CA",-121.205,38.296
"6293836",-121.4389555,38.4896097,2013,"3400","3","4","3","08",0,3,"A",,,,,,1800,10,"B","C","A","RT 99","FLORIN RD",2640,"S","N","2014-04-24",9252,"2013-10-31",1640,"015718",,"2","9","0","1",,"2","192","-","Y","SAC",3,99,"-","-",19.11,"H","-","N","Y",4,"A","-",22107,,"N","A","H","-","A","D","1","Y","A","01",0,1,2,0,0,0,0,0,0,"-","-","UNINCORPORATED","SACRAMENTO","CA",-121.4364,38.48731
"6293789",-121.443913,38.6111451,2013,"3404","0","4","4","12",0,1,"A",,,,,,1500,11,"D","C","A","EL CAMINO AV","EVERGREEN ST",0,,"Y","2014-05-09",3404,"2013-11-14",1415,"778",,"5","7","0","0",,"0","02B","-","N",,0,0,,,0,,,,"Y",2,"A","-",21453,"A","N","A","H","-","A","A","0","Y","A","01",0,0,1,0,0,0,0,0,0,"-","-","SACRAMENTO","SACRAMENTO","CA",0,0
"6293369",-121.297698,38.4396461,2013,"3450","0","6","3","03",0,2,"A",,,,,"Y",300,11,"E","I","A","EXCELSIOR RD","SHELDON RD",543,"N","N","2014-05-19",340,"2013-11-09",106,"10277","3602","5","5","0","0",,"0","003","-","N",,0,0,,,0,,,,"Y",1,"A","-",22350,,"F","A","H","-","D","D","0","Y","A","07",0,2,0,0,0,0,0,0,0,"-","-","ELK GROVE","SACRAMENTO","CA",0,0
"6293368",-121.4089215,38.409137,2013,"3450","0","5","4","03",0,2,"A",,,,,,900,11,"C","C","A","ELK GROVE BL","WYMARK DR",32,"E","N","2014-05-15",340,"2013-11-15",833,"10068","4201","5","5","0","0",,"0","004","-","N",,0,0,,,0,,,,"N",3,"A","-",22350,,"N","A","H","-","A","A","0","Y","A","01",0,0,2,0,0,0,0,0,0,"-","-","ELK GROVE","SACRAMENTO","CA",0,0
"6293367",0,0,2013,"3450","0","2","4","09",0,1,"A",,,,,,1800,11,"D","C","A","LAGUNA SPRINGS DR","LAGUNA BL",465,"S","N","2014-05-19",340,"2013-11-12",1712,"10054","2405","5","5","0","0",,"0","002","-","N",,0,0,,,0,,,,"Y",2,"A","-",21801,"A","N","A","H","-","C","D","0","Y","A","01",0,0,1,0,0,0,0,0,0,"-","-","ELK GROVE","SACRAMENTO","CA",0,0
"6293366",-121.4051392,38.4347777,2013,"3450","0","6","4","01",0,1,"A",,,,,"Y",1500,11,"E","J","A","GRISHAM WY","BRETON WY",121,"E","N","2014-05-15",340,"2013-11-16",1210,"10068","2201","5","5","0","0",,"0","002","-","N",,0,0,,,0,,,,"N",3,"A","-",23152,"A","M","A","H","-","A","D","0","Y","A","01",0,0,1,0,0,0,0,0,0,"-","-","ELK GROVE","SACRAMENTO","CA",0,0
"6293143",-121.2923353,38.6677818,2013,"3496","0","3","3","03",0,2,"A",,,,,,1200,11,"C","C","A","SAN JUAN AV","CHESLINE DR",68,"N","N","2014-05-10",3496,"2013-11-06",1108,"207","0","5","5","0","0",,"0","003","-","N",,0,0,,,0,,,,"Y",3,"A","-",22350,,"N","A","H","-","A","A","0","Y","A","01",0,1,1,0,0,0,0,0,0,"-","-","CITRUS HEIGHTS","SACRAMENTO","CA",0,0
"6293142",-121.2451379,38.7004665,2013,"3496","0","4","4","03",0,1,"A",,,,,,900,11,"C","C","A","OAK AV","KENNETH AV",224,"W","N","2014-05-10",3496,"2013-11-21",721,"265",,"5","5","0","0",,"0","002","-","N",,0,0,,,0,,,,"N",3,"A","-",22350,,"N","A","H","-","A","A","0","Y","A","01",0,0,1,0,0,0,0,0,0,"-","-","CITRUS HEIGHTS","SACRAMENTO","CA",0,0
"6293141",-121.2897313,38.7065593,2013,"3496","0","4","3","01",0,1,"A",,,,,"Y",300,11,"A","J","A","ANTELOPE RD","AUBURN BL",190,"E","N","2014-05-10",3496,"2013-11-28",235,"186",,"5","5","0","0",,"0","001","-","N",,0,0,,,0,,,,"N",1,"A","-",23152,"B","N","A","H","-","C","D","0","Y","A","01",0,1,0,0,0,0,0,0,0,"-","-","CITRUS HEIGHTS","SACRAMENTO","CA",0,0
"6293140",-121.2925572,38.678345,2013,"3496","0","5","4","08",0,1,"A",,,,,,1500,11,"B","C","A","GREENBACK LN","SAN JUAN AV",24,"W","N","2014-05-10",3496,"2013-11-29",1450,"177","3496","5","5","0","0",,"0","002","-","N",,0,0,,,0,,,,"N",2,"A","-",22107,,"N","A","H","-","A","A","0","Y","A","01",0,0,1,0,0,0,0,0,0,"-","-","CITRUS HEIGHTS","SACRAMENTO","CA",0,0
"6293139",-121.3012524,38.7206714,2013,"3496","0","5","3","09",0,1,"A",,,,,,1800,11,"C","C","A","BLUE SPRINGS WY","WHITE PLAINS CT",63,"E","N","2014-05-10",3496,"2013-11-29",1635,"360",,"5","5","0","0",,"0","001","-","N",,0,0,,,0,,,,"N",2,"A","-",21804,"A","N","A","H","-","B","D","0","Y","A","01",0,1,0,0,0,0,0,0,0,"-","-","CITRUS HEIGHTS","SACRAMENTO","CA",0,0
"6293138",-121.2736838,38.6783976,2013,"3496","0","5","4","-",0,1,"A",,,,,"Y",2100,11,"E","I","A","GREENBACK LN","BIRDCAGE ST",668,"E","N","2014-05-10",3496,"2013-11-29",1900,"167",,"5","5","0","0",,"0",,"-","N",,0,0,,,0,,,,"Y",1,"A","-",0,,"N","A","H","-","A","D","0","Y","A","01",0,0,1,0,0,0,0,0,0,"-","-","CITRUS HEIGHTS","SACRAMENTO","CA",0,0
"6293054",-121.4270132,38.626185,2013,"3404","0","4","2","01",0,3,"A",,,,,"Y",300,11,"E","I","A","DEL PASO BL","ARCADE BL",0,,"Y","2014-05-09",3404,"2013-11-14",125,"855","2","5","7","0","0",,"0","02B","-","Y",,0,0,,,0,,,,"Y",2,"A","-",23152,"B","N","A","H","-","C","A","0","Y","-","-",1,2,0,0,0,0,0,0,0,"-","-","SACRAMENTO","SACRAMENTO","CA",0,0
"6290994",-121.334763,38.463835,2013,"3400","5","6","1","12",2,2,"A",,,,,,1800,9,"D","C","A","VINTAGE PARK DR","BRADSHAW RD",0,,"Y","2014-07-21",9252,"2013-09-28",1650,"18243",,"2","9","0","3",,"2","074","-","N",,0,0,,,0,,,,"Y",2,"A","-",21453,"A","N","A","H","-","A","A","0","Y","A","01",0,1,1,0,0,0,0,0,0,"-","-","UNINCORPORATED","SACRAMENTO","CA",-121.33458,38.46382
"6290707",-121.1598033,38.6584701,2013,"3401","0","6","1","08",1,0,"A",,,"Y",,"Y",2400,11,"E","I","A","BLUE RAVINE RD","RILEY ST",1348,"W","N","2015-01-16",3401,"2013-11-02",2343,"200","4","5","5","0","0",,"0","004","-","N",,0,0,,,0,,,,"Y",1,"A","-",22107,,"N","A","H","-","C","D","0","Y","C","02",0,0,0,0,0,0,0,1,0,"-","-","FOLSOM","SACRAMENTO","CA",0,0