"CASEID","POINT_X","POINT_Y","YEAR_","LOCATION","CHPTYPE","DAYWEEK","CRASHSEV","VIOLCAT","KILLED","INJURED","WEATHER1","PEDCOL","BICCOL","MCCOL","TRUCKCOL","ETOH","TIMECAT","MONTH_","CRASHTYP","INVOLVE","PED","PRIMARYRD","SECONDRD","DISTANCE","DIRECT","INTERSECT_","PROCDATE","JURIS","DATE_","TIME_","BADGE","JURIDIST","SHIFT","POP","SPECIAL","BEATTYPE","LAPDDIV","BEATCLAS","BEATNUMB","WEATHER2","STATEHW","CALTRANC","CALTRAND","STROUTE","ROUTESUF","POSTPRE","POSTMILE","LOCATYPE","RAMP","SIDEHW","TOWAWAY","PARTIES","PCF","VIOLCODE","VIOL","VIOLSUB","HITRUN","ROADSURF","RDCOND1","RDCOND2","LIGHTING","RIGHTWAY","CHPRDTYP","NOTPRIV","STFAULT","CHPFAULT","SEVINJ","OTHERINJ","COP","PEDKILL","PEDINJ","BICKILL","BICINJ","MCKILL","MCINJURE","RAMP1","RAMP2","CITY","COUNTY","STATE","X_CHP","Y_CHP"
"6286410",-121.4879122,38.5603613,2013,"3404","0","2","2","11",0,1,"C","Y",,,,,1800,11,"-","B","D","BROADWAY","19TH ST",154,"E","N","2014-05-07",3404,"2013-11-19",1757,"0834","4","5","7","0","0",,"0","00A","-","N",,0,0,,,0,,,,"N",2,"A","-",21461,"5","N","B","H","-","B","A","0","Y","N","60",1,0,0,0,1,0,0,0,0,"-","-","SACRAMENTO","SACRAMENTO","CA",0,0
"6286409",-121.467252,38.5500888,2013,"3404","0","2","4","10",0,1,"A","Y",,,,,1800,11,"B","B","B","BROADWAY","36TH ST",150,"E","N","2014-05-07",3404,"2013-11-19",1705,"0524",,"5","7","0","0",,"0","06A","-","N",,0,0,,,0,,,,"N",2,"A","-",21950,"A","N","A","H","-","C","D","0","Y","A","07",0,0,1,0,1,0,0,0,0,"-","-","SACRAMENTO","SACRAMENTO","CA",0,0
"6286408",-121.5069204,38.4771081,2013,"3404","0","2","4","03",0,2,"B",,,,,,1500,11,"C","C","A","POCKET RD","RT 5",45,"W","N","2014-05-06",3404,"2013-11-19",1423,"8169",,"5","7","0","0",,"0","04L","-","Y","SAC",3,5,"-","-",16.025,"R","4","S","N",3,"A","-",22350,,"N","A","H","-","A","A","0","Y","-",,0,0,2,0,0,0,0,0,0,"-","SF","SACRAMENTO","SACRAMENTO","CA",0,0
"6285884",-121.4179955,38.4277927,2013,"3450","0","3","4","03",0,1,"B",,,,,,1800,11,"C","C","A","BRUCEVILLE RD","DI LUSSO DR",30,"S","N","2014-05-13",340,"2013-11-20",1739,"10054","2110","5","5","0","0",,"0","002","G","N",,0,0,,,0,,,,"N",3,"A","-",22350,,"N","B","H","-","C","A","0","Y","A","01",0,0,1,0,0,0,0,0,0,"-","-","ELK GROVE","SACRAMENTO","CA",0,0
"6285880",-121.3586756,38.4090216,2013,"3450","0","3","4","05",0,1,"B",,,,,,1800,11,"D","C","A","ELK GROVE BL","KENT ST",200,"E","N","2014-05-14",340,"2013-11-20",1718,"10060","5601","5","5","0","0",,"0","005","-","N",,0,0,,,0,,,,"N",2,"A","-",21651,"A","N","B","H","-","C","D","0","Y","A","01",0,0,1,0,0,0,0,0,0,"-","-","ELK GROVE","SACRAMENTO","CA",0,0
"6285876",0,0,2013,"3450","0","6","4","01",0,1,"A",,,,,"Y",1500,11,"E","I","A","ELK GROVE FLORIN RD","STOCKTON BL",213,"E","N","2014-05-14",340,"2013-11-23",1319,"10527","5404","5","5","0","0",,"0","005","-","N",,0,0,,,0,,,,"Y",1,"A","-",23152,"A","M","A","H","-","A","D","0","Y","A","01",0,0,1,0,0,0,0,0,0,"-","-","ELK GROVE","SACRAMENTO","CA",0,0
"6285872",0,0,2013,"3450","0","1","4","09",0,1,"A",,,,,,1500,11,"D","C","A","LAGUNA BL","LIGHTPOLE #24879",50,"E","N","2014-05-14",340,"2013-11-04",1201,"10170","2202","5","5","0","0",,"0","002","-","Y",,0,0,,,0,,,,"Y",2,"A","-",21801,"A","N","A","H","-","A","D","0","Y","A","08",0,0,1,0,0,0,0,0,0,"-","-","ELK GROVE","SACRAMENTO","CA",0,0
"6285868",-121.3716931,38.423459,2013,"3450","0","5","3","01",0,1,"A",,,,,"Y",1800,11,"A","I","A","ELK GROVE FLORIN RD","BOND RD",35,"S","N","2014-05-14",340,"2013-11-22",1727,"10380","5103","5","5","0","0",,"0","005","G","N",,0,0,,,0,,,,"Y",1,"A","-",23152,"A","N","A","H","-","C","D","0","Y","A","01",0,1,0,0,0,0,0,0,0,"-","-","ELK GROVE","SACRAMENTO","CA",0,0
"6284631",-121.1415891,38.6059767,2013,"3400","5","7","4","08",0,1,"A",,,"Y",,,1800,11,"F","A","A","SCOTT RD","WHITE ROCK RD",4118,"S","N","2014-05-08",9260,"2013-11-24",1620,"18352",,"2","9","0","3",,"2","001","-","N",,0,0,,,0,,,,"Y",1,"A","-",22107,,"N","A","H","-","A","D","0","Y","C","02",0,0,1,0,0,0,0,0,1,"-","-","UNINCORPORATED","SACRAMENTO","CA",-121.14147,38.60577
"6284627",-121.2256265,38.6570324,2013,"3400","4","2","4","03",0,1,"A",,,,,,1500,11,"C","C","A","HAZEL AV","ROEDIGER LN",50,"N","N","2014-05-08",9260,"2013-11-26",1445,"16352",,"2","9","0","2",,"2","307","-","N",,0,0,,,0,,,,"N",2,"A","-",22350,,"N","A","H","-","A","D","0","Y","A","01",0,0,1,0,0,0,0,0,0,"-","-","UNINCORPORATED","SACRAMENTO","CA",0,0
"6284623",-121.3744929,38.5534775,2013,"3400","4","1","4","03",0,1,"A",,,,,,2100,11,"C","C","A","FOLSOM BL","WATT AV",240,"E","N","2014-05-09",9260,"2013-11-25",1810,"15944",,"2","9","0","2",,"2","103","-","N",,0,0,,,0,,,,"N",3,"A","-",22350,,"N","A","H","-","C","D","0","Y","A","01",0,0,1,0,0,0,0,0,0,"-","-","UNINCORPORATED","SACRAMENTO","CA",0,0
"6284619",-121.3349413,38.5330638,2013,"3400","4","6","3","08",0,1,"A",,,,,,600,11,"E","I","A","BRADSHAW RD","JACKSON RD",1478,"N","N","2014-05-08",9260,"2013-11-30",454,"18456",,"3","9","0","2",,"2","101","-","N",,0,0,,,0,,,,"Y",1,"A","-",22107,,"N","A","H","-","C","D","0","Y","A","01",0,1,0,0,0,0,0,0,0,"-","-","UNINCORPORATED","SACRAMENTO","CA",0,0
"6284615",-121.3744801,38.559138,2013,"3400","2","1","4","03",0,1,"B",,,,,,1800,11,"C","C","A","RT 50","WATT AV",1056,"E","N","2014-05-08",9260,"2013-11-18",1720,"12781",,"2","9","0","1",,"2","501","-","Y","SAC",3,50,"-","R",5.54,"H","-","E","Y",2,"A","-",22350,,"N","A","H","-","C","D","1","Y","A","01",0,0,1,0,0,0,0,0,0,"-","-","UNINCORPORATED","SACRAMENTO","CA",0,0
"6284534",-121.210243,38.6679751,2013,"3400","4","4","3","09",0,2,"A",,,,,,1500,12,"D","C","A","MADISON AV","BLUE OAK DR",0,,"Y","2014-05-20",9260,"2013-12-05",1425,"17084",,"2","9","0","2",,"2","304","-","Y",,0,0,,,0,,,,"Y",2,"A","-",21801,"A","N","A","H","-","A","A","0","Y","A","01",0,1,1,0,0,0,0,0,0,"-","-","UNINCORPORATED","SACRAMENTO","CA",-121.12364,38.4944
"6284148",-121.3281031,38.6354551,2013,"3400","4","1","3","09",0,3,"A",,,,,,1800,9,"D","C","A","FAIR OAKS BL","DON WY",0,,"Y","2014-04-30",9250,"2013-09-30",1520,"018126",,"2","9","0","2",,"1","053","-","N",,0,0,,,0,,,,"Y",2,"A","-",21801,"A","N","A","H","-","A","A","0","Y","A","01",0,1,2,0,0,0,0,0,0,"-","-","UNINCORPORATED","SACRAMENTO","CA",0,0
"6283969",-121.2896454,38.423399,2013,"3450","0","3","3","18",0,1,"A",,,,,,1800,12,"E","J","A","WILTON RD","GRANT LINE RD",4185,"S","N","2014-05-30",340,"2013-12-04",1732,"10415","3701","5","5","0","0",,"0","003","-","N",,0,0,,,0,,,,"Y",2,"C","-",0,,"N","A","H","-","D","D","0","Y","-","-",0,1,0,0,0,0,0,0,0,"-","-","ELK GROVE","SACRAMENTO","CA",0,0
"6283965",-121.302313,38.438175,2013,"3450","0","3","4","09",0,2,"A",,,,,,1800,12,"D","C","A","SHELDON RD","MECCA RD",0,,"Y","2014-06-02",340,"2013-12-04",1745,"10527","3602","5","5","0","0",,"0","003","-","N",,0,0,,,0,,,,"Y",2,"A","-",21801,"A","N","A","H","-","D","D","0","Y","D","22",0,0,2,0,0,0,0,0,0,"-","-","ELK GROVE","SACRAMENTO","CA",0,0
"6283862",-121.4815732,38.579595,2013,"3404","0","3","4","09",0,3,"A",,,,,,1500,11,"-","C","A","H ST","18TH ST",0,,"Y","2014-05-09",3404,"2013-11-27",1400,"0844","3","5","7","0","0",,"0","00B","-","N",,0,0,,,0,,,,"Y",2,"A","-",21804,,"N","A","H","-","A","A","0","Y","A","07",0,0,3,0,0,0,0,0,0,"-","-","SACRAMENTO","SACRAMENTO","CA",0,0
"6283858",-121.4838231,38.581405,2013,"3404","0","7","4","-",0,1,"A",,,,,,1200,11,"D","C","A","16TH ST","G ST",0,,"Y","2014-05-09",3404,"2013-11-17",943,"617",,"5","7","0","0",,"0","03B","-","N",,0,0,,,0,,,,"Y",2,"A","-",0,,"N","A","H","-","A","A","0","Y","A","01",0,0,1,0,0,0,0,0,0,"-","-","SACRAMENTO","SACRAMENTO","CA",0,0
"6283854",-121.5013031,38.481285,2013,"3404","0","6","3","17",0,1,"A",,"Y",,,,900,11,"H","G","A","AMHERST ST","MEADOWVIEW RD",0,,"Y","2014-05-19",3404,"2013-11-23",845,"0499","5","5","7","0","0",,"0","05A","-","N",,0,0,,,0,,,,"Y",2,"A","-",21200,,"N","A","H","-","A","A","0","Y","L","04",0,1,0,0,0,0,1,0,0,"-","-","SACRAMENTO","SACRAMENTO","CA",0,0
"6283849",-121.2722338,38.6637876,2013,"3400","4","4","4","03",0,1,"B",,,"Y",,,300,11,"C","C","A","SUNRISE BL","MADISON AV",10,"S","N","2014-05-08",9260,"2013-11-21",30,"018691",,"3","9","0","2",,"2","301","C","N",,0,0,,,0,,,,"N",2,"A","-",22350,,"F","B","H","-","C","A","0","Y","-","99",0,0,1,0,0,0,0,0,1,"-","-","UNINCORPORATED","SACRAMENTO","CA",0,0
"6283845",-121.1626731,38.6424652,2013,"3401","2","3","3","03",0,1,"B",,,,,,1500,11,"F","I","A","RT 50","PRAIRIE CITY RD",400,"W","N","2014-05-08",9260,"2013-11-20",1215,"013147",,"1","5","0","1",,"2","502","C","Y","SAC",3,50,"-","-",18.991,"R","2","W","Y",1,"A","-",22350,,"N","B","H","-","A","D","1","Y","A","01",0,1,0,0,0,0,0,0,0,"-","-","FOLSOM","SACRAMENTO","CA",0,0
"6283804",-121.4803451,38.4871024,2013,"3404","0","6","3","05",0,1,"A",,,,,,1500,11,"-","-","A","24TH ST","MATSON DR",50,"N","N","2014-05-09",3404,"2013-11-30",1212,"0788","5","5","7","0","0",,"0","05A","-","N",,0,0,,,0,,,,"Y",2,"A","-",21460,"A","N","A","H","-","A","D","0","Y","A","07",0,1,0,0,0,0,0,0,0,"-","-","SACRAMENTO","SACRAMENTO","CA",0,0
"6283172",-121.3739348,38.5517968,2013,"3400","4","2","4","09",0,1,"A",,,,,,900,12,"D","C","A","SOUTH WATT AV","FOLSOM BL",600,"S","N","2014-05-23",9260,"2013-12-10",855,"13560",,"1","9","0","2",,"2","101","-","N",,0,0,,,0,,,,"Y",2,"A","-",21801,"A","N","A","H","-","A","D","0","Y","A","01",0,0,1,0,0,0,0,0,0,"-","-","UNINCORPORATED","SACRAMENTO","CA",-121,38
"6282758",-121.3506976,38.565304,2013,"3400","5","3","4","03",0,1,"B",,,"Y",,,1500,11,"F","A","A","MAYHEW RD","FOLSOM BL",20,"S","N","2014-12-04",9260,"2013-11-20",1455,"014633",,"2","9","0","3",,"2","001","C","N",,0,0,,,0,,,,"N",1,"A","-",22350,,"N","B","H","-","A","A","0","Y","C","02",0,0,1,0,0,0,0,0,1,"-","-","UNINCORPORATED","SACRAMENTO","CA",0,0
"6282472",-121.3065131,38.7104251,2013,"3496","1","6","3","08",0,1,"A",,,"Y",,,2100,11,"F","A","A","RT 80","ANTELOPE RD",250,"E","N","2014-04-03",9250,"2013-11-02",2005,"13794",,"2","5","0","1",,"2","183","-","Y","SAC",3,80,"-","-",16.863,"R","2","W","Y",1,"A","-",22107,,"N","A","H","-","C","D","1","Y","C","02",0,1,0,0,0,0,0,0,1,"WF","-","CITRUS HEIGHTS","SACRAMENTO","CA",0,0
"6282464",-121.3750231,38.5590851,2013,"3400","2","6","3","01",0,1,"A",,,,,"Y",300,11,"E","I","A","RT 50","WATT AV",15,"W","N","2014-04-04",9252,"2013-11-16",120,"17027",,"3","9","0","1",,"2","151","-","Y","SAC",3,50,"-","R",5.518,"R","2","E","Y",1,"A","-",23152,"A","N","A","D","-","C","D","0","Y","A","01",0,1,0,0,0,0,0,0,0,"FR","-","UNINCORPORATED","SACRAMENTO","CA",0,0
"6282456",-121.2425037,38.5092987,2013,"3490","0","7","4","08",0,1,"A",,,,,,1200,11,"E","I","A","SUNRISE BL","RT 16",1276,"N","N","2014-03-25",3400,"2013-11-03",1108,,,"5","5","0","0",,"0",,"-","N",,0,0,,,0,,,,"Y",1,"A","-",22107,,"N","A","H","-","A","D","0","Y","A","01",0,0,1,0,0,0,0,0,0,"-","-","RANCHO CORDOVA","SACRAMENTO","CA",0,0
"6282293",-121.3709412,38.5387733,2013,"3400","5","3","4","03",0,1,"A",,,,"Y",,900,12,"F","A","A","WATT AV","RT 16",35,"N","N","2014-05-27",9260,"2013-12-04",859,"017084",,"1","9","0","3",,"2","001","-","Y","SAC",3,16,"-","-",4.166,"I","5","E","Y",1,"A","-",22350,,"N","A","H","-","A","D","0","Y","G","25",0,0,1,0,0,0,0,0,0,"-","-","UNINCORPORATED","SACRAMENTO","CA",0,0
"6282082",-121.4288642,38.6003661,2013,"3404","0","6","3","05",0,1,"A",,"Y",,,,1500,10,"D","G","A","ARDEN WAY","HERITAGE LN",14,"W","N","2014-04-21",3404,"2013-10-19",1309,"441",,"5","7","0","0",,"0","02C","-","N",,0,0,,,0,,,,"N",2,"A","-",21650,"1","N","A","H","-","A","A","0","Y","L","04",0,1,0,0,0,0,1,0,0,"-","-","SACRAMENTO","SACRAMENTO","CA",0,0
"6281998",-121.1686993,38.6553391,2013,"3401","0","1","4","03",0,1,"A",,,,,,900,11,"C","C","A","PRAIRIE CITY RD","BLUE RAVINE RD",378,"S","N","2014-05-09",3401,"2013-11-04",817,"203","4","5","5","0","0",,"0","004","-","N",,0,0,,,0,,,,"Y",2,"A","-",22350,,"N","A","H","-","A","A","0","Y","A","01",0,0,1,0,0,0,0,0,0,"-","-","FOLSOM","SACRAMENTO","CA",-121.16787,38.65942
"6281994",-121.1726237,38.6799419,2013,"3401","0","3","3","11",0,1,"A","Y",,,,,2100,11,"G","B","D","SUTTER ST","COLOMA ST",75,"W","N","2014-05-09",3401,"2013-11-06",1819,"167","2","5","5","0","0",,"0","002","-","N",,0,0,,,0,,,,"N",2,"A","-",21954,"A","N","A","H","-","D","D","0","Y","N","60",0,1,0,0,1,0,0,0,0,"-","-","FOLSOM","SACRAMENTO","CA",0,0
"6281982",0,0,2013,"3401","0","7","3","03",0,1,"A",,,,,,1800,11,"C","C","A","E BIDWELL ST","VIA FELICE",300,"S","N","2014-05-09",3401,"2013-11-03",1515,"214","4","5","5","0","0",,"0","004","-","N",,0,0,,,0,,,,"Y",2,"A","-",22350,,"N","A","H","-","A","D","0","Y","A","01",0,1,0,0,0,0,0,0,0,"-","-","FOLSOM","SACRAMENTO","CA",0,0
"6281942",-121.164843,38.651295,2013,"3401","0","1","4","12",0,2,"A",,,,,,2100,11,"D","C","A","PRAIRIE CITY RD","WILLARD DR",0,,"Y","2014-05-09",3401,"2013-11-04",2017,"195","4","5","5","0","0",,"0","004","-","N",,0,0,,,0,,,,"Y",2,"A","-",21453,"A","N","A","H","-","C","A","0","Y","A","01",0,0,2,0,0,0,0,0,0,"-","-","FOLSOM","SACRAMENTO","CA",-121.16501,38.65116
"6281938",0,0,2013,"3401","0","7","4","07",0,1,"A",,,,,,300,11,"F","I","A","OAK AVENUE PKWY","WILLOW CREEK DR",501,"S","N","2014-05-09",3401,"2013-11-03",32,"220","3","5","5","0","0",,"0","003","-","N",,0,0,,,0,,,,"Y",1,"A","-",21658,"A","N","A","H","-","C","D","0","Y","A","01",0,0,1,0,0,0,0,0,0,"-","-","FOLSOM","SACRAMENTO","CA",0,0
"6281934",-121.1553793,38.6698568,2013,"3401","0","1","4","03",0,2,"A",,,,,,1800,11,"C","C","A","E BIDWELL ST","BLUE RAVINE",475,"W","N","2014-05-09",3401,"2013-11-04",1726,"203","2","5","5","0","0",,"0","002","-","N",,0,0,,,0,,,,"Y",2,"A","-",22350,,"N","A","H","-","C","A","0","Y","A","01",0,0,2,0,0,0,0,0,0,"-","-","FOLSOM","SACRAMENTO","CA",-121.16111,38.66853
"6281534",-121.4911182,38.6274841,2013,"3404","0","4","2","05",0,1,"A",,"Y",,,,1800,10,"D","G","A","SAN JUAN RD","TUMBLEWEED",50,"W","N","2014-04-24",3404,"2013-10-31",1507,"492",,"5","7","0","0",,"0","01B","-","N",,0,0,,,0,,,,"N",2,"A","-",21650,"1","N","A","-","-","A","D","0","Y","L","04",1,0,0,0,0,0,1,0,0,"-","-","SACRAMENTO","SACRAMENTO","CA",0,0
"6280781",-121.4781131,38.560245,2013,"3404","0","7","4","08",0,2,"A",,,,,,1200,11,"D","C","A","W ST","26TH ST",0,,"Y","2014-03-18",3404,"2013-11-17",1148,"0522","3","5","7","0","0",,"0","00B","-","N",,0,0,,,0,,,,"N",2,"A","-",22100,"B","N","A","H","-","A","D","0","Y","A","01",0,0,2,0,0,0,0,0,0,"-","-","SACRAMENTO","SACRAMENTO","CA",0,0
"6280636",-121.444634,38.5942955,2013,"3404","3","5","4","03",0,1,"A",,,,,,1500,10,"C","C","A","RT 51","EXPOSITION BL",1056,"S","N","2014-04-25",9250,"2013-10-18",1325,"015961",,"1","7","0","1",,"2","152","-","Y","SAC",3,51,"-","-",3.16,"H","-","S","N",2,"A","-",22350,,"F","A","H","-","A","D","1","Y","A","01",0,0,1,0,0,0,0,0,0,"-","-","SACRAMENTO","SACRAMENTO","CA",0,0
"6280559",0,0,2013,"3490","0","1","3","12",0,1,"A",,"Y",,,,2100,10,"D","G","A","ROUTIER RD","LINCOLN VILLAGE DR",0,,"Y","2014-04-29",3400,"2013-10-28",1906,"1354","RC","5","5","0","0",,"0",,"-","N",,0,0,,,0,,,,"N",2,"A","-",21453,"A","N","A","H","-","C","A","0","Y","L","04",0,1,0,0,0,0,1,0,0,"-","-","RANCHO CORDOVA","SACRAMENTO","CA",0,0
"6280555",-121.2756922,38.6025127,2013,"3490","0","5","4","03",0,1,"A",,,,,,1800,10,"C","C","A","KILGORE RD","FOLSOM BL",20,"S","N","2014-04-29",3400,"2013-10-25",1547,"20CSO","RC 5","5","5","0","0",,"0","005","-","N",,0,0,,,0,,,,"Y",2,"A","-",22350,,"N","A","H","-","A","A","0","Y","-","-",0,0,1,0,0,0,0,0,0,"-","-","RANCHO CORDOVA","SACRAMENTO","CA",0,0
"6280551",-121.2941035,38.5934697,2013,"3490","0","3","2","17",0,1,"A","Y",,,,,300,10,"G","B","E","FOLSOM BL","ARAMON DR",10,"E","N","2014-04-29",3400,"2013-10-23",41,"504","05","5","5","0","0",,"0","005","-","N",,0,0,,,0,,,,"N",2,"A","-",21209,"A","N","A","H","-","C","A","0","Y","-","-",1,0,0,0,1,0,0,0,0,"-","-","RANCHO CORDOVA","SACRAMENTO","CA",0,0
"6280547",-121.2946933,38.5859264,2013,"3490","0","4","3","08",0,1,"A",,"Y",,,,1800,10,"B","G","A","SOUTH WHITE ROCK RD","CAPITAL CENTER DR",25,"E","N","2014-04-29",3400,"2013-10-31",1738,"20CSO","RC","5","5","0","0",,"0","005","-","N",,0,0,,,0,,,,"N",2,"A","-",22107,,"N","A","H","-","A","D","0","Y","-","-",0,1,0,0,0,0,1,0,0,"-","-","RANCHO CORDOVA","SACRAMENTO","CA",0,0
"6280543",0,0,2013,"3490","0","5","3","12",0,1,"A",,,,,,2100,10,"B","C","A","ZINFANDEL DR","CAPITAL VILLAGE LN",0,,"Y","2014-05-19",3400,"2013-10-18",1908,"20CSO","RC","5","5","0","0",,"0","005","-","N",,0,0,,,0,,,,"Y",2,"A","-",21453,"A","N","A","H","-","C","A","0","Y","-","-",0,1,0,0,0,0,0,0,0,"-","-","RANCHO CORDOVA","SACRAMENTO","CA",0,0
"6280539",-121.3157531,38.582805,2013,"3490","0","2","4","12",0,1,"A",,,,,,1800,10,"D","C","A","FOLSOM BL","BRAVADO DR",0,,"Y","2014-05-19",3400,"2013-10-29",1517,"1492",,"5","5","0","0",,"0","005","-","N",,0,0,,,0,,,,"N",2,"A","-",21453,"A","N","A","H","-","A","A","0","Y","-","-",0,0,1,0,0,0,0,0,0,"-","-","RANCHO CORDOVA","SACRAMENTO","CA",0,0
"6280484",-121.2793431,38.604815,2013,"3490","0","5","4","09",0,1,"A",,,,,,900,10,"D","C","A","QUEENWOOD DR","ALANDALE WY",0,,"Y","2014-04-29",3400,"2013-10-25",822,"1492","RC","5","5","0","0",,"0","005","-","N",,0,0,,,0,,,,"N",2,"A","-",21802,"A","N","A","H","-","A","A","0","Y","-","-",0,0,1,0,0,0,0,0,0,"-","-","RANCHO CORDOVA","SACRAMENTO","CA",0,0
"6280418",-121.2844945,38.6071174,2013,"3490","0","2","3","08",0,1,"A",,"Y",,,,900,10,"H","G","A","ZINFANDEL DR","MCGREGOR DR",230,"E","N","2014-11-20",3400,"2013-10-15",615,"507",,"5","5","0","0",,"0",,"-","N",,0,0,,,0,,,,"N",2,"A","-",22107,,"F","A","H","-","A","D","0","Y","-","-",0,1,0,0,0,0,1,0,0,"-","-","RANCHO CORDOVA","SACRAMENTO","CA",0,0
"6280303",0,0,2013,"3490","0","7","3","01",0,1,"A",,,,,"Y",2100,11,"F","I","A","ZINFANDEL DR","BAROQUE DR",2640,"S","N","2014-05-05",3400,"2013-11-17",2022,"1492",,"5","5","0","0",,"0",,"-","N",,0,0,,,0,,,,"Y",1,"A","-",23152,"A","N","A","H","-","D","D","0","Y","A","01",0,1,0,0,0,0,0,0,0,"-","-","RANCHO CORDOVA","SACRAMENTO","CA",0,0
"6280299",-121.3100044,38.5858698,2013,"3490","0","4","4","09",0,1,"A",,"Y",,,,900,11,"D","G","A","PASEO DR","FOLSOM BL",80,"N","N","2014-05-06",3400,"2013-11-14",806,"1354","RC","5","5","0","0",,"0",,"-","N",,0,0,,,0,,,,"N",2,"A","-",21804,"A","N","A","H","-","A","A","0","Y","-","-",0,0,1,0,0,0,1,0,0,"-","-","RANCHO CORDOVA","SACRAMENTO","CA",0,0
"6280295",-121.2694231,38.605665,2013,"3490","0","7","4","09",0,4,"A",,,,,,2400,11,"D","C","A","SUNRISE BL","FOLSOM BL",0,,"Y","2014-05-06",3400,"2013-11-10",2105,"1470",,"5","5","0","0",,"0",,"-","N",,0,0,,,0,,,,"Y",2,"A","-",21453,"C","N","A","H","-","C","A","0","Y","A","01",0,0,4,0,0,0,0,0,0,"-","-","RANCHO CORDOVA","SACRAMENTO","CA",0,0
"6280272",-121.3112363,38.5836381,2013,"3490","0","2","4","00",0,1,"A",,,,,,1800,11,"E","I","A","MILLS STATION RD","MATHER FIELD RD",400,"W","N","2014-05-05",3400,"2013-11-12",1635,"232",,"5","5","0","0",,"0",,"-","N",,0,0,,,0,,,,"Y",1,"A","-",23103,,"N","A","H","-","A","D","0","Y","-","-",0,0,1,0,0,0,0,0,0,"-","-","RANCHO CORDOVA","SACRAMENTO","CA",0,0
"6280179",-121.4094231,38.555485,2013,"3404","0","6","4","01",0,1,"A",,,,,"Y",300,11,"D","C","A","HOWE AV","COLLEGE TOWN DR",0,,"Y","2014-05-08",3404,"2013-11-23",233,"0655","3","5","7","0","0",,"0","00C","-","N",,0,0,,,0,,,,"Y",2,"A","-",23153,"A","N","A","H","-","C","A","0","Y","A","01",0,0,1,0,0,0,0,0,0,"-","-","SACRAMENTO","SACRAMENTO","CA",0,0
"6280175",-121.4807531,38.578165,2013,"3404","0","3","4","08",0,1,"B","Y",,,,,900,11,"G","B","B","I ST","19TH ST",0,,"Y","2014-05-08",3404,"2013-11-20",638,"388","3","5","7","0","0",,"0","00B","C","N",,0,0,,,0,,,,"N",2,"A","-",22107,,"N","B","H","-","B","A","0","Y","A","01",0,0,1,0,1,0,0,0,0,"-","-","SACRAMENTO","SACRAMENTO","CA",0,0
"6280171",-121.4653231,38.563085,2013,"3404","0","3","3","03",0,1,"B",,,"Y",,,1500,11,"F","I","A","STOCKTON BL","R ST",0,,"Y","2014-05-09",3404,"2013-11-20",1213,"596",,"5","7","0","0",,"0","03B","C","N",,0,0,,,0,,,,"N",1,"A","-",22350,,"N","B","H","-","A","D","0","Y","C","02",0,1,0,0,0,0,0,0,1,"-","-","SACRAMENTO","SACRAMENTO","CA",0,0
"6279801",-121.4546431,38.474405,2013,"3404","0","3","4","03",0,1,"A",,,,,,1800,11,"C","C","A","MACK RD","DEER CREEK RD",0,"W","-","2014-05-17",3404,"2013-11-27",1552,"505",,"5","7","0","0",,"0","05B","-","N",,0,0,,,0,,,,"N",2,"A","-",22350,,"N","A","H","-","A","A","0","Y","A","01",0,0,1,0,0,0,0,0,0,"-","-","SACRAMENTO","SACRAMENTO","CA",0,0
"6279703",-121.327093,38.7059851,2013,"3496","0","5","4","12",0,1,"A",,,,,,1500,10,"D","C","A","ANTELOPE RD","DALY BL",0,,"Y","2014-04-17",3496,"2013-10-25",1350,"177",,"5","5","0","0",,"0",,"-","N",,0,0,,,0,,,,"Y",3,"A","-",21453,"A","N","A","H","-","A","A","0","Y","D","22",0,0,1,0,0,0,0,0,0,"-","-","CITRUS HEIGHTS","SACRAMENTO","CA",0,0
"6279535",-121.4355919,38.4743128,2013,"3404","0","1","4","03",0,1,"A",,,,,,1200,11,"C","C","A","MACK RD","CENTER PKWY",404,"E","N","2014-05-09",3404,"2013-11-18",1056,"639",,"5","7","0","0",,"0","056","-","N",,0,0,,,0,,,,"N",2,"A","-",22350,,"N","A","H","-","A","D","0","Y","D","22",0,0,1,0,0,0,0,0,0,"-","-","SACRAMENTO","SACRAMENTO","CA",0,0
"6279534",-121.4309931,38.481605,2013,"3404","0","6","4","03",0,1,"A",,,,,,1800,11,"C","C","A","LA MANCHA WY","TANGERINE AV",0,,"Y","2014-05-09",3404,"2013-11-30",1730,"0788","5","5","7","0","0",,"0","05C","-","N",,0,0,,,0,,,,"N",2,"A","-",22350,,"F","A","H","-","A","D","0","Y","A","01",0,0,1,0,0,0,0,0,0,"-","-","SACRAMENTO","SACRAMENTO","CA",0,0
"6279533",-121.4223424,38.6225417,2013,"3404","0","1","4","01",0,2,"A",,,,,"Y",1800,12,"C","C","A","ROSEVILLE RD","MARCONI CIR",60,"S","N","2014-05-30",3404,"2013-12-02",1709,"234",,"5","7","0","0",,"0","02C","-","N",,0,0,,,0,,,,"Y",4,"A","-",23152,"A","N","A","H","-","C","D","0","Y","D","22",0,0,2,0,0,0,0,0,0,"-","-","SACRAMENTO","SACRAMENTO","CA",0,0