"CASEID","POINT_X","POINT_Y","YEAR_","LOCATION","CHPTYPE","DAYWEEK","CRASHSEV","VIOLCAT","KILLED","INJURED","WEATHER1","PEDCOL","BICCOL","MCCOL","TRUCKCOL","ETOH","TIMECAT","MONTH_","CRASHTYP","INVOLVE","PED","PRIMARYRD","SECONDRD","DISTANCE","DIRECT","INTERSECT_","PROCDATE","JURIS","DATE_","TIME_","BADGE","JURIDIST","SHIFT","POP","SPECIAL","BEATTYPE","LAPDDIV","BEATCLAS","BEATNUMB","WEATHER2","STATEHW","CALTRANC","CALTRAND","STROUTE","ROUTESUF","POSTPRE","POSTMILE","LOCATYPE","RAMP","SIDEHW","TOWAWAY","PARTIES","PCF","VIOLCODE","VIOL","VIOLSUB","HITRUN","ROADSURF","RDCOND1","RDCOND2","LIGHTING","RIGHTWAY","CHPRDTYP","NOTPRIV","STFAULT","CHPFAULT","SEVINJ","OTHERINJ","COP","PEDKILL","PEDINJ","BICKILL","BICINJ","MCKILL","MCINJURE","RAMP1","RAMP2","CITY","COUNTY","STATE","X_CHP","Y_CHP"
"6277612",-121.4154579,38.5913833,2013,"3400","4","4","4","05",0,1,"A",,"Y",,,,2100,10,"D","G","A","HOWE AV","HALLMARK DR",150,"S","N","2014-04-21",9250,"2013-10-17",1910,"18045",,"2","9","0","2",,"1","041","-","N",,0,0,,,0,,,,"N",2,"A","-",21650,"1","N","A","H","-","C","D","0","Y","L","04",0,0,1,0,0,0,1,0,0,"-","-","UNINCORPORATED","SACRAMENTO","CA",0,0
"6277611",-121.308563,38.6636251,2013,"3404","4","3","4","12",0,2,"A",,,,,,1500,10,"D","C","A","MADISON AV","DEWEY DR",0,,"Y","2014-04-19",9250,"2013-10-16",1421,"17482",,"2","7","0","2",,"1","024","-","N",,0,0,,,0,,,,"Y",3,"A","-",21453,"A","N","A","H","-","A","A","0","Y","A","01",0,0,2,0,0,0,0,0,0,"-","-","SACRAMENTO","SACRAMENTO","CA",0,0
"6277608",-121.4014432,38.625245,2013,"3400","4","1","4","05",0,1,"A",,"Y",,,,1500,10,"D","G","A","FULTON AV","POPE AV",0,,"Y","2014-04-21",9250,"2013-10-14",1358,"16225",,"1","9","0","2",,"1","045","-","N",,0,0,,,0,,,,"N",2,"A","-",21650,"1","N","A","H","-","A","A","0","Y","L","04",0,0,1,0,0,0,1,0,0,"-","-","UNINCORPORATED","SACRAMENTO","CA",0,0
"6277607",-121.4154631,38.5776151,2013,"3400","4","3","4","12",0,1,"A",,,,,,1500,10,"D","C","A","HOWE AV","FEATURE DR",0,,"Y","2014-04-19",9250,"2013-10-16",1440,"17818",,"2","9","0","2",,"1","041","-","N",,0,0,,,0,,,,"N",2,"A","-",21453,"A","N","A","H","-","A","A","0","Y","A","01",0,0,1,0,0,0,0,0,0,"-","-","UNINCORPORATED","SACRAMENTO","CA",0,0
"6277604",-121.3327877,38.6944893,2013,"3400","5","5","4","08",0,1,"A",,,,,,2100,10,"E","I","A","ANDREA BL","ROCA WY",45,"E","N","2014-04-21",9250,"2013-10-04",1930,"15961",,"2","9","0","3",,"2","010","-","N",,0,0,,,0,,,,"Y",1,"A","-",22107,,"N","A","H","-","C","D","0","Y","A","07",0,0,1,0,0,0,0,0,0,"-","-","UNINCORPORATED","SACRAMENTO","CA",0,0
"6277603",-121.3236032,38.636809,2013,"3400","4","3","3","01",0,1,"A",,,,,,1800,10,"E","I","A","FAIR OAKS BL","LEOS LN",60,"W","N","2014-04-19",9250,"2013-10-16",1600,"17482",,"2","9","0","2",,"1","053","-","N",,0,0,,,0,,,,"Y",1,"A","-",23152,"A","N","A","H","-","A","D","0","Y","A","01",0,1,0,0,0,0,0,0,0,"-","-","UNINCORPORATED","SACRAMENTO","CA",0,0
"6277576",-121.483429,38.4958415,2013,"3404","0","1","3","11",0,1,"A","Y",,,,,1800,11,"G","B","D","FLORIN RD","24TH ST",202,"W","N","2014-05-06",3404,"2013-11-11",1742,"0831",,"5","7","0","0",,"0","04B","-","N",,0,0,,,0,,,,"N",2,"A","-",21955,,"N","A","H","-","C","D","0","Y","N","60",0,1,0,0,1,0,0,0,0,"-","-","SACRAMENTO","SACRAMENTO","CA",0,0
"6277229",-121.3645232,38.661165,2013,"3400","4","2","4","12",0,1,"A",,,,,,900,10,"D","C","A","MADISON AV","HILLSDALE BL",0,,"Y","2014-11-18",9250,"2013-10-22",855,"15869",,"1","9","0","2",,"1","016","-","N",,0,0,,,0,,,,"Y",3,"A","-",21453,"A","N","A","H","-","A","A","0","Y","A","01",0,0,1,0,0,0,0,0,0,"-","-","UNINCORPORATED","SACRAMENTO","CA",0,0
"6276684",-121.4973632,38.524615,2013,"3404","0","6","4","03",0,1,"A","Y",,,,,1800,11,"G","B","E","FREEPORT BL","FRUITRIDGE RD",0,,"Y","2014-05-08",3404,"2013-11-16",1759,"473","4/4B","5","7","0","0",,"0","4/4B","-","N",,0,0,,,0,,,,"N",2,"A","-",22350,,"N","A","H","-","C","A","0","Y","A","01",0,0,1,0,1,0,0,0,0,"-","-","SACRAMENTO","SACRAMENTO","CA",0,0
"6276680",-121.5002193,38.5821256,2013,"3404","0","7","4","03",0,2,"A",,,,,,1800,11,"C","C","A","J ST","5TH ST",35,"W","N","2014-05-08",3404,"2013-11-24",1514,"224",,"5","7","0","0",,"0","03M","-","N",,0,0,,,0,,,,"N",2,"A","-",22350,,"N","A","H","-","A","A","0","Y","A","01",0,0,2,0,0,0,0,0,0,"-","-","SACRAMENTO","SACRAMENTO","CA",0,0
"6276676",-121.466673,38.569455,2013,"3404","0","5","4","12",0,1,"A",,,,,,900,11,"D","C","A","ALHAMBRA BL","FOLSOM BL",0,,"Y","2014-05-08",3404,"2013-11-29",803,"0660",,"5","7","0","0",,"0",,"-","N",,0,0,,,0,,,,"Y",2,"A","-",21453,"A","N","A","H","-","A","A","0","Y","A","01",0,0,1,0,0,0,0,0,0,"-","-","SACRAMENTO","SACRAMENTO","CA",0,0
"6276541",-121.4963966,38.6128389,2013,"3404","0","6","4","09",0,2,"A",,,,,,1500,11,"D","C","A","WEST EL CAMINO AV","TRUXEL RD",420,"E","N","2014-12-04",3404,"2013-11-30",1450,"0903",,"5","7","0","0",,"0",,"-","N",,0,0,,,0,,,,"Y",2,"A","-",21801,"A","N","A","H","-","A","D","0","Y","A","01",0,0,2,0,0,0,0,0,0,"-","-","SACRAMENTO","SACRAMENTO","CA",0,0
"6276331",-121.4160811,38.528903,2013,"3404","0","1","2","11",0,1,"B","Y",,,,,900,12,"G","B","D","STANDISH RD","25TH AV",38,"E","N","2014-05-29",3404,"2013-12-02",650,"810",,"5","7","0","0",,"0","0LC","-","N",,0,0,,,0,,,,"Y",2,"A","-",21950,"B","N","A","H","-","B","D","0","Y","N","60",1,0,0,0,1,0,0,0,0,"-","-","SACRAMENTO","SACRAMENTO","CA",0,0
"6275889",-121.2654531,38.6108051,2013,"3490","2","7","2","01",0,2,"A",,,,,"Y",300,12,"E","I","A","RT 50","SUNRISE BL",287,"W","N","2014-05-20",9260,"2013-12-01",30,"17027",,"3","5","0","1",,"2","501","-","Y","SAC",3,50,"-","-",12.418,"R","2","E","Y",1,"A","-",23152,"A","F","A","H","-","C","D","1","Y","D","22",1,1,0,0,0,0,0,0,0,"EO","-","RANCHO CORDOVA","SACRAMENTO","CA",0,0
"6275857",0,0,2013,"3404","0","6","3","03",0,2,"A",,,,,"Y",900,11,"E","I","A","ROSEVILLE RD","0ROSEVILLE RD LIGHT RAIL",2112,"S","N","2014-05-09",3404,"2013-11-30",804,"417",,"5","7","0","0",,"0",,"-","N",,0,0,,,0,,,,"Y",1,"A","-",22350,,"N","A","H","-","D","D","0","Y","-",,0,2,0,0,0,0,0,0,0,"-","-","SACRAMENTO","SACRAMENTO","CA",0,0
"6275853",0,0,2013,"3404","0","7","3","03",0,1,"A",,,,,,1200,9,"E","I","A","RIVER DR","EL CAMINO AV",0,,"Y","2014-04-11",3404,"2013-09-29",1016,"0844","1","5","7","0","0",,"0","00B","-","N",,0,0,,,0,,,,"N",1,"A","-",22350,,"F","A","H","-","A","D","0","Y","D","22",0,1,0,0,0,0,0,0,0,"-","-","SACRAMENTO","SACRAMENTO","CA",0,0
"6275413",-121.3230621,38.7073751,2013,"3496","0","1","4","07",0,1,"A",,,,,,1200,11,"B","C","A","ANTELOPE RD","MANGO TREE WY",300,"E","N","2014-05-12",3496,"2013-11-18",1106,"350",,"5","5","0","0",,"0","001","-","N",,0,0,,,0,,,,"N",2,"A","-",21658,"A","N","A","H","-","A","D","0","Y","D","22",0,0,1,0,0,0,0,0,0,"-","-","CITRUS HEIGHTS","SACRAMENTO","CA",0,0
"6275409",-121.3110177,38.6782177,2013,"3496","0","3","3","05",0,2,"B",,,,,,2100,11,"A","C","A","GREENBACK LN","DEWEY DR",164,"W","N","2014-05-12",3496,"2013-11-20",1844,"279","3496","5","5","0","0",,"0","003","C","N",,0,0,,,0,,,,"Y",3,"A","-",21651,"B","N","B","H","-","C","D","0","Y","A","08",0,1,1,0,0,0,0,0,0,"-","-","CITRUS HEIGHTS","SACRAMENTO","CA",0,0
"6275324",-121.4755632,38.6148599,2013,"3404","0","1","3","01",0,1,"A",,,,,"Y",300,11,"A","I","A","NORTHGATE BL","WILSON AV",304,"N","N","2014-05-12",3404,"2013-11-25",5,"0867","1","5","7","0","0",,"0","00C","-","N",,0,0,,,0,,,,"Y",1,"A","-",23152,"A","N","A","H","-","D","D","0","Y","D","22",0,1,0,0,0,0,0,0,0,"-","-","SACRAMENTO","SACRAMENTO","CA",0,0
"6275320",-121.4647231,38.541195,2013,"3404","0","3","4","09",0,1,"C",,"Y",,,,1800,11,"D","G","A","MARTIN LUTHER KING JR BL","12TH AV",0,,"Y","2014-05-12",3404,"2013-11-20",1515,"0676","6","5","7","0","0",,"0","00A","-","N",,0,0,,,0,,,,"N",2,"A","-",21802,"A","N","B","H","-","A","A","0","Y","L","04",0,0,1,0,0,0,1,0,0,"-","-","SACRAMENTO","SACRAMENTO","CA",0,0
"6275176",-121.4833432,38.582485,2013,"3404","0","5","4","17",0,1,"A",,,,"Y",,2100,11,"D","C","A","F ST","16TH ST",0,,"Y","2014-03-22",3404,"2013-11-15",1956,"464",,"5","7","0","0",,"0","03B","-","N",,0,0,,,0,,,,"N",2,"A","-",21461,"A","N","A","H","-","C","A","0","Y","F","26",0,0,1,0,0,0,0,0,0,"-","-","SACRAMENTO","SACRAMENTO","CA",0,0
"6275145",-121.441969,38.4987086,2013,"3400","4","1","4","03",0,1,"A",,,,,,1200,11,"C","C","A","6TH PKWY","ASTRON PKWY",200,"S","N","2014-05-08",9252,"2013-11-11",1015,"018073",,"1","9","0","2",,"1","072","-","N",,0,0,,,0,,,,"N",2,"A","-",22350,,"N","A","H","-","A","D","0","Y","D","22",0,0,1,0,0,0,0,0,0,"-","-","UNINCORPORATED","SACRAMENTO","CA",-121.44208,38.49862
"6275121",-121.50509,38.5804928,2013,"3404","1","6","2","07",0,2,"A",,,,,,1800,11,"E","I","A","RT 5","CAPITAL MALL",150,"N","N","2014-05-08",9252,"2013-11-09",1525,"018159",,"2","7","0","1",,"2","108","-","Y","SAC",3,5,"-","-",23.45,"H","-","S","Y",2,"A","-",21658,"A","N","A","H","-","A","D","1","Y","D","22",1,0,1,0,0,0,0,0,0,"-","-","SACRAMENTO","SACRAMENTO","CA",-121.50462,38.58087
"6275078",-121.4692591,38.5688071,2013,"3404","3","5","4","03",0,1,"A",,,,,,1800,11,"C","C","A","RT 51","P ST",800,"N","N","2014-05-08",9252,"2013-11-15",1750,"018286",,"2","7","0","1",,"2","193","-","Y","SAC",3,51,"-","-",0.72,"H","-","S","Y",4,"A","-",22350,,"N","A","H","-","C","D","1","Y","D","22",0,0,1,0,0,0,0,0,0,"-","-","SACRAMENTO","SACRAMENTO","CA",-121.46548,38.57716
"6275074",-121.4737668,38.5451819,2013,"3404","3","5","4","03",0,1,"A",,,,"Y",,1200,11,"C","C","A","RT 99","8TH AV",100,"S","N","2014-05-01",9252,"2013-11-22",940,"014512",,"1","7","0","1",,"2","192","-","Y","SAC",3,99,"-","-",23.4,"H","-","N","Y",5,"A","-",22350,,"N","A","H","-","A","D","1","Y","G","25",0,0,1,0,0,0,0,0,0,"-","-","SACRAMENTO","SACRAMENTO","CA",-121.47382,38.54449
"6275043",-121.3174946,38.3017999,2013,"3402","3","4","4","08",0,1,"A",,,,,,300,11,"F","A","A","RT 99","MINGO RD",303,"S","N","2014-05-01",9252,"2013-11-07",35,"018197",,"3","3","0","1",,"2","190","-","Y","SAC",3,99,"-","-",4.33,"H","-","N","Y",1,"A","-",22107,,"N","A","H","-","D","D","1","Y","-","-",0,0,1,0,0,0,0,0,0,"-","-","GALT","SACRAMENTO","CA",-121.31728,38.30163
"6275030",0,0,2013,"3400","5","1","4","03",0,1,"A",,,,,,1800,11,"C","C","A","NORTH MARKET BL","N FREEWAY BL",125,"W","N","2014-05-08",9250,"2013-11-18",1605,"15869",,"2","9","0","3",,"2","080","-","N",,0,0,,,0,,,,"N",2,"A","-",22350,,"N","B","H","-","A","A","0","Y","D","22",0,0,1,0,0,0,0,0,0,"-","-","UNINCORPORATED","SACRAMENTO","CA",0,0
"6275029",-121.3830412,38.6288024,2013,"3400","4","5","4","04",0,1,"A",,,,,,2100,11,"C","C","A","WATT AV","WHITNEY AV",50,"N","N","2014-05-08",9250,"2013-11-08",1830,"18560",,"2","9","0","2",,"1","045","-","N",,0,0,,,0,,,,"Y",3,"A","-",21703,,"N","A","H","-","C","D","0","Y","A","01",0,0,1,0,0,0,0,0,0,"-","-","UNINCORPORATED","SACRAMENTO","CA",0,0
"6275021",0,0,2013,"3400","5","2","3","09",0,2,"A",,,,,,1500,11,"D","C","A","DEAN ST","WINTERS ST / KILZER ST",0,,"Y","2014-05-08",9250,"2013-11-05",1235,"013997",,"1","9","0","3",,"2","060","-","N",,0,0,,,0,,,,"Y",2,"A","-",21802,"A","N","A","H","-","A","A","0","Y","A","07",0,1,1,0,0,0,0,0,0,"-","-","UNINCORPORATED","SACRAMENTO","CA",0,0
"6275017",-121.3573712,38.6732822,2013,"3400","4","1","4","09",0,1,"A",,,,,,900,11,"D","C","A","WALERGA RD","WILLOWBROOK DR",65,"N","N","2014-05-08",9250,"2013-11-04",830,"17509",,"1","9","0","2",,"1","013","-","N",,0,0,,,0,,,,"N",2,"A","-",21804,"A","N","A","H","-","A","D","0","Y","A","01",0,0,1,0,0,0,0,0,0,"-","-","UNINCORPORATED","SACRAMENTO","CA",0,0
"6275009",-121.4014431,38.604995,2013,"3400","4","1","4","03",0,1,"A",,,,,,1800,10,"C","C","A","FULTON AV","LA MESA WY",0,,"Y","2014-04-18",9250,"2013-10-28",1645,"17306",,"2","9","0","2",,"1","043","-","N",,0,0,,,0,,,,"Y",2,"A","-",22350,,"N","A","H","-","A","D","0","Y","A","01",0,0,1,0,0,0,0,0,0,"-","-","UNINCORPORATED","SACRAMENTO","CA",0,0
"6275001",-121.3572287,38.6730773,2013,"3400","4","1","4","09",0,1,"A",,,,,,1500,11,"D","C","A","WALERGA RD","WILLOWBROOK DR",20,"S","N","2014-05-07",9250,"2013-11-11",1235,"17383",,"1","9","0","2",,"1","013","-","N",,0,0,,,0,,,,"Y",2,"A","-",21804,"A","N","A","H","-","A","D","0","Y","D","22",0,0,1,0,0,0,0,0,0,"-","-","UNINCORPORATED","SACRAMENTO","CA",0,0
"6274993",-121.3829059,38.697004,2013,"3400","4","1","4","07",0,1,"A",,,,,,900,11,"B","C","A","WATT AV","Q ST",350,"S","N","2014-05-08",9250,"2013-11-04",833,"18014",,"1","9","0","2",,"1","011","-","N",,0,0,,,0,,,,"Y",2,"A","-",21658,"A","N","A","H","-","A","A","0","Y","A","01",0,0,1,0,0,0,0,0,0,"-","-","UNINCORPORATED","SACRAMENTO","CA",0,0
"6274978",-121.4107332,38.5960951,2013,"3400","4","1","4","09",0,1,"A",,,,,,1800,11,"D","C","A","ARDEN WY","BELL ST",0,,"Y","2014-05-08",9250,"2013-11-04",1706,"17818",,"2","9","0","2",,"1","046","-","N",,0,0,,,0,,,,"Y",2,"A","-",21453,"C","N","A","H","-","C","A","0","Y","A","01",0,0,1,0,0,0,0,0,0,"-","-","UNINCORPORATED","SACRAMENTO","CA",0,0
"6274969",-121.2727235,38.6638151,2013,"3400","4","1","4","03",0,1,"A",,,,"Y",,1200,11,"C","C","A","MADISON AV","SUNRISE BL",140,"W","N","2014-05-05",9250,"2013-11-04",913,"012470",,"1","9","0","2",,"1","024","-","N",,0,0,,,0,,,,"Y",3,"A","-",22350,,"N","A","H","-","A","D","0","Y","F","26",0,0,1,0,0,0,0,0,0,"-","-","UNINCORPORATED","SACRAMENTO","CA",0,0
"6274849",-121.2694127,38.6056508,2013,"3490","0","1","2","11",0,1,"A","Y",,,,"Y",1800,11,"G","B","B","SUNRISE BL","FOLSOM BL",6,"S","N","2014-05-07",3400,"2013-11-04",1753,"232",,"5","5","0","0",,"0",,"-","N",,0,0,,,0,,,,"N",2,"A","-",21456,"B","N","A","H","-","C","A","0","Y","N","60",1,0,0,0,1,0,0,0,0,"-","-","RANCHO CORDOVA","SACRAMENTO","CA",0,0
"6274837",-121.270783,38.6186251,2013,"3490","0","7","4","09",0,2,"A",,,,,,300,10,"D","C","A","TRINITY RIVER DR","KLAMATH RIVER DR",0,,"Y","2014-04-18",3400,"2013-10-06",105,"791","RC","5","5","0","0",,"0","005","-","N",,0,0,,,0,,,,"N",2,"A","-",21802,"A","N","A","H","-","C","D","0","Y","A","01",0,0,2,0,0,0,0,0,0,"-","-","RANCHO CORDOVA","SACRAMENTO","CA",0,0
"6274833",-121.2598931,38.6075651,2013,"3490","0","3","3","03",0,1,"A",,,,,,1500,10,"C","C","A","MERCANTILE DR","TRADE CENTER DR",0,,"Y","2014-04-28",3400,"2013-10-02",1246,"1070","RC","5","5","0","0",,"0","005","-","N",,0,0,,,0,,,,"Y",2,"A","-",22350,,"N","A","H","-","A","A","0","Y","A","01",0,1,0,0,0,0,0,0,0,"-","-","RANCHO CORDOVA","SACRAMENTO","CA",0,0
"6274733",-121.2716617,38.6862088,2013,"3496","0","3","4","04",0,1,"A",,,,,"Y",1500,10,"C","C","A","SUNRISE BL","SAYONARA DR",300,"N","N","2014-04-18",3496,"2013-10-30",1259,"351",,"5","5","0","0",,"0",,"-","N",,0,0,,,0,,,,"Y",2,"A","-",21703,,"N","A","H","-","A","D","0","Y","A","01",0,0,1,0,0,0,0,0,0,"-","-","CITRUS HEIGHTS","SACRAMENTO","CA",0,0
"6273840",-121.4282833,38.4795603,2013,"3400","3","3","4","07",0,3,"B",,,,,,1500,11,"B","C","A","RT 99","MACK RD",2000,"N","N","2014-05-13",9252,"2013-11-20",1245,"017663",,"1","9","0","1",,"2","192","-","Y","SAC",3,99,"-","-",18.09,"H","-","N","Y",3,"A","-",21658,"A","N","B","H","-","A","D","1","Y","D","22",0,0,3,0,0,0,0,0,0,"-","-","UNINCORPORATED","SACRAMENTO","CA",-121.44149,38.49571
"6273832",-121.4567598,38.5599221,2013,"3404","2","3","4","03",0,1,"B",,,,,,1800,11,"C","C","A","RT 50","39TH ST",150,"W","N","2014-05-13",9252,"2013-11-20",1600,"013732",,"2","7","0","1",,"2","151","C","Y","SAC",3,50,"-","R",0.82,"H","-","E","Y",2,"A","-",22350,,"N","B","H","-","A","D","1","Y","D","22",0,0,1,0,0,0,0,0,0,"-","-","SACRAMENTO","SACRAMENTO","CA",-121.45869,38.56048
"6273824",0,0,2013,"3404","4","5","4","08",0,2,"A",,,,,,2100,11,"B","C","A","STOCKTON BL","ORCHARD LOOP LN",20,"N","N","2014-05-13",9252,"2013-11-22",1925,"014755",,"2","7","0","2",,"2","073","-","Y",,0,0,,,0,,,,"Y",2,"A","-",22107,,"N","A","H","-","C","D","0","Y","D","22",0,0,2,0,0,0,0,0,0,"-","-","SACRAMENTO","SACRAMENTO","CA",-121.40553,38.45537
"6273804",-121.4528091,38.3791958,2013,"3400","5","7","3","08",0,1,"A",,,,,"Y",300,11,"B","E","A","BILBY RD","FRANKLIN BL",500,"E","N","2014-05-13",9252,"2013-11-24",230,"019040",,"3","9","0","3",,"2","090","-","N",,0,0,,,0,,,,"Y",2,"A","-",22107,,"M","A","H","-","D","D","0","Y","D","22",0,1,0,0,0,0,0,0,0,"-","-","UNINCORPORATED","SACRAMENTO","CA",-121.4531,38.37918
"6273803",-121.4290192,38.4802476,2013,"3404","3","4","4","03",0,2,"A",,,,,,1200,11,"C","C","A","RT 99","MACK RD",2640,"N","N","2014-05-13",9252,"2013-11-21",1045,"015006",,"1","7","0","1",,"2","192","-","Y","SAC",3,99,"-","-",18.16,"H","-","N","Y",4,"A","-",22350,,"N","A","H","-","A","D","1","Y","A","07",0,0,2,0,0,0,0,0,0,"-","-","SACRAMENTO","SACRAMENTO","CA",-121.442,38.493
"6273800",-121.307792,38.3644562,2013,"3400","5","1","4","21",0,1,"A",,,,,,2400,11,"E","I","A","DILLARD RD","RILEY RD",3168,"W","N","2014-05-13",9252,"2013-11-11",2303,"017048",,"3","9","0","3",,"2","080","-","N",,0,0,,,0,,,,"Y",2,"A","-",22106,,"F","A","H","-","D","D","0","Y","D","22",0,0,1,0,0,0,0,0,0,"-","-","UNINCORPORATED","SACRAMENTO","CA",-121.37318,38.42414
"6273792",-121.4294356,38.4967002,2013,"3400","4","5","2","11",0,1,"A","Y",,,,"Y",2400,11,"G","B","D","STOCKTON BL","FLORIN RD",200,"N","N","2014-06-16",9252,"2013-11-15",2144,"018986",,"2","9","0","2",,"2","073","-","N",,0,0,,,0,,,,"N",2,"A","-",21955,,"N","A","H","-","C","A","0","Y","N","60",1,0,0,0,1,0,0,0,0,"-","-","UNINCORPORATED","SACRAMENTO","CA",-121.42963,38.49722
"6273788",-121.4235569,38.4752177,2013,"3404","3","3","4","03",0,1,"A",,,,,,1200,11,"C","C","A","RT 99","MACK RD",528,"N","N","2014-05-13",9252,"2013-11-13",955,"015006",,"1","7","0","1",,"2","193","-","Y","SAC",3,99,"-","-",17.76,"H","-","N","Y",3,"A","-",22350,,"N","A","H","-","A","D","1","Y","I","10",0,0,1,0,0,0,0,0,0,"-","-","SACRAMENTO","SACRAMENTO","CA",-121.42667,38.47821
"6273787",-121.4560882,38.5600009,2013,"3404","2","1","4","03",0,1,"B",,,,,,1800,11,"C","C","A","RT 50","STOCKTON BL",1056,"E","N","2014-05-13",9252,"2013-11-18",1740,"013823",,"2","7","0","1",,"2","151","-","Y","SAC",3,50,"-","R",0.83,"H","-","W","N",2,"A","-",22350,,"N","A","H","-","C","D","1","Y","D","22",0,0,1,0,0,0,0,0,0,"-","-","SACRAMENTO","SACRAMENTO","CA",-121.54347,38.49347
"6273779",-121.4739497,38.5418311,2013,"3404","3","1","4","03",0,1,"B",,,,,,1800,11,"C","C","A","RT 99","12TH AV",100,"N","N","2014-05-13",9252,"2013-11-18",1655,"018159",,"2","7","0","1",,"2","192","-","Y","SAC",3,99,"-","-",23.15,"H","-","S","Y",3,"A","-",22350,,"N","A","H","-","B","D","1","Y","D","22",0,0,1,0,0,0,0,0,0,"-","-","SACRAMENTO","SACRAMENTO","CA",-121.4739,38.54143
"6273776",-121.2964171,38.2585669,2013,"3400","3","5","4","00",0,1,"A",,,,"Y",,1200,11,"B","C","A","RT 99","A ST",1056,"N","N","2014-05-13",9252,"2013-11-15",1115,"014699",,"1","9","0","1",,"2","191","-","Y","SAC",3,99,"-","-",1.09,"H","-","S","N",2,"D","-",0,,"N","A","H","-","A","D","1","Y","-","-",0,0,1,0,0,0,0,0,0,"-","-","UNINCORPORATED","SACRAMENTO","CA",-121.2976,38.2603
"6273775",-121.4752751,38.5588646,2013,"3404","2","6","4","03",0,1,"A",,,,,,1200,11,"C","C","A","RT 50","ALHAMBRA BL",150,"W","N","2014-05-13",9252,"2013-11-23",1145,"017939",,"1","7","0","1",,"2","150","-","Y","SAC",3,50,"-","L",2.345,"R","1","E","N",3,"A","-",22350,,"N","A","H","-","A","D","1","Y","D","22",0,0,1,0,0,0,0,0,0,"TO","-","SACRAMENTO","SACRAMENTO","CA",-121.2923,38.3345
"6273755",-121.263872,38.2918427,2013,"3400","3","6","4","09",0,1,"A",,,,,,1500,11,"D","C","A","RT 104","CHEROKEE LN",0,,"Y","2014-05-13",9252,"2013-11-23",1410,"018155",,"2","9","0","1",,"1","104","-","Y","SAC",3,104,"-","-",2.61,"I","5","E","Y",2,"A","-",21802,"A","N","A","H","-","A","D","0","Y","D","22",0,0,1,0,0,0,0,0,0,"-","-","UNINCORPORATED","SACRAMENTO","CA",-121.26452,38.29151
"6273739",-121.4514339,38.5013853,2013,"3404","3","3","3","07",0,1,"A",,,,,,1200,11,"C","C","A","RT 99","47TH AV",4224,"S","N","2014-05-13",9252,"2013-11-13",900,"015006",,"1","7","0","1",,"2","192","-","Y","SAC",3,99,"-","-",20.06,"H","-","N","Y",2,"A","-",21658,"A","N","A","H","-","A","D","1","Y","A","01",0,1,0,0,0,0,0,0,0,"-","-","SACRAMENTO","SACRAMENTO","CA",-121.7312,38.2317
"6273690",-121.4904009,38.4415971,2013,"3400","1","3","4","08",0,1,"C",,,,"Y",,600,11,"B","I","A","RT 5","BEACH LAKE BRIDGE",150,"S","N","2014-12-09",9252,"2013-11-20",400,"13761",,"3","9","0","1",,"2","106","-","Y","SAC",3,5,"-","-",13.01,"H","-","N","Y",1,"A","-",22107,,"N","B","H","-","D","D","1","Y","G","25",0,0,1,0,0,0,0,0,0,"-","-","UNINCORPORATED","SACRAMENTO","CA",-121.48946,38.43852
"6273644",-121.3693284,38.5598886,2013,"3400","2","3","4","03",0,1,"A",,,,,,900,12,"C","C","A","RT 50","WATT AV",2500,"E","N","2014-05-30",9260,"2013-12-04",745,"13147",,"1","9","0","1",,"2","501","-","Y","SAC",3,50,"-","R",5.81,"H","-","W","Y",2,"A","-",22350,,"N","A","H","-","A","D","1","Y","A","01",0,0,1,0,0,0,0,0,0,"-","-","UNINCORPORATED","SACRAMENTO","CA",0,0
"6273640",-121.1621811,38.6421249,2013,"3401","2","3","4","03",0,4,"A",,,,,,1800,12,"C","C","A","RT 50","PRAIRIE CITY RD",1056,"W","N","2014-06-06",9260,"2013-12-04",1745,"12781",,"2","5","0","1",,"2","502","-","Y","SAC",3,50,"-","-",19.04,"H","-","E","Y",4,"A","-",22350,,"N","A","H","-","C","D","1","Y","A","01",0,0,4,0,0,0,0,0,0,"-","-","FOLSOM","SACRAMENTO","CA",0,0
"6273028",-121.3716931,38.4235002,2013,"3450","0","2","4","03",0,2,"A",,,,,,1800,11,"C","C","A","ELK GROVE FLORIN RD","BOND RD",20,"S","N","2014-06-18",340,"2013-11-05",1508,"10140","3404","5","5","0","0",,"0","003","-","N",,0,0,,,0,,,,"N",2,"A","-",22350,,"N","A","H","-","A","A","0","Y","D","22",0,0,2,0,0,0,0,0,0,"-","-","ELK GROVE","SACRAMENTO","CA",0,0
"6272560",0,0,2013,"3400","5","1","4","03",0,2,"A",,,,,,900,9,"C","C","A","VERNER AV","GARFIELD AV",90,"N","N","2014-04-11",9250,"2013-09-16",730,"012047",,"1","9","0","3",,"2","020","-","N",,0,0,,,0,,,,"Y",2,"A","-",22350,,"F","A","H","-","A","A","0","Y","A","01",0,0,2,0,0,0,0,0,0,"-","-","UNINCORPORATED","SACRAMENTO","CA",0,0