"CASEID","POINT_X","POINT_Y","YEAR_","LOCATION","CHPTYPE","DAYWEEK","CRASHSEV","VIOLCAT","KILLED","INJURED","WEATHER1","PEDCOL","BICCOL","MCCOL","TRUCKCOL","ETOH","TIMECAT","MONTH_","CRASHTYP","INVOLVE","PED","PRIMARYRD","SECONDRD","DISTANCE","DIRECT","INTERSECT_","PROCDATE","JURIS","DATE_","TIME_","BADGE","JURIDIST","SHIFT","POP","SPECIAL","BEATTYPE","LAPDDIV","BEATCLAS","BEATNUMB","WEATHER2","STATEHW","CALTRANC","CALTRAND","STROUTE","ROUTESUF","POSTPRE","POSTMILE","LOCATYPE","RAMP","SIDEHW","TOWAWAY","PARTIES","PCF","VIOLCODE","VIOL","VIOLSUB","HITRUN","ROADSURF","RDCOND1","RDCOND2","LIGHTING","RIGHTWAY","CHPRDTYP","NOTPRIV","STFAULT","CHPFAULT","SEVINJ","OTHERINJ","COP","PEDKILL","PEDINJ","BICKILL","BICINJ","MCKILL","MCINJURE","RAMP1","RAMP2","CITY","COUNTY","STATE","X_CHP","Y_CHP"
"6269131",-121.2256233,38.6569033,2013,"3400","4","5","4","03",0,1,"A",,,,,,1200,11,"C","C","A","HAZEL AV","ROEDIGER LN",3,"N","N","2014-05-06",9260,"2013-11-15",910,"013708",,"1","9","0","2",,"2","307","-","N",,0,0,,,0,,,,"Y",2,"A","-",22350,,"N","A","D","-","A","D","0","Y","A","07",0,0,1,0,0,0,0,0,0,"-","-","UNINCORPORATED","SACRAMENTO","CA",0,0
"6268926",-121.4249356,38.4872765,2013,"3400","4","4","4","03",0,2,"A",,,,,,1800,10,"C","C","A","STOCKTON BL","FLEMING AV",100,"S","N","2014-04-29",9252,"2013-10-03",1510,"018787",,"2","9","0","2",,"2","073","-","N",,0,0,,,0,,,,"Y",3,"A","-",22350,,"N","A","H","-","A","D","0","Y","A","08",0,0,2,0,0,0,0,0,0,"-","-","UNINCORPORATED","SACRAMENTO","CA",-121.42491,38.18707
"6268921",-121.3951287,38.4233123,2013,"3450","3","3","4","03",0,2,"A",,,,,,1800,10,"C","C","A","RT 99","LAGUNA BL",500,"S","N","2014-05-01",9252,"2013-10-02",1545,"018159",,"2","5","0","1",,"2","191","-","Y","SAC",3,99,"-","-",13.75,"H","-","N","Y",2,"A","-",22350,,"N","A","H","-","A","D","1","Y","A","01",0,0,2,0,0,0,0,0,0,"-","-","ELK GROVE","SACRAMENTO","CA",-121.39368,38.42068
"6268917",-121.5077931,38.5771351,2013,"3404","1","3","4","03",0,1,"A",,,,,,1500,10,"C","C","A","RT 5","U ST",100,"S","N","2014-05-01",9252,"2013-10-02",1415,"014296",,"2","7","0","1",,"2","108","-","Y","SAC",3,5,"-","-",22.789,"R","1","S","N",2,"A","-",22350,,"N","A","H","-","A","D","1","Y","A","01",0,0,1,0,0,0,0,0,0,"TO","-","SACRAMENTO","SACRAMENTO","CA",-121.50919,38.57337
"6268701",-121.4937748,38.5354578,2013,"3404","0","3","4","03",0,1,"A",,,,,,1500,10,"C","C","A","FREEPORT BL","SUTTERVILLE RD",106,"N","N","2014-04-28",3404,"2013-10-23",1424,"688",,"5","7","0","0",,"0","04A","-","N",,0,0,,,0,,,,"Y",3,"A","-",22350,,"N","A","H","-","A","D","0","Y","D","22",0,0,1,0,0,0,0,0,0,"-","-","SACRAMENTO","SACRAMENTO","CA",0,0
"6268681",-121.4800131,38.5729951,2013,"3404","0","3","2","07",0,1,"A",,"Y",,"Y",,900,10,"B","G","A","21ST ST","CAPITOL AV",0,,"Y","2013-12-04",3404,"2013-10-23",829,"0241",,"5","7","0","0",,"0","03B","-","N",,0,0,,,0,,,,"N",2,"A","-",21658,"A","N","A","H","-","A","A","0","Y","F","27",1,0,0,0,0,0,1,0,0,"-","-","SACRAMENTO","SACRAMENTO","CA",0,0
"6268385",-121.1754077,38.6766888,2013,"3401","0","1","4","03",0,1,"A",,,,,,1500,11,"C","C","A","RILEY ST","MORMON ST",239,"N","N","2014-04-30",3401,"2013-11-04",1252,"203","2","5","5","0","0",,"0","002","-","N",,0,0,,,0,,,,"Y",3,"A","-",22350,,"N","A","H","-","A","A","0","Y","D","22",0,0,1,0,0,0,0,0,0,"-","-","FOLSOM","SACRAMENTO","CA",-121.17527,38.67649
"6268365",-121.1578731,38.6616351,2013,"3401","0","7","4","03",0,1,"A",,,,,,1500,10,"C","C","A","RILEY ST","BLUE RAVINE RD",0,,"Y","2014-05-01",3401,"2013-10-27",1325,"152","4","5","5","0","0",,"0","004","-","N",,0,0,,,0,,,,"N",2,"A","-",22350,,"N","A","H","-","A","A","0","Y","D","22",0,0,1,0,0,0,0,0,0,"-","-","FOLSOM","SACRAMENTO","CA",0,0
"6268361",0,0,2013,"3401","0","2","4","03",0,1,"B",,,,,,1800,11,"C","C","A","BIDWELL WY","RILEY ST",445,"E","N","2014-04-30",3401,"2013-11-12",1538,"206","2","5","5","0","0",,"0","002","-","N",,0,0,,,0,,,,"Y",2,"A","-",22350,,"N","A","H","-","A","A","0","Y","A","01",0,0,1,0,0,0,0,0,0,"-","-","FOLSOM","SACRAMENTO","CA",-121.17001,38.67368
"6268153",-121.2872277,38.5666648,2013,"3400","5","3","4","03",0,1,"A",,,,,,1800,11,"E","I","A","MATHER BL","FEMOYER ST",1056,"E","N","2014-04-30",9260,"2013-11-13",1620,"12781",,"2","9","0","3",,"2","001","-","N",,0,0,,,0,,,,"Y",1,"A","-",22350,,"N","A","H","-","A","D","0","Y","D","22",0,0,1,0,0,0,0,0,0,"-","-","UNINCORPORATED","SACRAMENTO","CA",0,0
"6268149",-121.3396609,38.5644181,2013,"3400","2","3","4","03",0,1,"A",,,,,,2100,11,"C","C","A","RT 50","BRADSHAW RD",300,"W","N","2014-04-30",9260,"2013-11-13",1824,"16685",,"2","9","0","1",,"2","501","-","Y","SAC",3,50,"-","R",7.69,"H","-","W","Y",2,"A","-",22350,,"N","A","H","-","C","D","1","Y","A","07",0,0,1,0,0,0,0,0,0,"-","-","UNINCORPORATED","SACRAMENTO","CA",0,0
"6268141",-121.3683127,38.547148,2013,"3400","5","3","3","09",0,1,"A",,,"Y",,,1800,10,"F","A","A","KIEFER BL","AUTUMNWOOD DR",120,"W","N","2014-04-24",9260,"2013-10-30",1548,"15203",,"2","9","0","3",,"2","001","-","N",,0,0,,,0,,,,"Y",3,"A","-",21801,"A","N","A","H","-","A","D","0","Y","D","22",0,1,0,0,0,0,0,0,1,"-","-","UNINCORPORATED","SACRAMENTO","CA",-121.36866,38.54704
"6268137",-121.2727461,38.6512901,2013,"3400","4","1","4","03",0,2,"A",,,,,,1800,11,"C","C","A","SUNRISE BL","SUNSET AV",550,"S","N","2014-04-30",9260,"2013-11-11",1540,"15944",,"2","9","0","2",,"2","301","-","N",,0,0,,,0,,,,"Y",4,"A","-",22350,,"N","A","H","-","A","D","0","Y","D","22",0,0,2,0,0,0,0,0,0,"-","-","UNINCORPORATED","SACRAMENTO","CA",0,0
"6267840",-121.3463287,38.3886988,2013,"3400","4","3","4","03",0,4,"A",,,,,,2100,10,"C","C","A","GRANT LINE RD","MOSHER RD",88,"W","N","2014-04-30",9252,"2013-10-30",1840,"014833",,"2","9","0","2",,"2","082","-","N",,0,0,,,0,,,,"Y",3,"A","-",22350,,"N","A","H","-","C","D","0","Y","A","01",0,0,4,0,0,0,0,0,0,"-","-","UNINCORPORATED","SACRAMENTO","CA",0,0
"6267838",-121.4721177,38.5622385,2013,"3404","3","3","4","03",0,2,"A",,,,,,1500,10,"C","C","A","RT 51","T ST",10,"S","N","2014-04-30",9252,"2013-10-30",1400,"014512",,"2","7","0","1",,"2","193","-","Y","SAC",3,51,"-","-",0.25,"H","-","S","Y",4,"A","-",22350,,"N","A","H","-","A","D","1","Y","D","22",0,0,2,0,0,0,0,0,0,"TO","-","SACRAMENTO","SACRAMENTO","CA",-121.47233,38.56242
"6267837",-121.4074772,38.5542628,2013,"3404","2","3","4","07",0,1,"A",,,,"Y",,1200,10,"B","C","A","RT 50","HOWE AV",24,"E","N","2014-05-01",9252,"2013-10-30",1105,"14288",,"1","7","0","1",,"2","151","-","Y","SAC",3,50,"-","R",3.66,"H","-","W","Y",4,"A","-",21658,"A","N","A","H","-","A","D","1","Y","D","22",0,0,1,0,0,0,0,0,0,"-","-","SACRAMENTO","SACRAMENTO","CA",-121.40927,38.55388
"6267835",-121.4737931,38.5462823,2013,"3404","3","4","4","03",0,4,"A",,,,,,1800,10,"C","C","A","RT 99","5TH AV",343,"N","N","2014-05-01",9252,"2013-10-24",1550,"13732",,"2","7","0","1",,"2","192","-","Y","SAC",3,99,"-","-",23.76,"H","-","N","Y",10,"A","-",22350,,"N","A","H","-","A","D","1","Y","A","07",0,0,4,0,0,0,0,0,0,"-","-","SACRAMENTO","SACRAMENTO","CA",-121.47381,38.55098
"6267834",-121.7490187,38.050422,2013,"3400","3","3","4","05",0,3,"A",,,,"Y",,900,10,"B","C","A","RT 160","SHERMAN ISLAND RD",528,"N","N","2014-05-01",9252,"2013-10-09",635,"14561",,"1","9","0","1",,"1","161","-","Y","SAC",3,160,"-","L",4.32,"H","-","S","Y",2,"A","-",21460,"A","N","A","H","-","B","D","0","Y","A","07",0,0,3,0,0,0,0,0,0,"-","-","UNINCORPORATED","SACRAMENTO","CA",-121.72673,38.08026
"6267832",-121.4391258,38.554431,2013,"3404","2","2","4","03",0,1,"A",,,,,,1800,10,"C","C","A","RT 50","59TH ST",50,"E","N","2014-05-01",9252,"2013-10-22",1640,"013732",,"2","7","0","1",,"2","151","-","Y","SAC",3,50,"-","R",2.14,"H","-","W","Y",4,"A","-",22350,,"N","A","H","-","A","D","1","Y","A","01",0,0,1,0,0,0,0,0,0,"-","-","SACRAMENTO","SACRAMENTO","CA",-121.43655,38.55334
"6267806",-121.3909031,38.544445,2013,"3404","0","2","4","12",0,2,"A",,,,,,1500,11,"D","C","A","FLORIN PERKINS RD","JACKSON RD",0,,"Y","2014-05-19",3404,"2013-11-12",1237,"0600",,"5","7","0","0",,"0",,"-","N",,0,0,,,0,,,,"Y",2,"A","-",21453,"A","N","A","H","-","A","A","0","Y","-","-",0,0,2,0,0,0,0,0,0,"-","-","SACRAMENTO","SACRAMENTO","CA",0,0
"6266597",-121.4738039,38.546753,2013,"3404","3","2","3","03",0,1,"A",,,"Y",,,1500,9,"F","A","A","RT 99","5TH AV",3168,"N","N","2014-04-17",9252,"2013-09-17",1440,"15006",,"2","7","0","1",,"2","192","-","Y","SAC",3,99,"-","-",23.914,"R","2","N","Y",1,"A","-",22350,,"N","A","H","-","A","D","1","Y","C","02",0,1,0,0,0,0,0,0,1,"TO","-","SACRAMENTO","SACRAMENTO","CA",-121.286,38.3345
"6266503",-121.429153,38.669125,2013,"3404","0","5","4","03",0,2,"A",,,,,,1500,10,"C","C","A","RALEY BL","ASCOT AV",0,,"Y","2014-04-30",3404,"2013-10-25",1324,"841",,"5","7","0","0",,"0","02A","-","N",,0,0,,,0,,,,"N",3,"A","-",22350,,"N","A","H","-","A","A","0","Y","A","01",0,0,2,0,0,0,0,0,0,"-","-","SACRAMENTO","SACRAMENTO","CA",0,0
"6266395",0,0,2013,"3404","0","7","4","01",0,1,"A",,,,,"Y",300,11,"F","I","A","MEADOWVIEW RD","BRANCHWOOD WY",52,"E","N","2014-05-13",3404,"2013-11-17",247,"591","5","5","7","0","0",,"0","00B","-","N",,0,0,,,0,,,,"Y",1,"A","-",23152,"A","N","A","H","-","C","D","0","Y","-","-",0,0,1,0,0,0,0,0,0,"-","-","SACRAMENTO","SACRAMENTO","CA",0,0
"6265774",-121.371693,38.423555,2013,"3450","0","3","4","03",0,2,"A",,,,,,1200,11,"C","C","A","BOND RD","ELK GROVE FLORIN RD",0,,"Y","2014-04-29",340,"2013-11-06",1147,"10174","3404","5","5","0","0",,"0","003","-","N",,0,0,,,0,,,,"Y",2,"A","-",22350,,"N","A","H","-","A","A","0","Y","D","22",0,0,2,0,0,0,0,0,0,"-","-","ELK GROVE","SACRAMENTO","CA",0,0
"6265772",-121.4180231,38.4235151,2013,"3450","0","7","4","03",0,3,"A",,,,,,1500,11,"C","C","A","BRUCEVILLE RD","LAGUNA BL",0,,"Y","2014-04-29",340,"2013-11-03",1346,"10145","2304","5","5","0","0",,"0","002","-","N",,0,0,,,0,,,,"Y",2,"A","-",22350,,"N","A","H","-","A","A","0","Y","D","22",0,0,3,0,0,0,0,0,0,"-","-","ELK GROVE","SACRAMENTO","CA",0,0
"6265770",-121.5138616,38.5697468,2013,"3404","2","6","3","08",0,1,"A",,,,"Y",,900,11,"B","C","A","RT 50","FRONT ST",100,"W","N","2014-04-30",9252,"2013-11-02",745,"17325",,"1","7","0","1",,"2","150","-","Y","SAC",3,50,"-","L",0.24,"H","-","W","Y",2,"A","-",22107,,"N","A","H","-","A","D","1","Y","G","25",0,1,0,0,0,0,0,0,0,"-","-","SACRAMENTO","SACRAMENTO","CA",-121.51664,38.57219
"6265768",-121.3883544,38.5576899,2013,"3404","2","4","4","03",0,2,"A",,,,,,1200,10,"C","C","A","RT 50","WATT AV",1056,"W","N","2014-05-01",9252,"2013-10-31",1130,"14477",,"1","7","0","1",,"2","151","-","Y","SAC",3,50,"-","R",4.9,"H","-","E","Y",2,"A","-",22350,,"N","A","H","-","A","D","1","Y","E","22",0,0,2,0,0,0,0,0,0,"-","-","SACRAMENTO","SACRAMENTO","CA",-121.38948,38.55758
"6265767",0,0,2013,"3400","5","7","3","08",0,1,"A",,,,,,300,11,"E","I","A","WALMORT RD","ALTA MESA RD",3,"E","N","2014-05-01",9252,"2013-11-03",115,"18782",,"3","9","0","3",,"2","080","-","N",,0,0,,,0,,,,"Y",1,"A","-",22107,,"N","A","H","-","D","D","0","Y","D","22",0,1,0,0,0,0,0,0,0,"-","-","UNINCORPORATED","SACRAMENTO","CA",-121.22379,38.3797
"6265764",-121.4437286,38.5565723,2013,"3400","2","5","4","07",0,2,"A",,,"Y",,,900,10,"B","C","A","RT 50","59TH ST",1584,"W","N","2014-04-30",9252,"2013-10-18",840,"015342",,"1","9","0","1",,"2","151","-","Y","SAC",3,50,"-","R",1.83,"H","-","W","Y",3,"A","-",21658,"A","N","A","H","-","A","D","1","Y","A","01",0,0,2,0,0,0,0,0,1,"-","-","UNINCORPORATED","SACRAMENTO","CA",-121.44163,38.55578
"6265600",-121.229495,38.6785251,2013,"3400","4","5","3","09",0,3,"A",,,,,,1800,11,"D","C","A","GREENBACK LN","BEECH AV",245,"E","N","2014-04-29",9260,"2013-11-08",1755,"018456",,"2","9","0","2",,"2","302","-","N",,0,0,,,0,,,,"Y",2,"A","-",21801,"A","N","A","H","-","C","D","0","Y","A","01",0,1,2,0,0,0,0,0,0,"-","-","UNINCORPORATED","SACRAMENTO","CA",0,0
"6265596",-121.2209531,38.6289451,2013,"3400","2","2","4","03",0,1,"B",,,,,,900,11,"C","C","A","RT 50","HAZEL AV",200,"W","N","2014-04-29",9260,"2013-11-12",730,"013560",,"1","9","0","1",,"2","502","-","Y","SAC",3,50,"-","-",15.592,"R","1","W","N",2,"A","-",22350,,"N","A","H","-","A","A","1","Y","A","01",0,0,1,0,0,0,0,0,0,"FR","-","UNINCORPORATED","SACRAMENTO","CA",-121,38
"6265592",-121.234983,38.6642151,2013,"3400","4","2","4","03",0,1,"A",,,,,,900,11,"C","C","A","MADISON AV","ILLINOIS AV",0,,"Y","2014-04-29",9260,"2013-11-12",800,"01370",,"1","9","0","2",,"2","304","B","N",,0,0,,,0,,,,"N",3,"A","-",22350,,"N","A","H","-","A","D","0","Y","A","01",0,0,1,0,0,0,0,0,0,"-","-","UNINCORPORATED","SACRAMENTO","CA",0,0
"6265566",-121.5067431,38.557215,2013,"3404","0","5","4","10",0,1,"A","Y",,,,,1500,11,"G","B","B","VALLEJO WY","MUIR WY",0,,"Y","2014-04-29",3404,"2013-11-01",1309,"0240",,"5","7","0","0",,"0","04A","-","N",,0,0,,,0,,,,"N",2,"A","-",21950,"A","N","A","H","-","A","A","0","Y","A","01",0,0,1,0,1,0,0,0,0,"-","-","SACRAMENTO","SACRAMENTO","CA",0,0
"6265562",-121.4887931,38.563105,2013,"3404","0","1","4","12",0,3,"A",,,,,,1500,11,"D","C","A","W ST","18TH ST",0,,"Y","2014-04-29",3404,"2013-11-04",1207,"423",,"5","7","0","0",,"0",,"-","N",,0,0,,,0,,,,,2,"A","-",22450,,"N","A","H","-","A","A","0","Y","A","01",0,0,3,0,0,0,0,0,0,"-","-","SACRAMENTO","SACRAMENTO","CA",0,0
"6265490",-121.2098041,38.6348044,2013,"3400","2","6","4","07",0,2,"A",,,,,,1800,11,"D","C","A","RT 50","AEROJET RD",500,"E","N","2014-04-29",9260,"2013-11-09",1715,"016352",,"2","9","0","1",,"2","502","-","Y","SAC",3,50,"-","-",16.19,"H","-","W","Y",3,"A","-",21658,"A","F","A","H","-","D","D","1","Y","-","99",0,0,2,0,0,0,0,0,0,"-","-","UNINCORPORATED","SACRAMENTO","CA",0,0
"6265476",-121.3904731,38.4126051,2013,"3450","0","6","4","10",0,1,"A","Y",,,,,2100,11,"G","B","B","ELK GROVE BL","RT 99",0,,"Y","2014-04-29",340,"2013-11-02",1809,"10009","2406","5","5","0","0",,"0","002","-","Y","SAC",3,99,"-","-",12.913,"R","1","S","N",2,"A","-",21950,"C","N","A","H","-","C","A","0","Y","A","01",0,0,1,0,1,0,0,0,0,"-","-","ELK GROVE","SACRAMENTO","CA",0,0
"6265472",0,0,2013,"3450","0","5","4","03",0,1,"A",,,,,,1800,11,"C","C","A","CIVIC CENTER DR","BABYLON DR",52,"E","N","2014-04-29",340,"2013-11-01",1536,"10087","4204","5","5","0","0",,"0","004","-","N",,0,0,,,0,,,,"Y",2,"A","-",22350,,"N","A","H","-","A","A","0","Y","A","01",0,0,1,0,0,0,0,0,0,"-","-","ELK GROVE","SACRAMENTO","CA",0,0
"6265468",-121.300209,38.5833212,2013,"3400","2","3","4","03",0,3,"A",,,,,,900,11,"C","C","A","RT 50","MATHER FIELD RD",2640,"E","N","2014-04-30",9260,"2013-11-06",740,"15833",,"1","9","0","1",,"2","501","-","Y","SAC",3,50,"-","R",10.01,"H","-","W","Y",3,"A","-",22350,,"N","A","H","-","A","D","1","Y","A","01",0,0,3,0,0,0,0,0,0,"-","-","UNINCORPORATED","SACRAMENTO","CA",0,0
"6265464",-121.3324873,38.5550035,2013,"3400","5","5","3","05",0,1,"A",,"Y",,,,1500,11,"D","G","A","GOETHE RD","GRANBY DR",600,"W","N","2014-04-29",9260,"2013-11-01",1320,"13664",,"1","9","0","3",,"2","001","-","N",,0,0,,,0,,,,"N",2,"A","-",21650,"1","N","A","H","-","A","D","0","Y","L","04",0,1,0,0,0,0,1,0,0,"-","-","UNINCORPORATED","SACRAMENTO","CA",0,0
"6265460",-121.2303531,38.678515,2013,"3400","4","2","4","12",0,4,"A",,,,,,2100,11,"D","C","A","GREENBACK LN","BEECH AV",0,,"Y","2014-04-29",9260,"2013-11-05",2055,"16685",,"2","9","0","2",,"2","302","-","N",,0,0,,,0,,,,"Y",2,"A","-",21453,"A","N","A","H","-","C","A","0","Y","A","01",0,0,4,0,0,0,0,0,0,"-","-","UNINCORPORATED","SACRAMENTO","CA",0,0
"6265456",-121.3751931,38.553115,2013,"3400","4","3","4","09",0,3,"A",,,,,,2100,11,"D","C","A","FOLSOM BL","WATT AV",0,,"Y","2014-04-29",9260,"2013-11-06",1950,"15289",,"2","9","0","2",,"2","101","-","N",,0,0,,,0,,,,"Y",2,"A","-",21453,"C","N","A","H","-","C","A","0","Y","A","01",0,0,3,0,0,0,0,0,0,"-","-","UNINCORPORATED","SACRAMENTO","CA",-121.37509,38.55302
"6265163",-121.2216929,38.6336796,2013,"3400","4","2","4","03",0,2,"A",,,,,,900,10,"C","C","A","HAZEL AV","GOLD COUNTRY BL",100,"S","N","2014-04-22",9260,"2013-10-15",810,"12781",,"1","9","0","2",,"2","103","-","N",,0,0,,,0,,,,"Y",3,"A","-",22350,,"N","A","H","-","A","D","0","Y","A","01",0,0,2,0,0,0,0,0,0,"-","-","UNINCORPORATED","SACRAMENTO","CA",0,0
"6265138",-121.3652999,38.3794695,2013,"3450","0","7","4","12",0,1,"A",,,,,,2100,10,"D","C","A","GRANT LINE RD","RT 99",0,,"Y","2014-04-22",340,"2013-10-27",1951,"10269","4410","5","5","0","0",,"0","004","G","Y","SAC",3,99,"-","-",10.318,"R","4","S","Y",2,"A","-",21453,"A","N","A","H","-","C","A","0","Y","A","07",0,0,1,0,0,0,0,0,0,"-","-","ELK GROVE","SACRAMENTO","CA",0,0
"6265134",0,0,2013,"3450","0","3","4","09",0,1,"A",,,,,,900,10,"C","C","A","SHELDON RD","LEWIS STEIN RD",295,"E","N","2014-04-22",340,"2013-10-30",812,"10068","2201","5","5","0","0",,"0","002","-","N",,0,0,,,0,,,,"N",2,"A","-",21804,"A","F","A","H","-","A","D","0","Y","A","01",0,0,1,0,0,0,0,0,0,"-","-","ELK GROVE","SACRAMENTO","CA",0,0
"6265130",-121.3036953,38.5812126,2013,"3490","2","5","3","03",0,2,"A",,,,,,1800,10,"C","C","A","RT 50","MATHER FIELD RD",1800,"E","N","2014-04-22",9260,"2013-10-25",1720,"015203",,"2","5","0","1",,"2","501","-","Y","SAC",3,50,"-","R",9.7,"H","-","W","Y",3,"A","-",22350,,"N","A","H","-","A","D","1","Y","A","07",0,1,1,0,0,0,0,0,0,"-","-","RANCHO CORDOVA","SACRAMENTO","CA",-121.30322,38.58145
"6264549",-121.0963863,38.6445459,2013,"3400","2","2","4","03",0,1,"A",,,,,,900,11,"C","C","A","RT 50","E BIDWELL ST",5280,"E","N","2014-04-29",9260,"2013-11-12",720,"13560",,"1","9","0","1",,"2","502","B","Y","SAC",3,50,"-","-",22.49,"H","-","W","Y",2,"A","-",22350,,"N","A","H","-","A","D","1","Y","D","22",0,0,1,0,0,0,0,0,0,"-","-","UNINCORPORATED","SACRAMENTO","CA",-121,38
"6264545",-121.2254467,38.6471174,2013,"3400","4","7","4","03",0,1,"B",,,,,,1800,11,"C","C","A","HAZEL AV","POMO CIR",30,"N","N","2014-04-30",9260,"2013-11-03",1540,"016429",,"2","9","0","2",,"2","307","-","N",,0,0,,,0,,,,"Y",3,"A","-",22350,,"N","A","H","-","A","D","0","Y","D","22",0,0,1,0,0,0,0,0,0,"-","-","UNINCORPORATED","SACRAMENTO","CA",0,0
"6264541",-121.2349432,38.6858564,2013,"3400","5","3","4","03",0,2,"A",,,,,,1800,11,"C","C","A","CENTRAL AV","HICKORY AV",20,"W","N","2014-05-01",9260,"2013-11-06",1740,"015944",,"2","9","0","3",,"2","003","-","N",,0,0,,,0,,,,"Y",2,"A","-",22350,,"N","A","H","-","C","D","0","Y","A","01",0,0,2,0,0,0,0,0,0,"-","-","UNINCORPORATED","SACRAMENTO","CA",0,0
"6264533",-121.2254278,38.6463148,2013,"3400","4","6","4","03",0,1,"A",,,,,,1800,11,"C","C","A","HAZEL AV","WINDING WY",80,"N","N","2014-04-30",9260,"2013-11-09",1500,"016429",,"2","9","0","2",,"2","307","-","N",,0,0,,,0,,,,"Y",3,"A","-",22350,,"N","A","H","-","A","D","0","Y","A","01",0,0,1,0,0,0,0,0,0,"-","-","UNINCORPORATED","SACRAMENTO","CA",0,0
"6264455",-121.4171399,38.4235151,2013,"3450","0","1","4","03",0,2,"A",,,,,,1200,10,"C","C","A","LAGUNA BL","BRUCEVILLE RD",253,"E","N","2014-04-23",340,"2013-10-21",1159,"10298","2304","5","5","0","0",,"0","002","-","N",,0,0,,,0,,,,"Y",2,"A","-",22350,,"N","A","H","-","A","D","0","Y","D","22",0,0,2,0,0,0,0,0,0,"-","-","ELK GROVE","SACRAMENTO","CA",0,0
"6264444",-121.2723492,38.6467142,2013,"3400","4","5","3","08",0,3,"B",,,,,,2400,10,"E","I","A","SUNRISE BL","WINDING WY",735,"N","N","2014-04-24",9260,"2013-10-25",2120,"018691",,"2","9","0","2",,"2","301","-","N",,0,0,,,0,,,,"Y",3,"A","-",22107,,"N","A","H","-","C","D","0","Y","A","01",0,3,0,0,0,0,0,0,0,"-","-","UNINCORPORATED","SACRAMENTO","CA",0,0
"6264366",-121.4555031,38.5511851,2013,"3404","0","4","4","10",0,1,"A","Y",,,,,1500,10,"G","B","B","STOCKTON BL","2ND AV",0,,"Y","2014-04-25",3404,"2013-10-03",1414,"813",,"5","7","0","0",,"0","06B","-","N",,0,0,,,0,,,,"N",2,"A","-",21950,"A","N","A","H","-","A","A","0","Y","-","-",0,0,1,0,1,0,0,0,0,"-","-","SACRAMENTO","SACRAMENTO","CA",0,0
"6264364",-121.4379913,38.4743223,2013,"3404","0","2","3","01",0,1,"A",,,,,"Y",1800,10,"E","I","A","MACK RD","CENTER",283,"W","N","2014-04-26",3404,"2013-10-29",1549,"859",,"5","7","0","0",,"0","05B","-","Y",,0,0,,,0,,,,"Y",1,"A","-",23152,"A","N","A","H","-","A","D","0","Y","A","01",0,1,0,0,0,0,0,0,0,"-","-","SACRAMENTO","SACRAMENTO","CA",0,0
"6263400",-121.505297,38.5048449,2013,"3404","0","3","4","18",0,1,"A",,,,,,900,11,"E","I","A","FREEPORT BL","BELLEAU WOOD LN",224,"S","N","2014-04-29",3404,"2013-11-06",732,"693",,"5","7","0","0",,"0","04B","-","Y",,0,0,,,0,,,,"Y",1,"C","-",0,,"N","A","H","-","A","D","0","Y","-","-",0,0,1,0,0,0,0,0,0,"-","-","SACRAMENTO","SACRAMENTO","CA",0,0
"6263396",-121.4495731,38.568585,2013,"3404","0","3","3","03",0,3,"A",,,,,,1200,11,"C","C","A","J ST","43RD ST",0,,"Y","2014-04-29",3404,"2013-11-06",951,"756","CENTR","5","7","0","0",,"0","03C","-","N",,0,0,,,0,,,,"N",4,"A","-",22350,,"N","A","H","-","A","A","0","Y","A","01",0,1,2,0,0,0,0,0,0,"-","-","SACRAMENTO","SACRAMENTO","CA",0,0
"6263392",-121.4212201,38.6207109,2013,"3404","0","1","4","05",0,1,"A",,,,,,900,11,"A","C","A","MARCONI CIR","MARCONI AV",39,"S","N","2014-04-29",3404,"2013-11-04",733,"214",,"5","7","0","0",,"0","02C","-","N",,0,0,,,0,,,,"N",2,"A","-",21650,,"N","A","H","-","A","D","0","Y","-","-",0,0,1,0,0,0,0,0,0,"-","-","SACRAMENTO","SACRAMENTO","CA",0,0
"6263388",-121.4373384,38.4743315,2013,"3404","0","4","3","11",0,1,"A","Y",,,,,2100,11,"G","B","D","MACK RD","CENTER PKWY",96,"W","N","2014-04-29",3404,"2013-11-07",1801,"738",,"5","7","0","0",,"0","05C","-","N",,0,0,,,0,,,,"N",2,"A","-",21955,,"N","A","H","-","D","D","0","Y","N","60",0,1,0,0,1,0,0,0,0,"-","-","SACRAMENTO","SACRAMENTO","CA",0,0
"6263384",-121.5215531,38.5231851,2013,"3404","0","2","4","12",0,4,"A",,,,,,1800,11,"D","C","A","SEAMAS AV","RT 5",0,,"Y","2014-04-29",3404,"2013-11-05",1606,"688",,"5","7","0","0",,"0",,"-","Y","SAC",3,5,"-","-",19.177,"R","4","N","Y",2,"A","-",21453,"A","N","A","H","-","A","A","0","Y","A","01",0,0,4,0,0,0,0,0,0,"-","NF","SACRAMENTO","SACRAMENTO","CA",0,0