"CASEID","POINT_X","POINT_Y","YEAR_","LOCATION","CHPTYPE","DAYWEEK","CRASHSEV","VIOLCAT","KILLED","INJURED","WEATHER1","PEDCOL","BICCOL","MCCOL","TRUCKCOL","ETOH","TIMECAT","MONTH_","CRASHTYP","INVOLVE","PED","PRIMARYRD","SECONDRD","DISTANCE","DIRECT","INTERSECT_","PROCDATE","JURIS","DATE_","TIME_","BADGE","JURIDIST","SHIFT","POP","SPECIAL","BEATTYPE","LAPDDIV","BEATCLAS","BEATNUMB","WEATHER2","STATEHW","CALTRANC","CALTRAND","STROUTE","ROUTESUF","POSTPRE","POSTMILE","LOCATYPE","RAMP","SIDEHW","TOWAWAY","PARTIES","PCF","VIOLCODE","VIOL","VIOLSUB","HITRUN","ROADSURF","RDCOND1","RDCOND2","LIGHTING","RIGHTWAY","CHPRDTYP","NOTPRIV","STFAULT","CHPFAULT","SEVINJ","OTHERINJ","COP","PEDKILL","PEDINJ","BICKILL","BICINJ","MCKILL","MCINJURE","RAMP1","RAMP2","CITY","COUNTY","STATE","X_CHP","Y_CHP"
"6240474",-121.3906385,38.5958651,2013,"3400","4","5","4","03",0,1,"A",,,,,,1200,10,"C","C","A","ARDEN WAY","MORSE AV",450,"E","N","2014-05-02",9250,"2013-10-11",940,"014845",,"1","9","0","2",,"1","046","-","N",,0,0,,,0,,,,"N",2,"A","-",22350,,"N","A","H","-","A","D","0","Y","A","01",0,0,1,0,0,0,0,0,0,"-","-","UNINCORPORATED","SACRAMENTO","CA",0,0
"6240465",-121.3004753,38.7155291,2013,"3496","1","7","4","03",0,1,"A",,,,,,1500,9,"C","C","A","RT 80","PLACER COUNTY LINE",3168,"W","N","2014-04-15",9250,"2013-09-22",1450,"015369",,"2","5","0","1",,"2","184","-","Y","SAC",3,80,"-","-",17.4,"H","-","E","N",2,"A","-",22350,,"N","A","H","-","A","D","1","Y","A","07",0,0,1,0,0,0,0,0,0,"-","-","CITRUS HEIGHTS","SACRAMENTO","CA",0,0
"6240462",-121.3830513,38.568867,2013,"3400","4","3","4","03",0,2,"A",,,,"Y",,2100,10,"C","C","A","WATT AV","AMERICAN RIVER DR",440,"S","N","2014-07-03",9250,"2013-10-02",1800,"18735",,"2","9","0","2",,"1","045","-","N",,0,0,,,0,,,,"Y",4,"A","-",22350,,"F","A","H","-","A","D","0","Y","A","01",0,0,2,0,0,0,0,0,0,"-","-","UNINCORPORATED","SACRAMENTO","CA",-121.38262,38.56789
"6240458",-121.364693,38.591455,2013,"3400","4","2","3","09",0,1,"A",,"Y",,,,1200,10,"H","G","A","EASTERN AV","BERRENDO DR",0,,"Y","2014-05-02",9250,"2013-10-01",1005,"016114",,"1","9","0","2",,"1","051","-","N",,0,0,,,0,,,,"N",2,"A","-",21802,"A","N","A","H","-","A","A","0","Y","L","04",0,1,0,0,0,0,1,0,0,"-","-","UNINCORPORATED","SACRAMENTO","CA",0,0
"6240457",-121.427006,38.6110971,2013,"3404","3","5","3","03",0,1,"A",,,,,,1500,9,"C","C","A","RT 51","EL CAMINO AV",30,"S","N","2014-04-15",9250,"2013-09-20",1420,"015961",,"2","7","0","1",,"2","152","-","Y","SAC",3,51,"-","-",4.73,"H","-","S","Y",2,"A","-",22350,,"N","A","H","-","A","D","1","Y","A","01",0,1,0,0,0,0,0,0,0,"-","-","SACRAMENTO","SACRAMENTO","CA",0,0
"6240449",-121.2943851,38.7213329,2013,"3400","1","3","4","03",0,1,"A",,,,,,900,9,"C","C","A","RT 80","RIVERSIDE BL",1500,"W","N","2014-04-15",9250,"2013-09-04",753,"012152",,"1","9","0","1",,"2","184","-","Y","SAC",3,80,"-","-",17.99,"H","-","W","N",4,"A","-",22350,,"N","A","H","-","A","D","1","Y","A","01",0,0,1,0,0,0,0,0,0,"-","-","UNINCORPORATED","SACRAMENTO","CA",0,0
"6240446",-121.4348198,38.6039115,2013,"3404","3","6","3","08",0,1,"B",,,,,,1800,9,"F","A","A","RT 51","ARDEN WY",150,"N","N","2014-04-15",9250,"2013-09-21",1540,"018863",,"2","7","0","1",,"2","152","C","Y","SAC",3,51,"-","-",4.06,"H","-","S","Y",1,"A","-",22107,,"N","B","H","-","A","D","1","Y","D","22",0,1,0,0,0,0,0,0,0,"FR","-","SACRAMENTO","SACRAMENTO","CA",0,0
"6240438",-121.3693504,38.65229,2013,"3404","3","6","4","01",0,1,"B",,,,,"Y",1800,9,"E","I","A","RT 80","RT 244",1000,"E","N","2014-10-30",9250,"2013-09-21",1700,"15369",,"2","7","0","1",,"1","244","-","Y","SAC",3,80,"-","R",11.43,"H","-","E","Y",1,"A","-",23152,"A","N","A","H","-","A","D","1","Y","D","22",0,0,1,0,0,0,0,0,0,"TO","-","SACRAMENTO","SACRAMENTO","CA",0,0
"6240430",-121.3282789,38.6298924,2013,"3400","4","7","4","21",0,1,"A",,,,,,1500,10,"C","C","A","FAIR OAKS BL","GRANT AV",50,"N","N","2014-05-02",9250,"2013-10-06",1225,"018014",,"1","9","0","2",,"1","053","-","N",,0,0,,,0,,,,"N",2,"A","-",22106,,"N","A","H","-","A","A","0","Y","D","22",0,0,1,0,0,0,0,0,0,"-","-","UNINCORPORATED","SACRAMENTO","CA",0,0
"6240427",-121.3282932,38.6296181,2013,"3400","4","3","3","03",0,1,"A",,,,,,1800,9,"C","C","A","FAIR OAKS BL","GRANT AV",50,"S","N","2014-04-17",9250,"2013-09-25",1635,"015272",,"2","9","0","2",,"1","053","-","N",,0,0,,,0,,,,"Y",3,"A","-",22350,,"N","A","H","-","A","D","0","Y","A","07",0,1,0,0,0,0,0,0,0,"-","-","UNINCORPORATED","SACRAMENTO","CA",0,0
"6240418",-121.5423663,38.6062235,2013,"3404","1","5","3","03",0,1,"A",,,,,,1800,9,"C","C","A","RT 80","WEST EL CAMINO AV",3700,"W","N","2014-04-15",9250,"2013-09-27",1650,"015369",,"2","7","0","1",,"2","182","-","Y","SAC",3,80,"-","M",0.66,"H","-","E","Y",2,"A","-",22350,,"F","A","D","-","A","D","1","Y","D","22",0,1,0,0,0,0,0,0,0,"-","-","SACRAMENTO","SACRAMENTO","CA",0,0
"6240411",-121.3367827,38.6041063,2013,"3400","5","3","3","07",0,2,"A",,,"Y",,,1200,10,"D","C","A","FAIR OAKS BL","GARFIELD AV",20,"W","N","2014-05-02",9250,"2013-10-09",1045,"15423",,"1","9","0","3",,"2","050","-","N",,0,0,,,0,,,,"Y",3,"A","-",21658,"A","N","A","H","-","A","A","0","Y","A","01",0,1,1,0,0,0,0,0,1,"-","-","UNINCORPORATED","SACRAMENTO","CA",0,0
"6240407",0,0,2013,"3400","4","4","3","05",0,1,"A",,"Y",,,,1500,10,"D","G","A","EASTERN AV","PUENTE WY",7,"S","N","2014-05-02",9250,"2013-10-10",1346,"017482",,"1","9","0","2",,"1","051","-","Y",,0,0,,,0,,,,"N",2,"A","-",21650,"1","N","A","H","-","A","A","0","Y","L","04",0,1,0,0,0,0,1,0,0,"-","-","UNINCORPORATED","SACRAMENTO","CA",0,0
"6240406",-121.3747222,38.6484986,2013,"3400","1","7","3","08",0,1,"A",,,,,,900,9,"D","C","A","RT 80","WATT AV",2640,"N","N","2014-04-15",9250,"2013-09-29",728,"016624",,"1","9","0","1",,"2","183","-","Y","SAC",3,51,"-","-",8.62,"H","-","S","Y",2,"A","-",22107,,"N","A","H","-","A","D","1","Y","A","01",0,1,0,0,0,0,0,0,0,"TO","-","UNINCORPORATED","SACRAMENTO","CA",0,0
"6240403",-121.3505632,38.6580811,2013,"3400","5","1","4","09",0,2,"A",,,,,,1800,10,"D","C","A","COLLEGE OAK DR","AMBER LN",75,"N","N","2014-05-02",9250,"2013-10-07",1703,"016225",,"2","9","0","3",,"2","020","-","N",,0,0,,,0,,,,"Y",2,"A","-",21801,"A","N","A","H","-","A","A","0","Y","A","01",0,0,2,0,0,0,0,0,0,"-","-","UNINCORPORATED","SACRAMENTO","CA",0,0
"6240401",-121.4340155,38.6040489,2013,"3404","3","5","4","03",0,1,"A",,,,,,1800,9,"C","C","A","RT 51","ARDEN WAY",50,"N","N","2014-04-17",9250,"2013-09-20",1755,"015961",,"2","7","0","1",,"2","151","-","Y","SAC",3,51,"-","-",4.09,"H","-","N","N",3,"A","-",22350,,"N","A","-","-","A","D","1","Y","D","22",0,0,1,0,0,0,0,0,0,"-","-","SACRAMENTO","SACRAMENTO","CA",0,0
"6240394",-121.3921131,38.690325,2013,"3400","5","7","4","12",0,3,"A",,,,,,900,9,"D","C","A","ELKHORN BL","32ND ST",0,,"Y","2014-04-12",9250,"2013-09-15",750,"018045",,"1","9","0","3",,"2","060","-","N",,0,0,,,0,,,,"N",2,"A","-",21453,"A","N","A","H","-","A","A","0","Y","D","22",0,0,3,0,0,0,0,0,0,"-","-","UNINCORPORATED","SACRAMENTO","CA",0,0
"6240393",-121.4154431,38.587095,2013,"3400","4","1","4","09",0,2,"A",,,,,,1800,9,"D","C","A","HOWE AV","FAIRLAKE AV",0,,"Y","2014-04-12",9250,"2013-09-30",1610,"018461",,"2","9","0","2",,"1","041","-","N",,0,0,,,0,,,,"Y",2,"A","-",21801,"A","N","A","H","-","A","D","0","Y","A","01",0,0,2,0,0,0,0,0,0,"-","-","UNINCORPORATED","SACRAMENTO","CA",0,0
"6240390",-121.3388855,38.6853703,2013,"3400","5","6","4","03",0,6,"A",,,,,,1500,9,"C","C","A","DIABLO DR","ELKHORN BL",250,"N","N","2014-04-17",9250,"2013-09-14",1330,"017762",,"1","9","0","3",,"2","010","-","N",,0,0,,,0,,,,"N",2,"A","-",22350,,"N","A","H","-","A","D","0","Y","D","22",0,0,6,0,0,0,0,0,0,"-","-","UNINCORPORATED","SACRAMENTO","CA",0,0
"6240383",-121.3420036,38.6609031,2013,"3400","4","1","4","07",0,1,"A",,,,"Y",,1500,9,"B","C","A","MADISON AV","HEMLOCK ST",200,"W","N","2014-04-14",9250,"2013-09-16",1330,"015423",,"1","9","0","2",,"1","024","-","N",,0,0,,,0,,,,"N",3,"A","-",21658,"A","N","A","H","-","A","D","0","Y","G","25",0,0,1,0,0,0,0,0,0,"-","-","UNINCORPORATED","SACRAMENTO","CA",0,0
"6240382",-121.2917992,38.6364048,2013,"3400","5","4","4","03",0,3,"A",,,,,,2100,9,"C","C","A","SAN JUAN AV","FAIR OAKS BL",40,"N","N","2014-05-13",9250,"2013-09-12",1820,"018461",,"2","9","0","3",,"2","050","-","N",,0,0,,,0,,,,"N",3,"A","-",22350,,"N","A","H","-","A","D","0","Y","D","22",0,0,3,0,0,0,0,0,0,"-","-","UNINCORPORATED","SACRAMENTO","CA",0,0
"6240378",-121.3904731,38.603335,2013,"3400","5","4","4","05",0,1,"A",,"Y",,,,900,9,"H","G","A","COTTAGE WY","TRIMBLE WY",0,,"Y","2014-04-12",9250,"2013-09-12",755,"018596",,"1","9","0","3",,"2","040","-","N",,0,0,,,0,,,,"N",2,"A","-",21650,"1","N","A","H","-","A","D","0","Y","L","04",0,0,1,0,0,0,1,0,0,"-","-","UNINCORPORATED","SACRAMENTO","CA",0,0
"6240377",-121.5400431,38.6899451,2013,"3400","4","1","4","06",0,2,"A",,,,,,2100,9,"D","C","A","W ELKHORN BL","RT 99",630,"E","N","2014-04-15",9250,"2013-09-23",1902,"015866",,"2","9","0","2",,"1","064","-","Y","SAC",3,99,"-","-",33.55,"R","4","N","Y",2,"A","-",21750,,"N","A","H","-","B","D","0","Y","A","07",0,0,2,0,0,0,0,0,0,"-","-","UNINCORPORATED","SACRAMENTO","CA",0,0
"6240375",-121.4111908,38.6264844,2013,"3400","5","2","4","09",0,2,"A",,,,,,1200,9,"D","C","A","BELL AV","RT 51",0,,"Y","2014-04-12",9250,"2013-09-17",1012,"018126",,"1","9","0","3",,"2","040","-","Y","SAC",3,51,"-","-",6.181,"R","4","N","Y",2,"A","-",21802,"A","N","A","H","-","A","A","1","Y","A","08",0,0,2,0,0,0,0,0,0,"-","NF","UNINCORPORATED","SACRAMENTO","CA",0,0
"6240370",0,0,2013,"3404","5","1","2","08",0,1,"A",,,,,,1800,9,"-","-","A","DUDLEY BL","FORCUM AV",3200,"E","N","2014-04-26",9250,"2013-09-09",1659,"1481",,"2","7","0","3",,"2","060","-","N",,0,0,,,0,,,,"Y",1,"A","-",22107,,"F","A","H","-","A","-","0","Y","D","22",1,0,0,0,0,0,0,0,0,"-","-","SACRAMENTO","SACRAMENTO","CA",0,0
"6240369",-121.3950631,38.5886651,2013,"3400","5","6","4","09",0,1,"B",,,,,,1800,9,"D","C","A","HURLEY WY","TOPAZ WY",0,,"Y","2014-04-15",9250,"2013-09-21",1600,"018863",,"2","9","0","3",,"2","040","C","N",,0,0,,,0,,,,"Y",2,"A","-",21801,"A","N","B","H","-","A","A","0","Y","D","22",0,0,1,0,0,0,0,0,0,"-","-","UNINCORPORATED","SACRAMENTO","CA",0,0
"6240368",-121.3829332,38.657565,2013,"3400","5","2","4","12",0,2,"A",,,,,,600,10,"D","C","A","ROSEVILLE RD","WATT AV",0,,"Y","2014-05-02",9250,"2013-10-08",545,"017127",,"3","9","0","3",,"2","010","-","N",,0,0,,,0,,,,"Y",5,"A","-",21453,"A","F","A","H","-","C","A","0","Y","A","01",0,0,2,0,0,0,0,0,0,"-","-","UNINCORPORATED","SACRAMENTO","CA",0,0
"6240366",-121.3388503,38.6853926,2013,"3400","5","4","4","03",0,1,"A",,,,,,1500,9,"C","C","A","DIABLO DR","OLYMPIC WY",45,"N","N","2014-04-12",9250,"2013-09-05",1457,"015369",,"2","9","0","3",,"2","010","-","N",,0,0,,,0,,,,"Y",2,"A","-",22350,,"N","A","H","-","A","D","0","Y","D","22",0,0,1,0,0,0,0,0,0,"-","-","UNINCORPORATED","SACRAMENTO","CA",0,0
"6240361",-121.3838305,38.5740351,2013,"3400","4","5","4","21",0,1,"A",,,,,,1500,9,"C","C","A","FAIR OAKS BL","WATT AV",200,"W","N","2014-04-15",9250,"2013-09-13",1215,"017752",,"1","9","0","2",,"1","048","-","N",,0,0,,,0,,,,"Y",3,"A","-",22106,,"N","A","H","-","A","D","0","Y","A","07",0,0,1,0,0,0,0,0,0,"-","-","UNINCORPORATED","SACRAMENTO","CA",0,0
"6240360",-121.2921231,38.655275,2013,"3400","4","5","4","09",0,1,"A",,,,,,1500,10,"D","C","A","SAN JUAN AV","EAGLE RD",0,,"Y","2014-05-02",9250,"2013-10-04",1316,"018014",,"1","9","0","2",,"1","025","-","N",,0,0,,,0,,,,"Y",2,"A","-",21802,"A","N","A","H","-","A","A","0","Y","D","22",0,0,1,0,0,0,0,0,0,"-","-","UNINCORPORATED","SACRAMENTO","CA",0,0
"6240356",-121.4154731,38.5816451,2013,"3400","4","5","4","03",0,2,"A",,,,,,1200,10,"B","C","A","HOWE AV","NORTHROP AV",0,,"Y","2014-05-02",9250,"2013-10-04",1135,"014344",,"1","9","0","2",,"1","041","-","N",,0,0,,,0,,,,"N",4,"A","-",22350,,"N","A","H","-","A","D","0","Y","D","22",0,0,2,0,0,0,0,0,0,"-","-","UNINCORPORATED","SACRAMENTO","CA",0,0
"6240354",-121.3637132,38.6953889,2013,"3400","4","7","4","09",0,1,"A",,,,,,1800,9,"D","C","A","WALERGA RD","ELKHORN BL",300,"N","N","2014-04-12",9250,"2013-09-29",1645,"017900",,"2","9","0","2",,"1","013","-","N",,0,0,,,0,,,,"Y",2,"A","-",21801,"A","N","A","H","-","A","D","0","Y","A","01",0,0,1,0,0,0,0,0,0,"-","-","UNINCORPORATED","SACRAMENTO","CA",0,0
"6240351",-121.3829332,38.6575376,2013,"3400","4","5","4","21",0,1,"A",,,,,,1500,9,"C","C","A","WATT AV","ROSEVILLE RD",10,"S","N","2014-04-14",9250,"2013-09-06",1225,"17900",,"1","9","0","2",,"1","011","-","N",,0,0,,,0,,,,"N",2,"A","-",22106,,"N","A","H","-","A","D","0","Y","D","22",0,0,1,0,0,0,0,0,0,"-","-","UNINCORPORATED","SACRAMENTO","CA",0,0
"6240349",-121.3304758,38.6880634,2013,"3404","1","5","4","03",0,1,"A",,,,,,1800,10,"C","C","A","RT 80","GREENBACK LN",2500,"E","N","2014-05-02",9250,"2013-10-11",1745,"018560",,"2","7","0","1",,"2","184","-","Y","SAC",3,80,"-","-",14.92,"H","-","E","Y",3,"A","-",22350,,"N","A","H","-","A","D","1","Y","D","22",0,0,1,0,0,0,0,0,0,"-","-","SACRAMENTO","SACRAMENTO","CA",0,0
"6240348",0,0,2013,"3400","5","1","3","03",0,2,"A",,,,,,1800,9,"C","C","A","ANTELOPE NORTH RD","RIDGEPOINT DR",400,"S","N","2014-04-12",9250,"2013-09-23",1720,"18735",,"2","9","0","3",,"2","010","-","N",,0,0,,,0,,,,"Y",2,"A","-",22350,,"N","A","H","-","A","D","0","Y","D","22",0,1,1,0,0,0,0,0,0,"-","-","UNINCORPORATED","SACRAMENTO","CA",-121.32762,38.71857
"6240347",-121.4154632,38.5853268,2013,"3400","4","7","3","01",0,1,"A",,,,,"Y",600,9,"E","I","A","HOWE AV","VILLAGE DR",3,"S","N","2014-04-12",9250,"2013-09-08",554,"017397",,"3","9","0","2",,"1","041","-","N",,0,0,,,0,,,,"Y",1,"A","-",23152,"A","N","A","H","-","C","D","0","Y","D","22",0,1,0,0,0,0,0,0,0,"-","-","UNINCORPORATED","SACRAMENTO","CA",0,0
"6240339",-121.3776823,38.6830141,2013,"3400","5","7","4","01",0,1,"A",,,,,,1500,9,"C","E","A","GRATTAN WY","MELROSE DR",213,"N","N","2014-04-14",9250,"2013-09-01",1445,"017999",,"2","9","0","3",,"2","010","-","N",,0,0,,,0,,,,"Y",4,"A","-",23152,"A","N","A","H","-","A","D","0","Y","A","07",0,0,1,0,0,0,0,0,0,"-","-","UNINCORPORATED","SACRAMENTO","CA",0,0
"6240336",-121.4856283,38.6851264,2013,"3400","4","1","4","03",0,1,"A",,,,,,900,9,"C","C","A","W ELKHORN BL","E LEVEE RD",30,"W","N","2014-04-25",9250,"2013-09-23",722,"013997",,"1","9","0","2",,"1","064","-","N",,0,0,,,0,,,,"Y",3,"A","-",22350,,"N","A","H","-","A","D","0","Y","A","01",0,0,1,0,0,0,0,0,0,"-","-","UNINCORPORATED","SACRAMENTO","CA",0,0
"6240328",-121.345943,38.7037151,2013,"3400","4","5","4","12",0,1,"A",,,,,,2100,9,"D","C","A","ANTELOPE RD","DON JULIO BL",0,,"Y","2014-04-12",9250,"2013-09-20",1845,"017818",,"2","9","0","2",,"1","012","-","N",,0,0,,,0,,,,"Y",2,"A","-",21453,"A","N","A","H","-","A","A","0","Y","D","22",0,0,1,0,0,0,0,0,0,"-","-","UNINCORPORATED","SACRAMENTO","CA",0,0
"6240327",-121.3527231,38.6610418,2013,"3400","4","4","4","03",0,1,"A",,,,,,1200,9,"C","C","A","MADISON AV","WALL ST",40,"E","N","2014-04-14",9250,"2013-09-19",900,"17383",,"1","9","0","2",,"1","024","-","N",,0,0,,,0,,,,"Y",3,"A","-",22350,,"N","A","H","-","A","D","0","Y","D","22",0,0,1,0,0,0,0,0,0,"-","-","UNINCORPORATED","SACRAMENTO","CA",0,0
"6240325",-121.3410181,38.6789977,2013,"3400","1","1","4","03",0,1,"A",,,,,,900,9,"C","C","A","RT 80","GREENBACK LN",1584,"W","N","2014-04-14",9250,"2013-09-09",640,"12047",,"1","9","0","1",,"2","183","-","Y","SAC",3,80,"-","-",14.15,"H","-","W","Y",2,"A","-",22350,,"N","A","H","-","A","D","1","Y","D","22",0,0,1,0,0,0,0,0,0,"-","-","UNINCORPORATED","SACRAMENTO","CA",0,0
"6240234",-121.5259205,38.6428894,2013,"3400","1","1","4","07",0,1,"B",,,,,,600,9,"B","C","A","RT 5","ARENA BL",225,"N","N","2014-04-17",9250,"2013-09-30",510,"018816",,"3","9","0","1",,"2","105","-","Y","SAC",3,5,"-","-",28.1,"H","-","N","N",5,"A","-",21658,"A","N","A","H","-","B","D","1","Y","A","01",0,0,1,0,0,0,0,0,0,"-","-","UNINCORPORATED","SACRAMENTO","CA",0,0
"6240226",-121.5082584,38.606633,2013,"3404","1","6","4","07",0,1,"B",,,,"Y",,1500,9,"B","C","A","RT 5","GARDEN HWY",300,"N","N","2014-04-11",9250,"2013-09-21",1330,"17306",,"1","7","0","1",,"2","106","C","Y","SAC",3,5,"-","-",25.4,"H","-","S","Y",2,"A","-",21658,"A","F","B","H","-","A","D","1","Y","G","25",0,0,1,0,0,0,0,0,0,"-","-","SACRAMENTO","SACRAMENTO","CA",0,0
"6240222",-121.3830688,38.6164223,2013,"3400","4","5","4","03",0,1,"A",,,,,,2100,10,"C","C","A","WATT AV","MARCONI AV",500,"S","N","2014-05-02",9250,"2013-10-11",1805,"017752",,"2","9","0","2",,"1","045","-","N",,0,0,,,0,,,,"Y",2,"A","-",22350,,"N","A","H","-","A","A","0","Y","A","07",0,0,1,0,0,0,0,0,0,"-","-","UNINCORPORATED","SACRAMENTO","CA",0,0
"6240218",-121.3525631,38.5987951,2013,"3400","5","5","3","01",0,1,"A",,,,,"Y",2100,10,"D","C","A","THOR WY","BOWERWOOD DR",0,,"Y","2014-05-02",9250,"2013-10-11",1810,"018461",,"2","9","0","3",,"2","050","-","N",,0,0,,,0,,,,"N",2,"A","-",23152,"A","F","A","H","-","A","D","0","Y","D","22",0,1,0,0,0,0,0,0,0,"-","-","UNINCORPORATED","SACRAMENTO","CA",0,0
"6240214",-121.507826,38.6057876,2013,"3404","1","6","3","03",0,3,"A",,,,"Y",,1200,10,"A","C","A","RT 5","GARDEN HWY",116,"N","N","2014-07-03",9250,"2013-10-05",918,"17129",,"1","7","0","1",,"2","106","-","Y","SAC",3,5,"-","-",25.36,"H","-","S","Y",4,"A","-",22350,,"N","A","H","-","A","D","1","Y","A","01",0,1,2,0,0,0,0,0,0,"-","-","SACRAMENTO","SACRAMENTO","CA",0,0
"6240206",-121.367049,38.654932,2013,"3404","1","2","4","07",0,2,"A",,,,"Y",,900,10,"B","C","A","RT 80","MADISON AV",2640,"W","N","2014-05-02",9250,"2013-10-08",612,"017620",,"1","7","0","1",,"2","183","-","Y","SAC",3,80,"-","-",11.98,"H","-","W","Y",3,"A","-",21658,"A","N","A","H","-","B","D","1","Y","G","25",0,0,2,0,0,0,0,0,0,"-","-","SACRAMENTO","SACRAMENTO","CA",0,0
"6240190",-121.442483,38.6419965,2013,"3404","1","3","4","03",0,2,"A",,,,,,1800,10,"C","C","A","RT 80","DRY CREEK RD",1056,"E","N","2014-05-02",9250,"2013-10-02",1750,"014142",,"2","7","0","1",,"2","182","-","Y","SAC",3,80,"-","M",6.93,"H","-","E","Y",2,"A","-",22350,,"N","A","D","-","A","D","1","Y","A","01",0,0,2,0,0,0,0,0,0,"-","-","SACRAMENTO","SACRAMENTO","CA",0,0
"6239917",-121.4091231,38.525075,2013,"3404","0","5","4","08",0,1,"A",,,,,,900,10,"D","C","A","FRUITRIDGE RD","POWER INN RD",0,,"Y","2014-04-30",3404,"2013-10-11",759,"0690","6","5","7","0","0",,"0","00C","-","N",,0,0,,,0,,,,"Y",3,"A","-",22107,,"N","A","H","-","A","A","0","Y","A","08",0,0,1,0,0,0,0,0,0,"-","-","SACRAMENTO","SACRAMENTO","CA",0,0
"6239913",-121.4657262,38.5716815,2013,"3404","0","7","4","10",0,1,"A","Y",,,,,300,10,"G","B","B","K ST","ALHAMBRA BL",7,"W","N","2014-04-30",3404,"2013-10-13",33,"0597","3C","5","7","0","0",,"0",,"-","N",,0,0,,,0,,,,"N",2,"A","-",21950,"A","N","A","H","-","C","A","0","Y","A","08",0,0,1,0,1,0,0,0,0,"-","-","SACRAMENTO","SACRAMENTO","CA",0,0
"6239865",-121.4462032,38.6184837,2013,"3404","0","3","4","08",0,1,"A",,,"Y",,,2100,10,"D","C","A","RIO LINDA BL","LAS PALMAS AV",25,"N","N","2014-04-30",3404,"2013-10-02",1853,"873",,"5","7","0","0",,"0","213","-","N",,0,0,,,0,,,,"Y",2,"A","-",22102,,"N","A","H","-","C","A","0","Y","A","01",0,0,1,0,0,0,0,0,0,"-","-","SACRAMENTO","SACRAMENTO","CA",0,0
"6239861",-121.4803532,38.4815257,2013,"3404","0","5","3","03",0,1,"A",,,,,,300,10,"E","I","A","24TH ST","MEADOWVIEW",33,"N","N","2014-04-30",3404,"2013-10-11",12,"475","SA","5","7","0","0",,"0",,"-","N",,0,0,,,0,,,,"Y",1,"A","-",22350,,"N","A","H","-","C","D","0","Y","A",,0,1,0,0,0,0,0,0,0,"-","-","SACRAMENTO","SACRAMENTO","CA",0,0
"6239857",-121.4973632,38.524615,2013,"3404","0","6","4","12",0,1,"A",,"Y",,,,2100,10,"D","G","A","FREEPORT BL","FRUITRIDGE RD",0,,"Y","2014-04-30",3404,"2013-10-05",2037,"755","4","5","7","0","0",,"0","00B","-","N",,0,0,,,0,,,,"N",2,"A","-",21453,"A","N","A","H","-","C","A","0","Y","L","04",0,0,1,0,0,0,1,0,0,"-","-","SACRAMENTO","SACRAMENTO","CA",0,0
"6239853",-121.481253,38.5598751,2013,"3404","0","7","2","12",0,1,"A",,,,,,1800,10,"D","C","A","24TH ST","X ST",0,,"Y","2014-04-30",3404,"2013-10-06",1533,"0688","4","5","7","0","0",,"0","00A","-","N",,0,0,,,0,,,,"Y",2,"A","-",21453,"A","N","A","H","-","A","A","0","Y","A","01",1,0,0,0,0,0,0,0,0,"-","-","SACRAMENTO","SACRAMENTO","CA",0,0
"6239849",-121.4793589,38.4958651,2013,"3404","0","3","4","03",0,2,"A",,,,,,1800,10,"C","C","A","FLORIN RD","WOODBINE AV",56,"W","N","2014-04-30",3404,"2013-10-09",1733,"0834","SACAR","5","7","0","0",,"0","04B","-","N",,0,0,,,0,,,,"Y",3,"A","-",22350,,"N","A","H","-","A","D","0","Y","A","01",0,0,2,0,0,0,0,0,0,"-","-","SACRAMENTO","SACRAMENTO","CA",0,0
"6239845",-121.4394971,38.4783206,2013,"3404","0","7","2","03",0,1,"A",,,"Y",,,1800,10,"C","E","A","FITZWILLIAM WY","CENTER PKWY",86,"W","N","2014-04-30",3404,"2013-10-13",1732,"0262",,"5","7","0","0",,"0","05C","-","N",,0,0,,,0,,,,"N",2,"A","-",22350,,"N","A","H","-","A","D","0","Y","C","02",1,0,0,0,0,0,0,0,1,"-","-","SACRAMENTO","SACRAMENTO","CA",0,0
"6239838",0,0,2013,"3404","0","6","4","12",0,2,"A",,,,,,1500,10,"A","C","A","NATOMAS CROSSING DR","TRUXEL RD",0,,"Y","2014-04-24",3404,"2013-10-05",1213,"839",,"5","7","0","0",,"0","01A","-","Y",,0,0,,,0,,,,"Y",2,"A","-",21453,"A","N","A","H","-","A","A","0","Y","-","-",0,0,2,0,0,0,0,0,0,"-","-","SACRAMENTO","SACRAMENTO","CA",0,0
"6239834",-121.445736,38.5704545,2013,"3404","0","4","3","09",0,1,"A",,"Y",,,,1500,10,"D","G","A","H ST","45TH ST",10,"W","N","2014-04-25",3404,"2013-10-10",1430,"600",,"5","7","0","0",,"0",,"-","N",,0,0,,,0,,,,"N",2,"A","-",21804,"A","N","A","H","-","A","D","0","Y","L","04",0,1,0,0,0,0,1,0,0,"-","-","SACRAMENTO","SACRAMENTO","CA",0,0
"6239830",-121.4880506,38.5860027,2013,"3404","0","4","4","11",0,1,"A","Y",,,,,1500,10,"G","B","D","12TH ST","D ST",70,"S","N","2014-04-25",3404,"2013-10-10",1403,"306",,"5","7","0","0",,"0",,"-","N",,0,0,,,0,,,,"N",2,"A","-",21954,"A","N","A","H","-","A","D","0","Y","N","60",0,0,1,0,1,0,0,0,0,"-","-","SACRAMENTO","SACRAMENTO","CA",0,0