"CASEID","POINT_X","POINT_Y","YEAR_","LOCATION","CHPTYPE","DAYWEEK","CRASHSEV","VIOLCAT","KILLED","INJURED","WEATHER1","PEDCOL","BICCOL","MCCOL","TRUCKCOL","ETOH","TIMECAT","MONTH_","CRASHTYP","INVOLVE","PED","PRIMARYRD","SECONDRD","DISTANCE","DIRECT","INTERSECT_","PROCDATE","JURIS","DATE_","TIME_","BADGE","JURIDIST","SHIFT","POP","SPECIAL","BEATTYPE","LAPDDIV","BEATCLAS","BEATNUMB","WEATHER2","STATEHW","CALTRANC","CALTRAND","STROUTE","ROUTESUF","POSTPRE","POSTMILE","LOCATYPE","RAMP","SIDEHW","TOWAWAY","PARTIES","PCF","VIOLCODE","VIOL","VIOLSUB","HITRUN","ROADSURF","RDCOND1","RDCOND2","LIGHTING","RIGHTWAY","CHPRDTYP","NOTPRIV","STFAULT","CHPFAULT","SEVINJ","OTHERINJ","COP","PEDKILL","PEDINJ","BICKILL","BICINJ","MCKILL","MCINJURE","RAMP1","RAMP2","CITY","COUNTY","STATE","X_CHP","Y_CHP"
"6509466",-121.447068,38.4299339,2014,"3450","0","1","4","03",0,2,"A",,,,,,1500,5,"C","C","A","FRANKLIN BL","LAGUNA PARK DR",495,"N","N","2014-08-05",340,"2014-05-05",1345,"10069","2103","5","5","0","0",,"0","002","-","N",,0,0,,,0,,,,"Y",4,"A","-",22350,,"N","A","D","-","A","A","0","Y","A","01",0,0,2,0,0,0,0,0,0,"-","-","ELK GROVE","SACRAMENTO","CA",0,0
"6509045",-121.298146,38.6782873,2014,"3496","0","2","4","03",0,2,"B",,,,,,2100,5,"C","C","A","GREENBACK LN","FOUNTAIN SQUARE DR",62,"E","N","2014-08-05",3496,"2014-05-20",1831,"375","3496","5","5","0","0",,"0","003","-","N",,0,0,,,0,,,,"Y",2,"A","-",22350,,"N","A","H","-","A","A","0","Y","A","01",0,0,2,0,0,0,0,0,0,"-","-","CITRUS HEIGHTS","SACRAMENTO","CA",0,0
"6509030",-121.5036331,38.5665751,2014,"3404","2","3","4","08",0,2,"A",,,,,,1200,5,"C","C","A","RT 50","6TH ST",200,"W","N","2016-02-17",9252,"2014-05-21",1145,"12096",,"1","7","0","1",,"2","150","-","Y","SAC",3,50,"-","L",0.679,"R","3","W","Y",2,"A","-",22107,,"N","A","H","-","A","D","1","Y","A","07",0,0,2,0,0,0,0,0,0,"TO","-","SACRAMENTO","SACRAMENTO","CA",-121.50541,38.56709
"6509029",-121.4876252,38.5787426,2014,"3404","0","6","4","00",0,1,"A",,,,,"Y",600,5,"B","C","A","J ST","14TH ST",93,"E","N","2014-08-07",3404,"2014-05-31",315,"342",,"5","7","0","0",,"0","03A","-","N",,0,0,,,0,,,,"Y",2,"A","-",20002,"A","N","A","H","-","C","A","0","Y","-","99",0,0,1,0,0,0,0,0,0,"-","-","SACRAMENTO","SACRAMENTO","CA",0,0
"6509026",-121.4491663,38.5580806,2014,"3404","2","3","4","03",0,3,"A",,,,,,900,5,"C","C","A","RT 50","48TH ST",100,"W","N","2016-03-26",9252,"2014-05-21",735,"15006",,"1","7","0","1",,"2","151","-","Y","SAC",3,50,"-","R",1.39,"H","-","W","Y",2,"A","-",22350,,"N","A","H","-","A","D","1","Y","A","01",0,0,3,0,0,0,0,0,0,"-","-","SACRAMENTO","SACRAMENTO","CA",-121.463,38.561
"6509022",-121.4081131,38.4519751,2014,"3400","4","2","4","03",0,1,"A",,,,,,900,5,"C","C","A","CALVINE RD","RT 99",100,"E","N","2016-01-13",9252,"2014-05-20",735,"13720",,"1","9","0","2",,"2","073","-","Y","SAC",3,99,"-","-",16.016,"H","-","N","N",2,"A","-",22350,,"N","A","H","-","A","D","1","Y","A","01",0,0,1,0,0,0,0,0,0,"-","-","UNINCORPORATED","SACRAMENTO","CA",-121.40878,38.45647
"6508922",-121.3446605,38.6750783,2014,"3400","1","6","4","03",0,2,"A",,,,,,1500,5,"C","C","A","RT 80","FOOTHILL FARMS PED OC",150,"E","N","2016-03-23",9250,"2014-05-10",1305,"15369",,"1","9","0","1",,"2","184","-","Y","SAC",3,80,"-","-",13.77,"H","-","E","Y",2,"A","-",22350,,"N","A","H","-","A","D","1","Y","A","01",0,0,2,0,0,0,0,0,0,"-","-","UNINCORPORATED","SACRAMENTO","CA",0,0
"6508893",-121.4510974,38.5854811,2014,"3404","3","1","4","08",0,1,"A",,,,,,900,5,"D","C","A","RT 51","ELVAS AV",100,"S","N","2016-03-28",9252,"2014-05-19",843,"18961",,"1","7","0","1",,"2","193","-","Y","SAC",3,51,"-","-",2.41,"H","-","S","Y",3,"A","-",22107,,"N","A","H","-","A","D","1","Y","A","01",0,0,1,0,0,0,0,0,0,"-","-","SACRAMENTO","SACRAMENTO","CA",-121.44778,38.58735
"6508889",-121.4851677,38.5613351,2014,"3404","2","3","4","03",0,1,"A",,,,,,1800,5,"C","C","A","RT 50","21ST ST",75,"W","N","2016-03-26",9252,"2014-05-21",1750,"13732",,"2","7","0","1",,"2","150","-","Y","SAC",3,50,"-","L",1.81,"H","-","E","Y",2,"A","-",22350,,"N","A","H","-","A","D","1","Y","A","08",0,0,1,0,0,0,0,0,0,"-","-","SACRAMENTO","SACRAMENTO","CA",-121.48508,38.56131
"6508885",-121.468567,38.5594816,2014,"3404","2","5","4","07",0,1,"A",,,,,,2400,5,"B","C","A","RT 50","34TH ST",528,"W","N","2016-03-26",9252,"2014-05-16",2230,"17971",,"3","7","0","1",,"2","151","-","Y","SAC",3,50,"-","R",0.28,"H","-","E","N",2,"A","-",21658,"A","F","A","H","-","C","D","1","Y","-","99",0,0,1,0,0,0,0,0,0,"-","-","SACRAMENTO","SACRAMENTO","CA",-121.46713,38.55917
"6508881",-121.3323685,38.3360624,2014,"3400","3","3","3","18",0,1,"A",,,,,,2100,5,"E","I","A","RT 99","DILLARD RD",2640,"S","N","2016-01-13",9252,"2014-05-21",2013,"14833",,"2","9","0","1",,"2","191","-","Y","SAC",3,99,"-","-",6.86,"H","-","S","Y",1,"C","-",0,,"N","A","H","-","B","D","1","Y","-","-",0,1,0,0,0,0,0,0,0,"-","-","UNINCORPORATED","SACRAMENTO","CA",-121.3309,38.3329
"6508792",-121.1550646,38.6679132,2014,"3401","0","5","3","09",0,2,"A",,,,,,1500,5,"D","C","A","BLUE RAVINE RD","EAST BIDWELL ST",640,"S","N","2014-07-31",3401,"2014-05-23",1424,"191","2","5","5","0","0",,"0","002","-","N",,0,0,,,0,,,,"Y",2,"A","-",21804,"A","N","A","H","-","A","D","0","Y","A","01",0,1,1,0,0,0,0,0,0,"-","-","FOLSOM","SACRAMENTO","CA",-121.15516,38.66782
"6508788",0,0,2014,"3401","0","7","4","07",0,1,"A",,,,,,1800,5,"E","I","A","GOLF LINKS DR","ARLINGTON DR",300,"S","N","2014-07-31",3401,"2014-05-18",1638,"177","3","5","5","0","0",,"0","003","-","N",,0,0,,,0,,,,"Y",1,"A","-",21658,"A","N","A","H","-","A","D","0","Y","A","01",0,0,1,0,0,0,0,0,0,"-","-","FOLSOM","SACRAMENTO","CA",0,0
"6508784",0,0,2014,"3401","0","5","3","11",0,1,"A",,"Y",,,,1200,5,"H","G","A","FOLSOM LAKE CROSSING","FOLSOM-AUBURN RD",0,,"Y","2014-07-31",3401,"2014-05-23",1036,"180","1","5","5","0","0",,"0","001","-","N",,0,0,,,0,,,,"N",2,"A","-",21456,"B","N","A","H","-","A","A","0","Y","L","04",0,1,0,0,0,0,1,0,0,"-","-","FOLSOM","SACRAMENTO","CA",-121.17331,38.7113
"6508744",-121.4315376,38.6140666,2014,"3404","0","4","3","09",0,1,"A",,"Y",,,,1500,5,"C","E","A","AUBURN BL","GLENROSE AV",330,"S","N","2014-08-02",3404,"2014-05-08",1349,"3129","2","5","7","0","0",,"0","SAC","-","N",,0,0,,,0,,,,"N",3,"A","-",21801,"A","N","A","H","-","A","D","0","Y","A","01",0,1,0,0,0,0,1,0,0,"-","-","SACRAMENTO","SACRAMENTO","CA",0,0
"6508740",-121.4831632,38.520685,2014,"3404","0","2","4","03",0,1,"A",,,,,,1800,5,"C","C","A","24TH ST","FERNANDEZ DR",0,,"Y","2014-07-31",3404,"2014-05-13",1717,"814",,"5","7","0","0",,"0","04B","-","N",,0,0,,,0,,,,"N",2,"A","-",22350,,"N","A","H","-","A","A","0","Y","A","01",0,0,1,0,0,0,0,0,0,"-","-","SACRAMENTO","SACRAMENTO","CA",0,0
"6508739",-121.4694145,38.5595181,2014,"3404","2","6","4","03",0,1,"A",,,,,,2100,5,"C","C","A","RT 50","ALHAMBRA BL",500,"E","N","2016-03-26",9252,"2014-05-17",1900,"18167",,"2","7","0","1",,"2","151","-","Y","SAC",3,50,"-","R",0.23,"H","-","W","Y",3,"A","-",22350,,"N","A","H","-","A","D","1","Y","A","01",0,0,1,0,0,0,0,0,0,"-","-","SACRAMENTO","SACRAMENTO","CA",-121.46863,38.55981
"6508736",-121.4786354,38.5103162,2014,"3404","0","3","4","09",0,2,"A",,,,,,1800,5,"D","C","A","47TH AV","WOODBINE AV",48,"E","N","2014-07-31",3404,"2014-05-14",1645,"814",,"5","7","0","0",,"0","04B","-","N",,0,0,,,0,,,,"Y",2,"A","-",21804,"A","N","A","H","-","A","D","0","Y","-",,0,0,2,0,0,0,0,0,0,"-","-","SACRAMENTO","SACRAMENTO","CA",0,0
"6508735",-121.6280331,38.117935,2014,"3404","5","7","3","09",0,1,"A",,,"Y",,,1800,5,"D","C","A","JACKSON SLOUGH RD","BRANNAN ISLAND RD",0,,"Y","2015-09-23",9252,"2014-05-18",1753,"18648",,"2","7","0","3",,"2","090","-","N",,0,0,,,0,,,,"Y",2,"A","-",21802,"A","N","A","H","-","A","A","0","Y","A","01",0,1,0,0,0,0,0,0,1,"-","-","SACRAMENTO","SACRAMENTO","CA",-121.62794,38.11795
"6508732",-121.5046131,38.582035,2014,"3404","0","4","3","03",0,1,"A",,"Y",,,,2100,5,"D","G","A","2ND ST","K ST",0,,"Y","2014-07-31",3404,"2014-05-22",1920,"553","3M","5","7","0","0",,"0",,"-","N",,0,0,,,0,,,,"N",2,"A","-",22350,,"N","A","H","-","A","D","0","Y","L","04",0,1,0,0,0,0,1,0,0,"-","-","SACRAMENTO","SACRAMENTO","CA",0,0
"6508731",-121.4737648,38.5451207,2014,"3404","3","3","4","03",0,2,"A",,,,,,1200,5,"C","C","A","RT 99","8TH AV",200,"S","N","2015-11-20",9252,"2014-05-14",910,"14512",,"1","7","0","1",,"2","192","-","Y","SAC",3,99,"-","-",23.38,"H","-","N","N",3,"A","-",22350,,"N","A","H","-","A","D","1","Y","A","08",0,0,2,0,0,0,0,0,0,"-","-","SACRAMENTO","SACRAMENTO","CA",-121.47362,38.54339
"6508728",-121.4831931,38.524785,2014,"3404","0","1","4","12",0,1,"A",,,,,,1800,5,"D","C","A","24TH ST","FRUITRIDGE RD",0,,"Y","2014-07-31",3404,"2014-05-26",1531,"814",,"5","7","0","0",,"0","04B","-","N",,0,0,,,0,,,,"Y",2,"A","-",21453,"A","N","A","H","-","A","A","0","Y","-",,0,0,1,0,0,0,0,0,0,"-","-","SACRAMENTO","SACRAMENTO","CA",0,0
"6508476",-121.466923,38.575715,2014,"3404","0","4","4","08",0,2,"A",,,,,,1200,5,"E","I","A","H ST","29TH ST",0,,"Y","2014-08-05",3404,"2014-05-15",956,"526",,"5","7","0","0",,"0",,"-","N",,0,0,,,0,,,,"Y",1,"A","-",22107,,"N","A","H","-","A","A","0","Y","A","01",0,0,2,0,0,0,0,0,0,"-","-","SACRAMENTO","SACRAMENTO","CA",0,0
"6508472",-121.4577339,38.6063551,2014,"3404","0","3","2","11",0,1,"A","Y",,,,,2400,5,"A","B","D","ARDEN WY","DEL PASO BL",330,"E","N","2014-08-01",3404,"2014-05-28",2321,"781",,"5","7","0","0",,"0",,"-","N",,0,0,,,0,,,,"N",2,"A","-",21955,,"N","A","H","-","C","A","0","Y","N","60",1,0,0,0,1,0,0,0,0,"-","-","SACRAMENTO","SACRAMENTO","CA",0,0
"6508468",0,0,2014,"3404","0","2","3","03",0,1,"-",,,,,,900,5,"E","I","A","NORTHGATE BL","NORTHGATE BL 3820",0,,"Y","2014-08-05",3404,"2014-05-27",840,"8163","1","5","7","0","0",,"0","00C","-","N",,0,0,,,0,,,,"Y",1,"A","-",22350,,"N","-","-","-","-","D","0","Y","A","07",0,1,0,0,0,0,0,0,0,"-","-","SACRAMENTO","SACRAMENTO","CA",0,0
"6508464",-121.4833633,38.5788547,2014,"3404","0","4","4","03",0,1,"-",,"Y",,,,1800,5,"G","G","A","I ST","17TH ST",12,"E","N","2014-08-05",3404,"2014-05-29",1757,"553","P3","5","7","0","0",,"0","03M","-","N",,0,0,,,0,,,,"N",2,"A","-",22350,,"N","A","H","-","A","A","0","Y","-","-",0,0,1,0,0,0,1,0,0,"-","-","SACRAMENTO","SACRAMENTO","CA",0,0
"6508440",-121.4743698,38.5688736,2014,"3404","0","4","3","07",0,1,"A",,,"Y",,,900,5,"F","J","A","26TH ST","O ST",54,"S","N","2014-08-01",3404,"2014-05-01",825,"0756","CENTR","5","7","0","0",,"0","03B","-","N",,0,0,,,0,,,,"Y",2,"A","-",21658,"A","N","A","H","-","A","D","0","Y","A","01",0,1,0,0,0,0,0,0,1,"-","-","SACRAMENTO","SACRAMENTO","CA",0,0
"6508424",0,0,2014,"3404","0","5","3","17",0,1,"A",,"Y",,,,1500,5,"D","G","A","BURNETT WY 2ND AV ALY","21ST ST",9,"E","N","2014-08-01",3404,"2014-05-02",1412,"0918",,"5","7","0","0",,"0","04A","-","N",,0,0,,,0,,,,"N",2,"A","-",21208,"A","N","A","H","-","A","D","0","Y","L","04",0,1,0,0,0,0,1,0,0,"-","-","SACRAMENTO","SACRAMENTO","CA",0,0
"6508420",-121.4477931,38.647575,2014,"3404","0","4","4","12",0,1,"A",,,,,,1800,5,"D","C","A","BELL AV","RIO LINDA BL",0,,"Y","2014-08-02",3404,"2014-05-01",1543,"0211",,"5","7","0","0",,"0","02A","-","N",,0,0,,,0,,,,"N",2,"A","-",21453,"A","N","A","H","-","A","A","0","Y","A","01",0,0,1,0,0,0,0,0,0,"-","-","SACRAMENTO","SACRAMENTO","CA",0,0
"6507884",-121.2256831,38.6785638,2014,"3400","4","2","4","03",0,1,"A",,,,,,2400,5,"C","C","A","HAZEL AV","GREENBACK LN",25,"N","N","2014-07-31",9260,"2014-05-27",2245,"18705",,"3","9","0","2",,"2","307","-","N",,0,0,,,0,,,,"N",2,"A","-",22350,,"F","A","H","-","C","A","0","Y","A","01",0,0,1,0,0,0,0,0,0,"-","-","UNINCORPORATED","SACRAMENTO","CA",0,0
"6506572",-121.2265555,38.6640204,2014,"3400","4","5","4","08",0,2,"B",,,,,,2400,4,"E","I","A","MADISON AV","HAZEL AV",235,"W","N","2014-06-24",9260,"2014-04-04",2220,"018456",,"3","9","0","2",,"2","304","-","N",,0,0,,,0,,,,"Y",1,"A","-",22107,,"N","A","H","-","C","D","0","Y","A","07",0,0,2,0,0,0,0,0,0,"-","-","UNINCORPORATED","SACRAMENTO","CA",0,0
"6506317",-121.3775257,38.6392549,2014,"3400","5","1","2","11",0,1,"A","Y",,,,,2100,4,"G","B","D","AUBURN BL","BRIDGE RD",26,"W","N","2014-07-18",9250,"2014-04-28",1903,"016114",,"2","9","0","3",,"2","040","-","N",,0,0,,,0,,,,"N",2,"A","-",21954,"A","N","A","H","-","A","D","0","Y","N","60",1,0,0,0,1,0,0,0,0,"-","-","UNINCORPORATED","SACRAMENTO","CA",0,0
"6506313",-121.3691132,38.6285051,2014,"3404","5","6","4","12",0,2,"B",,,,,,1800,4,"D","C","A","WHITNEY AV","NORRIS AV",0,,"Y","2014-07-30",9250,"2014-04-26",1510,"017682",,"2","7","0","3",,"2","040","-","N",,0,0,,,0,,,,"Y",2,"A","-",21453,"A","N","A","H","-","A","A","0","Y","-","-",0,0,2,0,0,0,0,0,0,"-","-","SACRAMENTO","SACRAMENTO","CA",0,0
"6506309",-121.3530813,38.6609417,2014,"3400","4","5","4","03",0,1,"C",,,,,,1500,4,"C","C","A","MADISON AV","DATE AV",600,"E","N","2014-07-18",9250,"2014-04-25",1430,"017900",,"2","9","0","2",,"1","024","-","N",,0,0,,,0,,,,"N",3,"A","-",22350,,"F","B","H","-","A","D","0","Y","D","22",0,0,1,0,0,0,0,0,0,"-","-","UNINCORPORATED","SACRAMENTO","CA",0,0
"6506305",-121.4394965,38.6425134,2014,"3404","1","7","3","08",0,1,"A",,,,,,1800,4,"E","I","A","RT 80","DRY CREEK RD",20,"E","N","2016-03-23",9250,"2014-04-27",1630,"015272",,"2","7","0","1",,"2","182","-","Y","SAC",3,80,"-","M",7.13,"H","-","E","Y",1,"A","-",22107,,"N","A","H","-","A","D","1","Y","A","01",0,1,0,0,0,0,0,0,0,"-","-","SACRAMENTO","SACRAMENTO","CA",0,0
"6506286",-121.4153632,38.6036837,2014,"3400","4","3","4","03",0,2,"A",,,,,,2100,4,"C","C","A","HOWE AV","COTTAGE WY",25,"N","N","2014-07-18",9250,"2014-04-16",1820,"015869",,"2","9","0","2",,"1","041","-","N",,0,0,,,0,,,,"Y",2,"A","-",22350,,"N","A","H","-","A","A","0","Y","D","22",0,0,2,0,0,0,0,0,0,"-","-","UNINCORPORATED","SACRAMENTO","CA",0,0
"6506282",-121.340327,38.6854359,2014,"3400","4","6","4","03",0,1,"A",,,,,,1200,4,"C","C","A","ELKHORN BL","DIABLO DR",300,"W","N","2014-07-18",9250,"2014-04-26",1000,"017900",,"1","9","0","2",,"1","012","-","N",,0,0,,,0,,,,"N",2,"A","-",22350,,"N","A","H","-","A","D","0","Y","A","07",0,0,1,0,0,0,0,0,0,"-","-","UNINCORPORATED","SACRAMENTO","CA",0,0
"6506278",-121.5619043,38.6373024,2014,"3400","5","6","2","03",0,1,"B",,"Y",,,,1200,4,"H","J","A","GARDEN HWY","SAN JUAN RD",3696,"N","N","2014-07-18",9250,"2014-04-26",1120,"017129",,"1","9","0","3",,"2","090","-","N",,0,0,,,0,,,,"N",1,"A","-",22350,,"N","A","H","-","A","D","0","Y","L","04",1,0,0,0,0,0,1,0,0,"-","-","UNINCORPORATED","SACRAMENTO","CA",0,0
"6506274",-121.3829902,38.6781513,2014,"3400","4","7","4","03",0,1,"B",,,,,,1800,4,"C","C","A","WATT AV","DON JULIO BL",300,"S","N","2014-07-18",9250,"2014-04-27",1520,"017900",,"2","9","0","2",,"1","011","-","N",,0,0,,,0,,,,"N",2,"A","-",22350,,"F","A","H","-","A","D","0","Y","-","99",0,0,1,0,0,0,0,0,0,"-","-","UNINCORPORATED","SACRAMENTO","CA",0,0
"6506270",-121.3372205,38.6606851,2014,"3400","4","2","4","10",0,1,"A","Y",,,,,1800,4,"G","B","F","MADISON AV","GARFIELD AV",75,"E","N","2014-07-18",9250,"2014-04-29",1625,"012931",,"2","9","0","2",,"1","024","-","N",,0,0,,,0,,,,"N",2,"A","-",21952,,"N","A","H","-","A","D","0","Y","A","07",0,0,1,0,1,0,0,0,0,"-","-","UNINCORPORATED","SACRAMENTO","CA",0,0
"6506266",-121.382963,38.663135,2014,"3400","4","7","4","05",0,1,"B",,"Y",,,,1200,4,"H","G","A","WATT AV","AIRBASE DR",0,,"Y","2014-07-18",9250,"2014-04-13",945,"017762",,"1","9","0","2",,"1","011","-","N",,0,0,,,0,,,,"N",2,"A","-",21650,"1","N","A","H","-","A","A","0","Y","L","04",0,0,1,0,0,0,1,0,0,"-","-","UNINCORPORATED","SACRAMENTO","CA",0,0
"6506262",-121.3459874,38.6130514,2014,"3400","5","3","4","08",0,1,"A",,,,,,300,4,"C","E","A","WALNUT AV","KOVANDA AV",188,"N","N","2014-07-18",9250,"2014-04-30",130,"014532",,"3","9","0","3",,"2","050","-","N",,0,0,,,0,,,,"Y",2,"A","-",22107,,"N","A","H","-","C","D","0","Y","A","01",0,0,1,0,0,0,0,0,0,"-","-","UNINCORPORATED","SACRAMENTO","CA",0,0
"6506258",-121.393453,38.617905,2014,"3400","4","3","4","09",0,1,"A",,,,,,2100,4,"D","C","A","MARCONI AV","LACY LN",0,,"Y","2014-07-18",9250,"2014-04-30",1815,"015423",,"2","9","0","2",,"1","042","-","N",,0,0,,,0,,,,"N",2,"A","-",21802,"A","N","A","H","-","A","A","0","Y","A","01",0,0,1,0,0,0,0,0,0,"-","-","UNINCORPORATED","SACRAMENTO","CA",0,0
"6506254",-121.3380658,38.7036255,2014,"3400","5","5","2","12",0,2,"B",,,,,,1500,4,"A","C","A","ANTELOPE RD","ANTELOPE NORTH RD",35,"W","N","2014-07-18",9250,"2014-04-25",1328,"17306",,"1","9","0","3",,"2","010","C","N",,0,0,,,0,,,,"Y",4,"A","-",21453,"A","N","B","H","-","A","A","0","Y","A","01",1,0,1,0,0,0,0,0,0,"-","-","UNINCORPORATED","SACRAMENTO","CA",0,0
"6506250",-121.3644932,38.7071277,2014,"3400","5","4","2","08",0,1,"A",,,,,,1500,4,"E","I","A","WALERGA RD","ANTELOPE RD",1170,"N","N","2014-07-18",9250,"2014-04-24",1210,"17306",,"1","9","0","3",,"2","010","-","N",,0,0,,,0,,,,"Y",1,"A","-",22107,,"N","A","H","-","A","D","0","Y","A","01",1,0,0,0,0,0,0,0,0,"-","-","UNINCORPORATED","SACRAMENTO","CA",0,0
"6506246",-121.2717561,38.6401244,2014,"3404","0","4","3","03",0,1,"A",,,,,,1800,4,"C","C","A","FAIR OAKS BL","SUNRISE BL",10,"W","N","2014-11-06",3404,"2014-04-10",1550,"016225",,"5","7","0","0",,"0",,"-","N",,0,0,,,0,,,,"N",2,"A","-",22350,,"N","A","H","-","A","D","0","Y","A","08",0,1,0,0,0,0,0,0,0,"-","-","SACRAMENTO","SACRAMENTO","CA",0,0
"6506242",-121.3399102,38.5950683,2014,"3400","4","3","2","10",0,1,"A","Y",,,,,1200,4,"G","B","B","ARDEN WY","HOUSE WORKS DR",5,"W","N","2014-07-18",9250,"2014-04-23",925,"013466",,"1","9","0","2",,"1","056","-","N",,0,0,,,0,,,,"N",2,"A","-",21950,"A","N","A","H","-","A","A","0","Y","A","07",1,0,0,0,1,0,0,0,0,"-","-","UNINCORPORATED","SACRAMENTO","CA",0,0
"6505994",-121.272323,38.6607451,2014,"3400","4","4","4","03",0,2,"A",,,,,,1500,5,"C","C","A","SUNRISE BL","WILDRIDGE DR",0,,"Y","2014-07-30",9260,"2014-05-29",1330,"014633",,"1","9","0","2",,"2","301","-","N",,0,0,,,0,,,,"Y",6,"A","-",22350,,"N","A","H","-","A","A","0","Y","A","01",0,0,2,0,0,0,0,0,0,"-","-","UNINCORPORATED","SACRAMENTO","CA",0,0
"6505982",-121.3212608,38.5729068,2014,"3400","2","6","2","01",0,1,"A",,,,,"Y",300,5,"E","I","A","RT 50","ROUTIER RD",1080,"W","N","2016-03-26",9260,"2014-05-31",15,"18352",,"3","9","0","1",,"2","501","-","Y","SAC",3,50,"-","R",8.71,"H","-","E","Y",1,"A","-",23152,"A","N","A","H","-","C","D","1","Y","A","01",1,0,0,0,0,0,0,0,0,"-","-","UNINCORPORATED","SACRAMENTO","CA",-121.31784,38.57415
"6505718",-121.1818331,38.654555,2014,"3401","0","7","3","09",0,3,"A",,,,,,2500,5,"D","C","A","BLUE RAVINE","FOLSOM BL",0,,"Y","2014-07-31",3401,"2014-05-25",2500,"213","4","5","5","0","0",,"0","004","-","N",,0,0,,,0,,,,"Y",2,"A","-",21453,"C","N","A","H","-","C","A","0","Y","A","07",0,1,2,0,0,0,0,0,0,"-","-","FOLSOM","SACRAMENTO","CA",-121.18168,38.65435
"6505717",-121.1513342,38.6712897,2014,"3401","0","4","4","03",0,1,"A",,,,,,2100,5,"C","C","A","BLUE RAVINE RD","SCHOOL ST",325,"S","N","2014-07-31",3401,"2014-05-15",1800,"195","3","5","5","0","0",,"0","003","-","N",,0,0,,,0,,,,"Y",3,"A","-",22350,,"N","A","H","-","A","D","0","Y","A","07",0,0,1,0,0,0,0,0,0,"-","-","FOLSOM","SACRAMENTO","CA",0,0
"6505714",-121.1221435,38.6537693,2014,"3401","0","4","4","12",0,1,"A",,,,,,1200,5,"H","F","A","BROADSTONE PKWY","E BIDWELL ST",28,"E","N","2014-08-01",3401,"2014-05-29",922,"206","4","5","5","0","0",,"0","004","-","N",,0,0,,,0,,,,"Y",1,"A","-",21453,"A","N","A","G","-","A","A","0","Y","A","01",0,0,1,0,0,0,0,0,0,"-","-","FOLSOM","SACRAMENTO","CA",0,0
"6505713",-121.160363,38.6637351,2014,"3401","0","3","4","-",0,1,"A",,,,,,2400,5,"E","I","A","RILEY ST","CASSELMAN ST",0,,"N","2014-08-01",3401,"2014-05-14",2138,"198","2","5","5","0","0",,"0","002","-","N",,0,0,,,0,,,,"Y",1,"A","-",0,,"N","A","H","-","C","D","0","Y","A","01",0,0,1,0,0,0,0,0,0,"-","-","FOLSOM","SACRAMENTO","CA",0,0
"6505680",-121.3858566,38.6360538,2014,"3400","5","6","3","07",0,1,"A",,,"Y",,,1200,5,"B","C","A","AUBURN BL","WATT AV",890,"W","N","2014-07-30",9250,"2014-05-10",1130,"014344",,"1","9","0","3",,"2","040","-","N",,0,0,,,0,,,,"Y",2,"A","-",21658,"A","N","A","H","-","A","D","0","Y","A","01",0,1,0,0,0,0,0,0,1,"-","-","UNINCORPORATED","SACRAMENTO","CA",0,0
"6505679",-121.3624056,38.6682201,2014,"3400","4","4","3","06",0,2,"A",,,,,,2100,5,"B","C","A","HILLSDALE BL","PALM AV",50,"S","N","2014-07-30",9250,"2014-05-01",2030,"015961",,"2","9","0","2",,"1","017","-","N",,0,0,,,0,,,,"Y",3,"A","-",21750,,"F","A","H","-","A","A","0","Y","-","99",0,1,1,0,0,0,0,0,0,"-","-","UNINCORPORATED","SACRAMENTO","CA",0,0
"6505676",-121.4153232,38.61472,2014,"3400","4","6","2","01",0,1,"A","Y",,,,"Y",2100,5,"G","B","E","HOWE AV","BLUE BIRD LN",20,"N","N","2014-07-30",9250,"2014-05-10",1843,"015342",,"2","9","0","2",,"1","041","-","N",,0,0,,,0,,,,"N",2,"A","-",23152,"A","F","A","H","-","A","D","0","Y","A","01",1,0,0,0,1,0,0,0,0,"-","-","UNINCORPORATED","SACRAMENTO","CA",-121.41541,38.61317
"6505675",-121.3086031,38.6652551,2014,"3400","5","5","3","09",0,1,"A",,,,,,900,5,"A","C","A","DEWEY DR","TEMPLETON DR",0,,"Y","2014-07-30",9250,"2014-05-02",748,"018014",,"1","9","0","3",,"2","020","-","N",,0,0,,,0,,,,"Y",2,"A","-",21801,"A","N","A","H","-","A","A","0","Y","D","22",0,1,0,0,0,0,0,0,0,"-","-","UNINCORPORATED","SACRAMENTO","CA",0,0
"6505672",-121.3829432,38.6846011,2014,"3400","4","5","4","09",0,1,"A","Y",,,,,1800,5,"G","B","-","WATT AV","GRATTAN WY",75,"N","N","2014-07-30",9250,"2014-05-16",1705,"017818",,"2","9","0","2",,"1","011","-","N",,0,0,,,0,,,,"N",2,"A","-",21804,"A","N","A","H","-","A","D","0","Y","A","07",0,0,1,0,1,0,0,0,0,"-","-","UNINCORPORATED","SACRAMENTO","CA",0,0
"6505671",-121.336693,38.648065,2014,"3400","5","6","2","01",0,2,"A",,,,,,1200,5,"D","C","A","GARFIELD AV","WINDING WY",0,,"Y","2014-07-30",9250,"2014-05-24",1023,"018014",,"1","9","0","3",,"2","050","-","N",,0,0,,,0,,,,"Y",3,"A","-",23152,"E","N","A","H","-","A","A","0","Y","A","01",1,1,0,0,0,0,0,0,0,"-","-","UNINCORPORATED","SACRAMENTO","CA",0,0