"CASEID","POINT_X","POINT_Y","YEAR_","LOCATION","CHPTYPE","DAYWEEK","CRASHSEV","VIOLCAT","KILLED","INJURED","WEATHER1","PEDCOL","BICCOL","MCCOL","TRUCKCOL","ETOH","TIMECAT","MONTH_","CRASHTYP","INVOLVE","PED","PRIMARYRD","SECONDRD","DISTANCE","DIRECT","INTERSECT_","PROCDATE","JURIS","DATE_","TIME_","BADGE","JURIDIST","SHIFT","POP","SPECIAL","BEATTYPE","LAPDDIV","BEATCLAS","BEATNUMB","WEATHER2","STATEHW","CALTRANC","CALTRAND","STROUTE","ROUTESUF","POSTPRE","POSTMILE","LOCATYPE","RAMP","SIDEHW","TOWAWAY","PARTIES","PCF","VIOLCODE","VIOL","VIOLSUB","HITRUN","ROADSURF","RDCOND1","RDCOND2","LIGHTING","RIGHTWAY","CHPRDTYP","NOTPRIV","STFAULT","CHPFAULT","SEVINJ","OTHERINJ","COP","PEDKILL","PEDINJ","BICKILL","BICINJ","MCKILL","MCINJURE","RAMP1","RAMP2","CITY","COUNTY","STATE","X_CHP","Y_CHP"
"6505668",-121.3876554,38.5958254,2014,"3400","4","6","4","09",0,1,"A",,,,,,1800,5,"A","C","A","ARDEN WAY","PROFESSIONAL DR",175,"W","N","2014-07-30",9250,"2014-05-17",1630,"017818",,"2","9","0","2",,"1","046","-","N",,0,0,,,0,,,,"Y",2,"A","-",21801,"A","N","A","H","-","A","D","0","Y","A","01",0,0,1,0,0,0,0,0,0,"-","-","UNINCORPORATED","SACRAMENTO","CA",0,0
"6505667",-121.4014732,38.6144551,2014,"3400","4","5","3","04",0,2,"A",,,,,,1800,5,"C","C","A","FULTON AV","ELVYRA WY",528,"N","N","2014-07-30",9250,"2014-05-23",1510,"017752",,"2","9","0","2",,"1","043","-","N",,0,0,,,0,,,,"Y",2,"A","-",21703,,"F","A","H","-","A","D","0","Y","A","01",0,2,0,0,0,0,0,0,0,"-","-","UNINCORPORATED","SACRAMENTO","CA",0,0
"6505664",0,0,2014,"3400","5","2","4","09",0,1,"A",,,,,,1200,5,"D","C","A","NAVAJO DR","WATT AV",0,,"Y","2014-07-30",9250,"2014-05-13",1020,"014845",,"1","9","0","3",,"2","010","-","N",,0,0,,,0,,,,"N",2,"A","-",21802,"A","N","A","H","-","A","A","0","Y","A","01",0,0,1,0,0,0,0,0,0,"-","-","UNINCORPORATED","SACRAMENTO","CA",0,0
"6505663",-121.4012589,38.5742723,2014,"3400","4","4","4","07",0,3,"A",,,,,,1200,5,"B","C","A","FAIR OAKS BL","MUNROE ST",90,"E","N","2014-07-30",9250,"2014-05-15",1140,"014845",,"1","9","0","2",,"1","048","-","N",,0,0,,,0,,,,"N",2,"A","-",21658,"A","N","A","H","-","A","D","0","Y","A","01",0,0,3,0,0,0,0,0,0,"-","-","UNINCORPORATED","SACRAMENTO","CA",0,0
"6505660",-121.3536631,38.6494451,2014,"3400","5","7","4","09",0,1,"A",,,,,,1800,5,"D","C","A","ORANGE GROVE AV","SYCAMORE AV",0,,"Y","2014-07-30",9250,"2014-05-11",1640,"017752",,"2","9","0","3",,"2","020","-","N",,0,0,,,0,,,,"N",2,"A","-",21802,"A","N","A","H","-","A","A","0","Y","-","99",0,0,1,0,0,0,0,0,0,"-","-","UNINCORPORATED","SACRAMENTO","CA",0,0
"6505659",-121.3872241,38.6451146,2014,"3404","4","6","4","03",0,2,"A",,,,,,1200,5,"C","C","A","WATT AV","RT 80",300,"S","N","2016-03-24",9250,"2014-05-17",1110,"015577",,"1","7","0","2",,"1","011","-","Y","SAC",3,80,"-","M",10.317,"R","1","W","N",2,"A","-",22350,,"N","A","H","-","A","D","1","Y","A","07",0,0,2,0,0,0,0,0,0,"-","-","SACRAMENTO","SACRAMENTO","CA",0,0
"6505656",0,0,2014,"3400","5","2","4","12",0,1,"A",,"Y",,,,900,5,"H","G","A","AMERICAN RIVER DR","KINGSFORD DR",0,,"Y","2014-07-30",9250,"2014-05-13",655,"013466",,"1","9","0","3",,"2","050","-","N",,0,0,,,0,,,,"N",2,"A","-",22450,"A","N","A","H","-","A","A","0","Y","D","22",0,0,1,0,0,0,1,0,0,"-","-","UNINCORPORATED","SACRAMENTO","CA",0,0
"6505655",-121.3675139,38.5798226,2014,"3400","4","1","4","03",0,1,"A",,,,,,900,5,"C","C","A","FAIR OAKS BL","COURTLAND DR",40,"E","N","2014-07-30",9250,"2014-05-05",750,"012818",,"1","9","0","2",,"1","048","-","N",,0,0,,,0,,,,"Y",4,"A","-",22350,,"N","A","H","-","A","D","0","Y","D","22",0,0,1,0,0,0,0,0,0,"-","-","UNINCORPORATED","SACRAMENTO","CA",0,0
"6505651",0,0,2014,"3400","4","4","4","10",0,1,"A","Y",,,,,900,5,"G","B","B","WINDING WY","JAN DR",7,"E","N","2014-07-30",9250,"2014-05-01",730,"013466",,"1","9","0","2",,"1","026","-","N",,0,0,,,0,,,,"N",2,"A","-",21950,"A","F","A","H","-","A","A","0","Y","-","99",0,0,1,0,1,0,0,0,0,"-","-","UNINCORPORATED","SACRAMENTO","CA",0,0
"6505648",-121.3368028,38.595333,2014,"3400","5","4","3","08",0,2,"A",,,,,,2100,5,"D","C","A","CARMELO DR","TREE SIDE DR",39,"S","N","2014-07-30",9250,"2014-05-22",2050,"018791",,"2","9","0","3",,"2","050","-","N",,0,0,,,0,,,,"Y",2,"A","-",22103,,"N","A","H","-","C","D","0","Y","A","01",0,1,1,0,0,0,0,0,0,"-","-","UNINCORPORATED","SACRAMENTO","CA",0,0
"6505647",-121.4081879,38.5888334,2014,"3400","5","5","4","08",0,2,"A",,,,,,1500,5,"D","C","A","HURLEY WY","WAYLAND AV",150,"W","N","2014-07-30",9250,"2014-05-09",1240,"014344",,"1","9","0","3",,"2","040","-","N",,0,0,,,0,,,,"Y",2,"A","-",22103,,"N","A","H","-","A","D","0","Y","A","01",0,0,2,0,0,0,0,0,0,"-","-","UNINCORPORATED","SACRAMENTO","CA",0,0
"6505644",-121.3833528,38.6398095,2014,"3404","3","2","3","03",0,1,"A",,,"Y",,,900,5,"B","C","A","RT 51","WATT AV",111,"S","N","2016-03-28",9250,"2014-05-13",745,"015518",,"1","7","0","1",,"2","152","-","Y","SAC",3,51,"-","-",7.95,"H","-","S","Y",2,"A","-",22350,,"N","A","H","-","A","D","1","Y","C","02",0,1,0,0,0,0,0,0,1,"-","-","SACRAMENTO","SACRAMENTO","CA",0,0
"6505643",-121.4157631,38.5983899,2014,"3400","4","4","4","03",0,1,"B",,,,,,1800,5,"C","C","A","ALTA ARDEN EXPWY","HOWE AV",100,"W","N","2014-07-30",9250,"2014-05-08",1725,"017752",,"2","9","0","2",,"1","049","-","N",,0,0,,,0,,,,"N",2,"A","-",22350,,"N","A","H","-","A","A","0","Y","A","01",0,0,1,0,0,0,0,0,0,"-","-","UNINCORPORATED","SACRAMENTO","CA",0,0
"6505640",-121.4699031,38.5992751,2014,"3404","3","1","3","01",0,1,"B",,,,,"Y",2400,5,"C","C","A","RT 160","ACOMA ST",500,"S","N","2016-03-28",9250,"2014-05-19",2235,"018115",,"3","7","0","1",,"2","164","-","Y","SAC",3,160,"-","R",44.978,"R","1","N","Y",3,"A","-",23152,"A","N","A","H","-","C","A","1","Y","A","01",0,1,0,0,0,0,0,0,0,"TO","-","SACRAMENTO","SACRAMENTO","CA",0,0
"6505639",-121.4069678,38.5815588,2014,"3400","5","7","4","18",0,1,"A",,,,,,1500,5,"E","I","A","NORTHROP AV","DORNAJO WY",250,"W","N","2014-07-30",9250,"2014-05-11",1420,"017818",,"2","9","0","3",,"2","040","-","N",,0,0,,,0,,,,"Y",1,"C","-",0,,"N","A","H","-","A","D","0","Y","-","-",0,0,1,0,0,0,0,0,0,"-","-","UNINCORPORATED","SACRAMENTO","CA",0,0
"6505636",-121.5354044,38.6596172,2014,"3404","1","6","4","03",0,1,"A",,,,,,1500,5,"C","C","A","RT 5","DEL PASO RD",1056,"N","N","2016-03-26",9250,"2014-05-10",1400,"017682",,"2","7","0","1",,"2","106","-","Y","SAC",3,5,"-","-",29.22,"H","-","S","Y",2,"A","-",22350,,"N","A","C","-","A","D","1","Y","A","01",0,0,1,0,0,0,0,0,0,"-","-","SACRAMENTO","SACRAMENTO","CA",0,0
"6505635",-121.3645032,38.5935432,2014,"3400","5","6","4","03",0,1,"A",,,,,,1200,5,"C","C","A","EASTERN AV","SURITA ST",150,"S","N","2014-07-31",9250,"2014-05-10",930,"015577",,"1","9","0","3",,"2","050","-","N",,0,0,,,0,,,,"Y",3,"A","-",22350,,"N","A","H","-","A","D","0","Y","A","01",0,0,1,0,0,0,0,0,0,"-","-","UNINCORPORATED","SACRAMENTO","CA",0,0
"6505632",-121.3996189,38.6312319,2014,"3404","3","7","3","01",0,1,"A",,,,,"Y",2100,5,"E","I","A","RT 51","FULTON AV",528,"N","N","2016-03-28",9250,"2014-05-04",2055,"015961",,"2","7","0","1",,"2","151","-","Y","SAC",3,51,"-","-",6.89,"H","-","N","Y",1,"A","-",23152,"A","N","A","H","-","C","D","1","Y","A","01",0,1,0,0,0,0,0,0,0,"-","-","SACRAMENTO","SACRAMENTO","CA",0,0
"6505631",-121.3460324,38.5952082,2014,"3400","4","4","4","03",0,1,"A",,,,,,1800,5,"C","C","A","FAIR OAKS BL","ARDEN WAY",65,"S","N","2014-07-30",9250,"2014-05-01",1721,"017482",,"2","9","0","2",,"1","053","-","N",,0,0,,,0,,,,"N",2,"A","-",22350,,"N","A","H","-","A","A","0","Y","A","01",0,0,1,0,0,0,0,0,0,"-","-","UNINCORPORATED","SACRAMENTO","CA",0,0
"6505628",-121.3341431,38.6847251,2014,"3400","4","3","4","03",0,1,"A",,,,,,2100,5,"C","C","A","ELKHORN BL","RT 80",50,"W","N","2016-03-23",9250,"2014-05-14",1920,"012602",,"2","9","0","2",,"1","014","-","Y","SAC",3,80,"-","-",14.599,"R","4","E","N",2,"A","-",22350,,"N","A","H","-","A","D","1","Y","A","01",0,0,1,0,0,0,0,0,0,"-","-","UNINCORPORATED","SACRAMENTO","CA",0,0
"6505627",-121.3366532,38.6685099,2014,"3400","5","6","4","07",0,3,"A",,,"Y",,,1500,5,"B","C","A","GARFIELD AV","AUBURN BL",60,"N","N","2014-07-31",9250,"2014-05-10",1355,"016419",,"1","9","0","3",,"2","020","-","N",,0,0,,,0,,,,"Y",5,"A","-",21658,"A","F","A","H","-","A","D","0","Y","D","22",0,0,3,0,0,0,0,0,2,"-","-","UNINCORPORATED","SACRAMENTO","CA",0,0
"6505624",-121.3585031,38.6622051,2014,"3400","1","6","2","08",0,3,"A",,,,,,900,5,"E","I","A","RT 80","MADISON AV",528,"W","N","2016-03-23",9250,"2014-05-03",710,"016419",,"1","9","0","1",,"2","184","-","Y","SAC",3,80,"-","-",12.454,"R","2","E","Y",1,"A","-",22107,,"N","A","H","-","A","D","1","Y","A","07",1,1,1,0,0,0,0,0,0,"TO","-","UNINCORPORATED","SACRAMENTO","CA",0,0
"6505623",-121.3318031,38.7024551,2014,"3400","5","1","4","10",0,1,"B","Y",,,,,2400,5,"G","B","B","ANTELOPE RD","ROSEVILLE RD",0,,"Y","2014-07-30",9250,"2014-05-05",2105,"017734",,"2","9","0","3",,"2","010","C","N",,0,0,,,0,,,,"N",2,"A","-",21950,"A","N","B","H","-","C","A","0","Y","D","22",0,0,1,0,1,0,0,0,0,"-","-","UNINCORPORATED","SACRAMENTO","CA",0,0
"6505620",-121.3617536,38.6466245,2014,"3400","4","2","4","09",0,1,"A",,,,,,1800,5,"D","C","A","AUBURN BL","ORANGE GROVE AV",400,"S","N","2014-07-30",9250,"2014-05-13",1645,"16290",,"2","9","0","2",,"1","021","-","N",,0,0,,,0,,,,"N",2,"A","-",21804,"A","N","A","H","-","A","-","0","Y","A","01",0,0,1,0,0,0,0,0,0,"-","-","UNINCORPORATED","SACRAMENTO","CA",-121.36185,38.64649
"6505619",-121.3319581,38.6607645,2014,"3400","4","5","4","03",0,1,"A",,,,,,1800,5,"C","C","A","MADISON AV","HACKBERRY LN",30,"E","N","2014-07-30",9250,"2014-05-02",1728,"017482",,"2","9","0","2",,"1","024","-","N",,0,0,,,0,,,,"N",2,"A","-",22350,,"N","A","H","-","A","D","0","Y","A","01",0,0,1,0,0,0,0,0,0,"-","-","UNINCORPORATED","SACRAMENTO","CA",0,0
"6505616",-121.4434577,38.5970162,2014,"3404","3","7","3","03",0,1,"A",,,,,,1500,5,"C","C","A","RT 51","EXPOSITION BL",10,"S","N","2016-03-28",9250,"2014-05-18",1333,"015961",,"1","7","0","1",,"2","151","-","Y","SAC",3,51,"-","-",3.36,"H","-","N","Y",2,"A","-",22350,,"N","A","H","-","A","D","1","Y","A","01",0,1,0,0,0,0,0,0,0,"-","-","SACRAMENTO","SACRAMENTO","CA",0,0
"6505615",-121.4153632,38.6050431,2014,"3400","4","3","4","09",0,1,"A",,,,,,900,5,"D","C","A","HOWE AV","COTTAGE WY",520,"N","N","2014-07-30",9250,"2014-05-07",700,"013466",,"1","9","0","2",,"1","041","-","N",,0,0,,,0,,,,"Y",2,"A","-",21804,"A","N","A","H","-","A","A","0","Y","A","01",0,0,1,0,0,0,0,0,0,"-","-","UNINCORPORATED","SACRAMENTO","CA",0,0
"6505612",-121.4566181,38.6741843,2014,"3400","4","1","4","08",0,1,"A",,,,,,1200,5,"E","I","A","RIO LINDA BL","MARYSVILLE BL",280,"N","N","2014-07-30",9250,"2014-05-12",930,"014845",,"1","9","0","2",,"1","061","-","N",,0,0,,,0,,,,"Y",1,"A","-",22107,,"N","A","H","-","A","D","0","Y","A","01",0,0,1,0,0,0,0,0,0,"-","-","UNINCORPORATED","SACRAMENTO","CA",0,0
"6505611",-121.4154497,38.578427,2014,"3400","4","6","3","03",0,2,"A",,,,,,1500,5,"C","C","A","HOWE AV","SIERRA BL",150,"N","N","2014-07-31",9250,"2014-05-03",1300,"017752",,"1","9","0","2",,"1","041","-","N",,0,0,,,0,,,,"Y",4,"A","-",22350,,"N","A","H","-","A","D","0","Y","A","01",0,2,0,0,0,0,0,0,0,"-","-","UNINCORPORATED","SACRAMENTO","CA",0,0
"6505608",-121.3540231,38.685645,2014,"3400","4","7","3","09",0,2,"A",,,,,,1200,5,"D","C","A","ROSEVILLE RD","TACOMIC DR",0,,"Y","2014-07-30",9250,"2014-05-04",1155,"17306",,"1","9","0","2",,"1","015","-","N",,0,0,,,0,,,,"Y",2,"A","-",21801,"A","N","A","H","-","A","D","0","Y","A","01",0,1,1,0,0,0,0,0,0,"-","-","UNINCORPORATED","SACRAMENTO","CA",0,0
"6505607",-121.3658969,38.6879502,2014,"3400","5","7","3","18",0,1,"A","Y",,,,,1800,5,"G","B","E","CRAIGHURST DR","DON JULIO BL",25,"S","N","2014-07-30",9250,"2014-05-11",1727,"017999",,"2","9","0","3",,"2","010","-","N",,0,0,,,0,,,,"N",2,"C","-",0,,"N","A","H","-","A","D","0","Y","-","-",0,1,0,0,1,0,0,0,0,"-","-","UNINCORPORATED","SACRAMENTO","CA",0,0
"6505604",-121.4016131,38.6106767,2014,"3400","4","7","2","08",0,1,"A",,"Y",,,,300,5,"H","G","A","EL CAMINO AV","FULTON AV",40,"W","N","2014-07-30",9250,"2014-05-11",32,"017862",,"3","9","0","2",,"1","044","-","N",,0,0,,,0,,,,"N",2,"A","-",22107,,"N","A","H","-","C","D","0","Y","A","01",1,0,0,0,0,0,1,0,0,"-","-","UNINCORPORATED","SACRAMENTO","CA",0,0
"6505603",-121.4014948,38.5887409,2014,"3400","5","1","4","05",0,1,"A",,"Y",,,,900,5,"D","G","A","HURLEY WY","FULTON WY",12,"W","N","2014-07-30",9250,"2014-05-12",710,"012818",,"1","9","0","3",,"2","040","-","N",,0,0,,,0,,,,"N",2,"A","-",21650,"1","N","A","H","-","A","A","0","Y","L","04",0,0,1,0,0,0,1,0,0,"-","-","UNINCORPORATED","SACRAMENTO","CA",0,0
"6505600",-121.3295231,38.5759651,2014,"3400","4","3","4","12",0,1,"A",,,,,,1200,5,"E","I","A","FOLSOM BL","PASEO RIO WY",0,,"Y","2014-07-30",9260,"2014-05-28",1000,"13147",,"1","9","0","2",,"2","101","-","N",,0,0,,,0,,,,"N",1,"A","-",21453,"A","N","A","H","-","A","A","0","Y","A","01",0,0,1,0,0,0,0,0,0,"-","-","UNINCORPORATED","SACRAMENTO","CA",0,0
"6505599",-121.3283266,38.6282728,2014,"3400","4","3","3","03",0,1,"A",,,,,,1200,5,"C","C","A","FAIR OAKS BL","GRANT AV",540,"S","N","2014-07-30",9250,"2014-05-07",1115,"12638",,"1","9","0","2",,"1","053","-","N",,0,0,,,0,,,,"Y",2,"A","-",22350,,"N","A","H","-","A","D","0","Y","A","01",0,1,0,0,0,0,0,0,0,"-","-","UNINCORPORATED","SACRAMENTO","CA",0,0
"6505596",-121.262223,38.6641451,2014,"3400","4","2","4","09",0,1,"A",,,,,,2400,5,"D","C","A","MADISON AV","FAIR OAKS PROMENADE",0,,"Y","2014-07-30",9260,"2014-05-27",2118,"18705",,"2","9","0","2",,"2","304","-","N",,0,0,,,0,,,,"Y",2,"A","-",21453,"C","N","A","H","-","C","A","0","Y","A","01",0,0,1,0,0,0,0,0,0,"-","-","UNINCORPORATED","SACRAMENTO","CA",0,0
"6505595",-121.3829132,38.693545,2014,"3400","4","3","3","09",0,2,"A",,,,,,900,5,"D","C","A","WATT AV","PLYMOUTH DR",0,,"Y","2014-07-30",9250,"2014-05-14",810,"15423",,"1","9","0","2",,"1","011","-","N",,0,0,,,0,,,,"Y",2,"A","-",21802,"A","N","A","H","-","A","D","0","Y","A","01",0,1,1,0,0,0,0,0,0,"-","-","UNINCORPORATED","SACRAMENTO","CA",0,0
"6505591",-121.4153632,38.6036563,2014,"3400","4","4","4","00",0,1,"B","Y",,,,,2100,5,"G","B","B","HOWE AV","COTTAGE WY",15,"N","N","2014-07-30",9250,"2014-05-08",1900,"17752",,"2","9","0","2",,"1","041","-","N",,0,0,,,0,,,,"N",2,"D","-",0,,"F","A","H","-","B","A","0","Y","-","-",0,0,1,0,1,0,0,0,0,"-","-","UNINCORPORATED","SACRAMENTO","CA",0,0
"6505587",-121.3287331,38.6117951,2014,"3400","4","3","4","09",0,2,"A",,,,,,1500,5,"D","C","A","FAIR OAKS BL","TOPP CT",0,,"Y","2014-07-30",9250,"2014-05-14",1250,"13466",,"1","9","0","2",,"1","053","-","N",,0,0,,,0,,,,"Y",3,"A","-",21801,"A","N","A","H","-","A","A","0","Y","A","07",0,0,2,0,0,0,0,0,0,"-","-","UNINCORPORATED","SACRAMENTO","CA",0,0
"6505583",-121.3645128,38.6101686,2014,"3400","4","4","4","03",0,1,"A",,,,,,900,5,"C","C","A","EASTERN AV","EL CAMINO AV",28,"S","N","2014-07-30",9250,"2014-05-15",745,"14845",,"1","9","0","2",,"1","051","-","N",,0,0,,,0,,,,"N",3,"A","-",22350,,"N","A","H","-","A","A","0","Y","A","07",0,0,1,0,0,0,0,0,0,"-","-","UNINCORPORATED","SACRAMENTO","CA",0,0
"6505579",-121.4028431,38.596045,2014,"3400","4","2","3","09",0,3,"A",,,,,,1500,5,"D","C","A","ARDEN WY","HESKET WY",0,,"Y","2014-07-30",9250,"2014-05-20",1215,"12818",,"1","9","0","2",,"1","046","-","N",,0,0,,,0,,,,"Y",2,"A","-",21801,"A","N","A","H","-","A","D","0","Y","A","01",0,1,2,0,0,0,0,0,0,"-","-","UNINCORPORATED","SACRAMENTO","CA",0,0
"6505575",-121.3174711,38.6221959,2014,"3400","5","2","2","00",0,1,"A",,"Y",,,,1500,5,"F","A","A","STANLEY AV","MARLYNN ST",8,"W","N","2014-07-30",9250,"2014-05-13",1320,"16290",,"1","9","0","3",,"2","050","-","N",,0,0,,,0,,,,"N",1,"D","-",0,,"N","A","H","-","A","D","0","Y","-","-",1,0,0,0,0,0,1,0,0,"-","-","UNINCORPORATED","SACRAMENTO","CA",-121.31751,38.62219
"6505571",-121.3819541,38.595761,2014,"3400","4","3","3","08",0,1,"A",,,"Y",,,1200,5,"B","C","A","ARDEN WY","WATT AV",320,"E","N","2014-07-30",9250,"2014-05-21",1125,"12818",,"1","9","0","2",,"1","046","-","N",,0,0,,,0,,,,"N",3,"A","-",22107,,"N","A","H","-","A","A","0","Y","A","01",0,1,0,0,0,0,0,0,1,"-","-","UNINCORPORATED","SACRAMENTO","CA",0,0
"6505567",-121.3821883,38.6104559,2014,"3400","4","4","4","03",0,2,"A",,,,,,900,5,"C","C","A","EL CAMINO AV","WATT AV",250,"E","N","2014-07-30",9250,"2014-05-22",740,"14344",,"1","9","0","2",,"1","044","-","N",,0,0,,,0,,,,"N",2,"A","-",22350,,"N","A","H","-","A","D","0","Y","A","01",0,0,2,0,0,0,0,0,0,"-","-","UNINCORPORATED","SACRAMENTO","CA",0,0
"6505563",-121.3786432,38.6104251,2014,"3400","4","5","4","03",0,1,"A",,,,,,1800,5,"C","C","A","EL CAMINO AV","BUTANO DR",200,"E","N","2014-07-30",9250,"2014-05-23",1745,"17818",,"2","9","0","2",,"1","044","-","N",,0,0,,,0,,,,"N",2,"A","-",22350,,"N","A","H","-","A","D","0","Y","A","07",0,0,1,0,0,0,0,0,0,"-","-","UNINCORPORATED","SACRAMENTO","CA",0,0
"6505552",-121.0879634,38.6278066,2014,"3400","4","2","3","08",0,1,"A",,,"Y",,,1500,5,"F","A","A","WHITE ROCK RD","PAYEN RD",1320,"E","N","2014-07-30",9260,"2014-05-27",1210,"13560",,"1","9","0","2",,"2","103","-","N",,0,0,,,0,,,,"Y",1,"A","-",22107,,"N","A","H","-","A","D","0","Y","C","02",0,1,0,0,0,0,0,0,1,"-","-","UNINCORPORATED","SACRAMENTO","CA",-121,38
"6505548",-121.2919031,38.5881451,2014,"3490","2","1","2","10",0,1,"A","Y",,,,,2400,5,"G","B","B","RT 50","ZINFANDEL DR",12,"W","N","2016-03-26",9260,"2014-05-26",2115,"13560",,"2","5","0","1",,"2","501","-","Y","SAC",3,50,"-","R",10.726,"R","1","E","N",2,"A","-",21950,"A","N","A","H","-","C","A","1","Y","A","01",1,0,0,0,1,0,0,0,0,"TO","-","RANCHO CORDOVA","SACRAMENTO","CA",-121,38
"6505517",-121.3816539,38.6584802,2014,"3400","4","2","3","09",0,1,"A",,"Y",,,,1800,5,"H","G","A","ROSEVILLE RD","WATT AV",528,"N","N","2014-07-31",9250,"2014-05-06",1645,"16290",,"2","9","0","2",,"1","015","-","N",,0,0,,,0,,,,"N",2,"A","-",21804,"A","N","A","H","-","A","D","0","Y","L","04",0,1,0,0,0,0,1,0,0,"-","-","UNINCORPORATED","SACRAMENTO","CA",-121.38152,38.65861
"6505514",-121.3286356,38.615798,2014,"3400","4","3","4","03",0,1,"A",,,,,,1800,5,"C","C","A","FAIR OAKS BL","MARCONI AV",425,"S","N","2014-07-31",9250,"2014-05-14",1745,"16290",,"2","9","0","2",,"1","053","-","N",,0,0,,,0,,,,"N",2,"A","-",22350,,"N","A","H","-","A","D","0","Y","A","07",0,0,1,0,0,0,0,0,0,"-","-","UNINCORPORATED","SACRAMENTO","CA",-121.32857,38.61584
"6505513",-121.2978486,38.6420355,2014,"3400","5","7","4","01",0,1,"A",,,,,"Y",300,5,"E","I","A","HUSSEY DR","WALNUT RD",80,"S","N","2014-07-31",9250,"2014-05-04",220,"012773",,"3","9","0","3",,"2","050","-","N",,0,0,,,0,,,,"N",1,"A","-",23152,"A","N","A","H","-","C","D","0","Y","A","01",0,0,1,0,0,0,0,0,0,"-","-","UNINCORPORATED","SACRAMENTO","CA",0,0
"6505510",-121.3852209,38.5958049,2014,"3400","4","7","3","09",0,2,"A",,,,,,300,5,"D","C","A","ARDEN WAY","RICHMOND ST",195,"E","N","2014-07-31",9250,"2014-05-11",25,"18899",,"3","9","0","2",,"1","046","-","N",,0,0,,,0,,,,"Y",2,"A","-",21804,"A","F","A","H","-","C","D","0","Y","A","01",0,2,0,0,0,0,0,0,0,"-","-","UNINCORPORATED","SACRAMENTO","CA",-121.38495,38.59581
"6505506",-121.4056259,38.6254605,2014,"3400","5","4","3","08",0,1,"B",,"Y",,,,1500,5,"H","G","A","EDISON AV","HORSESHOE DR",4,"W","N","2014-07-31",9250,"2014-05-15",1205,"014344",,"1","9","0","3",,"2","040","-","N",,0,0,,,0,,,,"N",2,"A","-",22107,,"N","A","H","-","A","D","0","Y","L","04",0,1,0,0,0,0,1,0,0,"-","-","UNINCORPORATED","SACRAMENTO","CA",0,0
"6505502",-121.3551794,38.6490636,2014,"3400","5","1","4","03",0,1,"A",,,,,,2100,5,"C","C","A","ORANGE GROVE AV","RIVER COLLEGE DR",300,"W","N","2014-07-31",9250,"2014-05-19",1810,"016114",,"2","9","0","3",,"2","020","-","N",,0,0,,,0,,,,"Y",2,"A","-",22350,,"N","A","H","-","A","D","0","Y","A","01",0,0,1,0,0,0,0,0,0,"-","-","UNINCORPORATED","SACRAMENTO","CA",0,0
"6505498",-121.3367831,38.617235,2014,"3400","4","7","3","12",0,4,"A",,,,,,900,5,"D","C","A","MARCONI AV","GARFIELD AV",0,,"Y","2014-07-31",9250,"2014-05-18",848,"018014",,"1","9","0","2",,"1","052","-","N",,0,0,,,0,,,,"Y",2,"A","-",21453,"A","N","A","H","-","A","A","0","Y","D","22",0,1,3,0,0,0,0,0,0,"-","-","UNINCORPORATED","SACRAMENTO","CA",0,0
"6505494",-121.3830431,38.628665,2014,"3400","4","4","3","01",0,2,"A",,,,,,900,5,"D","C","A","WHITNEY AV","WATT AV",0,,"Y","2014-07-31",9250,"2014-05-15",745,"018014",,"1","9","0","2",,"1","045","-","N",,0,0,,,0,,,,"Y",2,"A","-",23152,"E","N","A","H","-","A","A","0","Y","A","08",0,1,1,0,0,0,0,0,0,"-","-","UNINCORPORATED","SACRAMENTO","CA",0,0
"6505490",-121.3274331,38.660705,2014,"3400","4","3","2","12",0,1,"A",,,,,,1200,5,"D","C","A","MADISON AV","MANZANITA AV",0,,"Y","2014-08-20",9250,"2014-05-07",940,"012638",,"1","9","0","2",,"1","024","-","N",,0,0,,,0,,,,"Y",5,"A","-",21453,"A","N","A","H","-","A","A","0","Y","D","22",1,0,0,0,0,0,0,0,0,"-","-","UNINCORPORATED","SACRAMENTO","CA",0,0
"6505486",-121.3830653,38.6277041,2014,"3400","4","7","4","01",0,1,"A",,,,,"Y",2400,5,"A","C","A","WATT AV","WHITNEY AV",350,"S","N","2014-07-31",9250,"2014-05-18",2215,"018791",,"3","9","0","2",,"1","045","-","N",,0,0,,,0,,,,"Y",2,"A","-",23152,"A","F","A","H","-","A","D","0","Y","A","01",0,0,1,0,0,0,0,0,0,"-","-","UNINCORPORATED","SACRAMENTO","CA",0,0
"6505482",-121.3474975,38.6451576,2014,"3400","4","3","2","08",0,1,"A",,,"Y",,,1500,5,"A","C","A","WINDING WY","WALNUT AV",480,"W","N","2014-07-31",9250,"2014-05-07",1235,"16290",,"1","9","0","2",,"1","026","-","N",,0,0,,,0,,,,"Y",2,"A","-",22107,,"N","A","H","-","A","D","0","Y","C","02",1,0,0,0,0,0,0,0,1,"-","-","UNINCORPORATED","SACRAMENTO","CA",-121.34751,38.64514
"6505478",-121.3702743,38.6789379,2014,"3400","5","3","4","08",0,1,"A","Y",,,,,1500,5,"A","E","E","ALTA LORRAINE WY","LARRY WY",90,"N","N","2014-07-31",9250,"2014-05-07",1410,"016731",,"2","9","0","3",,"2","010","-","N",,0,0,,,0,,,,"N",3,"A","-",22107,,"F","A","H","-","A","D","0","Y","-","99",0,0,1,0,1,0,0,0,0,"-","-","UNINCORPORATED","SACRAMENTO","CA",0,0