"CASEID","POINT_X","POINT_Y","YEAR_","LOCATION","CHPTYPE","DAYWEEK","CRASHSEV","VIOLCAT","KILLED","INJURED","WEATHER1","PEDCOL","BICCOL","MCCOL","TRUCKCOL","ETOH","TIMECAT","MONTH_","CRASHTYP","INVOLVE","PED","PRIMARYRD","SECONDRD","DISTANCE","DIRECT","INTERSECT_","PROCDATE","JURIS","DATE_","TIME_","BADGE","JURIDIST","SHIFT","POP","SPECIAL","BEATTYPE","LAPDDIV","BEATCLAS","BEATNUMB","WEATHER2","STATEHW","CALTRANC","CALTRAND","STROUTE","ROUTESUF","POSTPRE","POSTMILE","LOCATYPE","RAMP","SIDEHW","TOWAWAY","PARTIES","PCF","VIOLCODE","VIOL","VIOLSUB","HITRUN","ROADSURF","RDCOND1","RDCOND2","LIGHTING","RIGHTWAY","CHPRDTYP","NOTPRIV","STFAULT","CHPFAULT","SEVINJ","OTHERINJ","COP","PEDKILL","PEDINJ","BICKILL","BICINJ","MCKILL","MCINJURE","RAMP1","RAMP2","CITY","COUNTY","STATE","X_CHP","Y_CHP"
"6501354",0,0,2014,"3404","0","7","4","-",0,1,"A","Y",,,,,1800,5,"G","B","E","SUNTRAIL CIR","CALVINE RD",188,"N","N","2014-08-04",3404,"2014-05-11",1630,"532","5","5","7","0","0",,"0","00C","-","N",,0,0,,,0,,,,"N",2,"A","I",0,,"F","A","H","-","A","D","0","Y","N","60",0,0,1,0,1,0,0,0,0,"-","-","SACRAMENTO","SACRAMENTO","CA",0,0
"6501350",-121.4947123,38.5247351,2014,"3404","0","7","4","07",0,1,"A",,"Y",,,"Y",2100,5,"D","G","A","FRUITRIDGE RD","CARMELA WY",69,"E","N","2014-08-04",3404,"2014-05-18",1956,"645",,"5","7","0","0",,"0","04B","-","N",,0,0,,,0,,,,"N",2,"A","-",21658,"A","N","A","H","-","A","D","0","Y","L","04",0,0,1,0,0,0,1,0,0,"-","-","SACRAMENTO","SACRAMENTO","CA",0,0
"6501280",0,0,2014,"3401","0","6","2","03",0,1,"A",,,,,"Y",300,5,"C","C","A","FOLSOM-AUBURN RD","FOLSOM LAKE CROSSING",697,"S","N","2014-07-28",3401,"2014-05-03",59,"176","1","5","5","0","0",,"0","001","-","N",,0,0,,,0,,,,"Y",2,"A","-",22350,,"N","A","H","-","D","D","0","Y","A","01",1,0,0,0,0,0,0,0,0,"-","-","FOLSOM","SACRAMENTO","CA",0,0
"6501276",0,0,2014,"3401","0","6","2","01",0,2,"A",,,,,"Y",300,5,"E","I","A","FOLSOM-AUBURN RD","FOLSOM LAKE CROSSING",493,"S","N","2014-08-26",3401,"2014-05-03",57,"220","1","5","5","0","0",,"0","001","-","N",,0,0,,,0,,,,"Y",1,"A","-",23152,,"N","A","H","-","C","D","0","Y","A","01",1,1,0,0,0,0,0,0,0,"-","-","FOLSOM","SACRAMENTO","CA",0,0
"6500939",-121.504846,38.6274678,2014,"3404","0","7","3","11",0,1,"A","Y",,,,,2100,5,"G","B","D","SAN JUAN RD","BANDON WY",222,"E","N","2014-07-26",3404,"2014-05-25",2055,"0692","1","5","7","0","0",,"0","00B","-","N",,0,0,,,0,,,,"N",2,"A","-",21950,"B","F","A","H","-","C","D","0","Y","N","60",0,1,0,0,1,0,0,0,0,"-","-","SACRAMENTO","SACRAMENTO","CA",0,0
"6500935",-121.4904654,38.6085373,2014,"3404","0","6","4","11",0,1,"-","Y",,,,,2100,5,"G","-","D","GARDEN HWY","TRUXEL RD",2112,"E","N","2014-08-04",3404,"2014-05-24",1837,"0692",,"5","7","0","0",,"0","01A","-","N",,0,0,,,0,,,,"N",2,"A","-",21950,"B","N","-","-","-","-","D","0","Y","N","60",0,0,1,0,1,0,0,0,0,"-","-","SACRAMENTO","SACRAMENTO","CA",0,0
"6500931",-121.5257031,38.489415,2014,"3404","0","4","4","12",0,2,"A",,,,,,1800,5,"C","C","A","WINDBRIDGE","SOUTH LAND PARK",0,,"Y","2014-08-04",3404,"2014-05-22",1754,"645",,"5","7","0","0",,"0",,"-","N",,0,0,,,0,,,,"N",2,"A","-",22450,,"N","A","H","-","A","A","0","Y","-",,0,0,2,0,0,0,0,0,0,"-","-","SACRAMENTO","SACRAMENTO","CA",0,0
"6500104",0,0,2014,"3401","0","2","4","00",0,1,"-",,,,,,900,5,"-","-","A","FOLSOM-AUBURN RD","INWOOD RD",0,,"Y","2014-07-25",3401,"2014-05-06",730,"200","CA034","5","5","0","0",,"0","001","-","N",,0,0,,,0,,,,"Y",2,"D","-",0,,"N","-","-","-","-","-","0","Y","-","-",0,0,1,0,0,0,0,0,0,"-","-","FOLSOM","SACRAMENTO","CA",0,0
"6500103",-121.1257256,38.6914599,2014,"3401","0","3","4","09",0,2,"A",,,,,,1800,5,"D","C","A","EAST NATOMA ST","BLUE RAVINE RD",710,"N","N","2014-07-25",3401,"2014-05-07",1725,"171","3","5","5","0","0",,"0","003","-","N",,0,0,,,0,,,,"Y",2,"A","-",21804,"A","N","A","H","-","A","A","0","Y","A","01",0,0,2,0,0,0,0,0,0,"-","-","FOLSOM","SACRAMENTO","CA",-121.12583,38.69148
"6500102",-121.155399,38.6379248,2014,"3401","0","2","4","03",0,1,"A",,,,,,1800,5,"E","I","A","PRAIRIE CITY RD","RT 50",1584,"S","N","2014-07-25",3401,"2014-05-06",1700,"195",,"5","5","0","0",,"0","004","-","N",,0,0,,,0,,,,"Y",1,"A","-",22350,,"N","A","H","-","A","D","0","Y","A","01",0,0,1,0,0,0,0,0,0,"-","EO","FOLSOM","SACRAMENTO","CA",0,0
"6500101",0,0,2014,"3401","0","6","4","03",0,1,"A",,,,,,1800,5,"C","C","A","LAKE NATOMA CROSSING","NATOMA ST",2640,"N","N","2014-07-29",3401,"2014-05-10",1708,"191","1","5","5","0","0",,"0","001","-","N",,0,0,,,0,,,,"Y",2,"A","-",22350,,"N","A","H","-","A","D","0","Y","A","01",0,0,1,0,0,0,0,0,0,"-","-","FOLSOM","SACRAMENTO","CA",0,0
"6500100",-121.1493776,38.6685093,2014,"3401","0","6","4","03",0,6,"A",,,,,,1200,5,"C","C","A","E BIDWELL ST","PLACERVILLE RD",1320,"S","N","2014-07-29",3401,"2014-05-10",1150,"178","4","5","5","0","0",,"0","004","-","N",,0,0,,,0,,,,"Y",2,"A","-",22350,,"N","A","H","-","A","D","0","Y","A","01",0,0,6,0,0,0,0,0,0,"-","-","FOLSOM","SACRAMENTO","CA",-121.11491,38.64414
"6500099",-121.1809405,38.6764447,2014,"3401","0","2","4","03",0,1,"A",,,,,,1200,5,"F","I","A","FOLSOM BL","NATOMA ST",1797,"N","N","2014-07-29",3401,"2014-05-13",949,"203","4","5","5","0","0",,"0","004","-","N",,0,0,,,0,,,,"Y",1,"A","-",22350,,"N","A","H","-","A","D","0","Y","A","07",0,0,1,0,0,0,0,0,0,"-","-","FOLSOM","SACRAMENTO","CA",0,0
"6500042",-121.3348509,38.556856,2014,"3490","0","6","4","09",0,2,"A",,,,,,1200,5,"D","C","A","OLD PLACERVILLE RD","BRADSHAW RD",405,"E","N","2014-07-09",3400,"2014-05-24",1025,"00001",,"5","5","0","0",,"0",,"-","N",,0,0,,,0,,,,"Y",2,"A","-",21804,"A","N","A","H","-","A","A","0","Y","A","01",0,0,2,0,0,0,0,0,0,"-","-","RANCHO CORDOVA","SACRAMENTO","CA",-121.20043,38.33253
"6500029",-121.4569032,38.6850344,2014,"3400","4","1","4","01",0,2,"A",,,,,"Y",1800,4,"C","C","A","RIO LINDA BL","QUADRA AV",135,"S","N","2014-07-18",9250,"2014-04-28",1625,"12931",,"2","9","0","2",,"1","061","-","N",,0,0,,,0,,,,"Y",3,"A","-",23152,"A","N","A","H","-","A","A","0","Y","D","22",0,0,2,0,0,0,0,0,0,"-","-","UNINCORPORATED","SACRAMENTO","CA",0,0
"6499978",-121.2162753,38.6300479,2014,"3490","0","5","3","03",0,1,"B",,,,,,1800,4,"C","C","A","HAZEL AV","FOLSOM BL",325,"N","N","2014-06-25",3400,"2014-04-25",1715,"00001",,"5","5","0","0",,"0",,"C","N",,0,0,,,0,,,,"Y",2,"A","-",22350,,"N","B","H","-","A","A","0","Y","A","01",0,1,0,0,0,0,0,0,0,"-","-","RANCHO CORDOVA","SACRAMENTO","CA",0,0
"6499471",-121.2694867,38.6784572,2014,"3496","0","1","3","09",0,1,"A",,,,,,1800,5,"D","C","A","GREENBACK LN","SUNRISE BL",613,"E","N","2014-07-30",3496,"2014-05-26",1533,"255",,"5","5","0","0",,"0","003","-","N",,0,0,,,0,,,,"N",2,"A","-",21804,"A","N","A","H","-","A","D","0","Y","D","22",0,1,0,0,0,0,0,0,0,"-","-","CITRUS HEIGHTS","SACRAMENTO","CA",0,0
"6499118",-121.3554707,38.5345215,2014,"3400","3","7","4","03",0,2,"A",,,,,,2400,4,"C","C","A","RT 16","HARLIN DR",510,"E","N","2016-04-04",9260,"2014-04-20",2310,"18705",,"3","9","0","1",,"2","116","-","Y","SAC",3,16,"-","-",5.05,"H","-","W","N",2,"A","-",22350,,"N","A","H","-","C","D","0","Y","A","01",0,0,2,0,0,0,0,0,0,"-","-","UNINCORPORATED","SACRAMENTO","CA",0,0
"6499114",-121.2287197,38.6246923,2014,"3400","2","7","2","08",0,1,"A",,,,,"Y",600,4,"F","I","A","RT 50","HAZEL AV",3780,"W","N","2016-03-26",9260,"2014-04-20",540,"18456",,"3","9","0","1",,"2","502","-","Y","SAC",3,50,"-","-",15.1,"H","-","E","Y",1,"A","-",22107,,"N","A","H","-","B","D","1","Y","A","07",1,0,0,0,0,0,0,0,0,"-","-","UNINCORPORATED","SACRAMENTO","CA",0,0
"6499110",-121.3667758,38.5471771,2014,"3400","5","6","3","01",0,1,"A",,,,,"Y",300,4,"E","I","A","KIEFER BL","ROSEMONT DR",25,"E","N","2014-07-18",9260,"2014-04-19",135,"18691",,"3","9","0","3",,"2","001","-","N",,0,0,,,0,,,,"Y",1,"A","-",23152,"A","M","A","H","-","C","D","0","Y","A","01",0,1,0,0,0,0,0,0,0,"-","-","UNINCORPORATED","SACRAMENTO","CA",0,0
"6499096",-121.4190431,38.533175,2014,"3404","0","3","4","09",0,1,"A",,,,,,900,4,"A","C","A","73RD ST","20TH ST",0,,"Y","2014-07-18",3404,"2014-04-30",854,"417",,"5","7","0","0",,"0","06C","-","N",,0,0,,,0,,,,"Y",2,"A","-",21801,"A","N","A","H","-","A","D","0","Y","A","07",0,0,1,0,0,0,0,0,0,"-","-","SACRAMENTO","SACRAMENTO","CA",0,0
"6499092",-121.4427231,38.6156451,2014,"3404","0","7","4","00",0,2,"A",,,,,,300,4,"B","C","A","DEL PASO BL","ELEANOR AV",0,,"Y","2014-07-18",3404,"2014-04-20",2,"0306","2","5","7","0","0",,"0","02B","-","N",,0,0,,,0,,,,"Y",2,"D","-",0,,"N","A","H","-","C","A","0","Y","-","-",0,0,2,0,0,0,0,0,0,"-","-","SACRAMENTO","SACRAMENTO","CA",0,0
"6499088",-121.4705531,38.574175,2014,"3404","0","2","4","06",0,1,"A","Y",,,,,900,4,"D","B","B","J ST","27TH ST",0,,"Y","2014-07-18",3404,"2014-04-29",851,"0756","CENTR","5","7","0","0",,"0","03B","-","N",,0,0,,,0,,,,"N",2,"A","-",21951,,"N","A","H","-","A","D","0","Y","A","01",0,0,1,0,1,0,0,0,0,"-","-","SACRAMENTO","SACRAMENTO","CA",0,0
"6499084",-121.482843,38.566405,2014,"3404","0","3","3","09",0,1,"A",,"Y",,,,900,4,"D","G","A","S ST","21ST ST",0,,"Y","2014-07-26",3404,"2014-04-23",820,"8163","3","5","7","0","0",,"0","00B","-","N",,0,0,,,0,,,,"N",2,"A","-",21801,"A","N","A","H","-","A","A","0","Y","A","01",0,1,0,0,0,0,1,0,0,"-","-","SACRAMENTO","SACRAMENTO","CA",0,0
"6499058",0,0,2014,"3401","0","2","4","03",0,1,"B",,,,,,1200,4,"C","C","A","E BIDWELL ST","SCHOLAR WY",34,"W","N","2014-07-18",3401,"2014-04-22",1027,"206",,"5","5","0","0",,"0","004","-","N",,0,0,,,0,,,,"Y",2,"A","-",22350,,"N","A","H","-","A","D","0","Y","A","01",0,0,1,0,0,0,0,0,0,"-","-","FOLSOM","SACRAMENTO","CA",0,0
"6499055",-121.1071701,38.5417979,2014,"3400","5","6","4","08",0,1,"A",,,"Y",,,1500,4,"F","A","A","SCOTT RD","LATROBE RD",8976,"N","N","2014-07-18",9260,"2014-04-19",1220,"016429",,"1","9","0","3",,"2","001","-","N",,0,0,,,0,,,,"Y",1,"A","-",22107,,"N","A","H","-","A","D","0","Y","C","02",0,0,1,0,0,0,0,0,1,"-","-","UNINCORPORATED","SACRAMENTO","CA",0,0
"6499054",-121.1774101,38.6837261,2014,"3401","0","6","4","03",0,1,"B",,,,,"Y",300,4,"E","I","A","GREENBACK LN","FOLSOM BL",552,"E","N","2014-07-18",3401,"2014-04-26",157,"220","1","5","5","0","0",,"0","001","-","N",,0,0,,,0,,,,"Y",1,"A","-",22350,,"M","B","H","-","C","D","0","Y","A","07",0,0,1,0,0,0,0,0,0,"-","-","FOLSOM","SACRAMENTO","CA",0,0
"6499051",-121.2611666,38.6123936,2014,"3490","2","6","4","08",0,3,"B",,,,,,1200,4,"D","C","A","RT 50","SUNRISE BL",1232,"E","N","2016-03-26",9260,"2014-04-26",1135,"012718",,"1","5","0","1",,"2","502","-","Y","SAC",3,50,"-","-",12.73,"H","-","E","Y",2,"A","-",22107,,"N","A","H","-","A","A","1","Y","A","01",0,0,3,0,0,0,0,0,0,"-","-","RANCHO CORDOVA","SACRAMENTO","CA",0,0
"6499050",-121.4785931,38.5591351,2014,"3404","0","3","4","12",0,2,"A",,,,,,900,4,"D","D","A","X ST","26TH ST",0,,"Y","2014-07-18",3404,"2014-04-30",729,"0918",,"5","7","0","0",,"0","04A","-","N",,0,0,,,0,,,,"Y",2,"A","-",21453,"A","N","A","H","-","A","A","0","Y","A","01",0,0,2,0,0,0,0,0,0,"-","-","SACRAMENTO","SACRAMENTO","CA",0,0
"6499047",-121.2945722,38.5867355,2014,"3490","2","5","3","03",0,1,"B",,,,,,1200,4,"E","I","A","RT 50","ZINFANDEL DR",1584,"W","N","2016-03-26",9260,"2014-04-25",1018,"016352",,"1","5","0","1",,"2","501","C","Y","SAC",3,50,"-","R",10.52,"H","-","W","Y",1,"A","-",22350,,"N","B","H","-","A","D","1","Y","A","01",0,1,0,0,0,0,0,0,0,"-","-","RANCHO CORDOVA","SACRAMENTO","CA",0,0
"6499043",-121.3506154,38.5650945,2014,"3400","5","2","3","07",0,1,"B",,"Y",,,,900,4,"B","G","A","MAYHEW RD","FOLSOM BL",100,"S","N","2014-07-18",9260,"2014-04-22",710,"016685",,"1","9","0","3",,"2","001","-","N",,0,0,,,0,,,,"N",2,"A","-",21658,"A","F","A","H","-","A","D","0","Y","L","04",0,1,0,0,0,0,1,0,0,"-","-","UNINCORPORATED","SACRAMENTO","CA",0,0
"6498857",0,0,2014,"3404","0","4","4","03",0,4,"A",,,,,,2400,5,"C","C","A","TRUXEL BL","ARENA BL",322,"S","N","2014-08-04",3404,"2014-05-29",2145,"499",,"5","7","0","0",,"0","01A","-","N",,0,0,,,0,,,,"Y",2,"A","-",22350,,"N","A","H","-","C","D","0","Y","D","22",0,0,4,0,0,0,0,0,0,"-","-","SACRAMENTO","SACRAMENTO","CA",0,0
"6497827",-121.0870787,38.4901794,2014,"3400","3","3","3","08",0,2,"A",,,,,,2400,5,"F","A","A","RT 16","MURIETA PKWY",4224,"E","N","2016-04-04",9260,"2014-05-28",2233,"18316",,"3","9","0","1",,"2","116","-","Y","SAC",3,16,"-","-",20.24,"H","-","W","Y",1,"A","-",22107,,"N","A","H","-","D","D","0","Y","D","22",0,1,1,0,0,0,0,0,0,"-","-","UNINCORPORATED","SACRAMENTO","CA",-121.08766,38.4904
"6497120",-121.2940734,38.6933476,2014,"3496","0","3","4","18",0,1,"A",,,,,,1500,5,"C","C","A","AUBURN BL","CARRIAGE DR",25,"W","N","2014-08-08",3496,"2014-05-21",1227,"183","3496","5","5","0","0",,"0","001","-","N",,0,0,,,0,,,,"Y",2,"C","-",0,,"N","A","H","-","A","A","0","Y","-","-",0,0,1,0,0,0,0,0,0,"-","-","CITRUS HEIGHTS","SACRAMENTO","CA",0,0
"6497116",-121.2922931,38.663715,2014,"3496","0","7","4","12",0,2,"A",,,,,,1200,5,"D","C","A","SAN JUAN AV","MADISON AV",0,,"Y","2014-08-04",3496,"2014-05-25",1049,"145",,"5","5","0","0",,"0","003","-","N",,0,0,,,0,,,,"Y",2,"A","-",21453,"A","N","A","H","-","A","A","0","Y","A","01",0,0,2,0,0,0,0,0,0,"-","-","CITRUS HEIGHTS","SACRAMENTO","CA",0,0
"6497112",-121.3059801,38.7074715,2014,"3496","0","3","4","03",0,1,"A",,,"Y",,,2100,5,"C","C","A","ANTELOPE RD","GARDEN GATE DR",30,"W","N","2014-08-04",3496,"2014-05-21",1825,"372","3496","5","5","0","0",,"0","003","-","N",,0,0,,,0,,,,"Y",2,"A","-",22350,,"N","A","H","-","A","A","0","Y","C","02",0,0,1,0,0,0,0,0,1,"-","-","CITRUS HEIGHTS","SACRAMENTO","CA",0,0
"6497108",-121.2817955,38.6987789,2014,"3496","0","6","4","03",0,1,"A",,,,,"Y",1500,5,"C","C","A","OLD AUBURN RD","MARIPOSA AV",230,"W","N","2014-08-04",3496,"2014-05-17",1314,"186","3496","5","5","0","0",,"0","002","-","N",,0,0,,,0,,,,"Y",4,"A","-",22350,,"N","A","H","-","A","A","0","Y","A","01",0,0,1,0,0,0,0,0,0,"-","-","CITRUS HEIGHTS","SACRAMENTO","CA",0,0
"6497104",-121.4577339,38.6063551,2014,"3404","0","6","2","11",0,1,"A","Y",,,,,2400,5,"A","B","D","ARDEN WY","DEL PASO BL",330,"E","N","2014-08-04",3404,"2014-05-24",2321,"781","2C","5","7","0","0",,"0",,"-","N",,0,0,,,0,,,,"N",2,"A","-",21955,,"N","A","H","-","C","A","0","Y","N","60",1,0,0,0,1,0,0,0,0,"-","-","SACRAMENTO","SACRAMENTO","CA",0,0
"6497100",-121.4275232,38.5147143,2014,"3404","0","3","3","08",0,1,"A",,,,,,1800,5,"F","I","A","65TH ST EXPWY","LEMON HILL AV",470,"S","N","2014-08-04",3404,"2014-05-28",1620,"0280",,"5","7","0","0",,"0","06C","-","N",,0,0,,,0,,,,"Y",1,"A","-",22107,,"N","A","H","-","A","D","0","Y","A","01",0,1,0,0,0,0,0,0,0,"-","-","SACRAMENTO","SACRAMENTO","CA",0,0
"6497096",-121.4438811,38.5277771,2014,"3404","0","7","3","09",0,1,"A",,,,,,600,5,"D","C","A","STOCKTON BL","FRUITRIDGE RD",1056,"N","N","2014-08-04",3404,"2014-05-25",553,"934","6","5","7","0","0",,"0","00B","-","N",,0,0,,,0,,,,"Y",2,"A","-",21801,,"N","A","H","-","A","A","0","Y","A","01",0,1,0,0,0,0,0,0,0,"-","-","SACRAMENTO","SACRAMENTO","CA",0,0
"6496953",-121.4848131,38.4148851,2014,"3404","1","4","4","03",0,1,"B",,,,,,1200,5,"C","C","A","RT 5","ELK GROVE BL",1584,"N","N","2016-03-24",9252,"2014-05-08",950,"014288",,"1","7","0","1",,"2","106","-","Y","SAC",3,5,"-","-",11.112,"R","1","N","Y",2,"A","-",22350,,"N","A","H","-","A","A","1","Y","A","01",0,0,1,0,0,0,0,0,0,"FR","-","SACRAMENTO","SACRAMENTO","CA",-121.4843,38.4173
"6496949",-121.502269,38.565926,2014,"3404","2","4","2","03",0,1,"B",,,"Y",,,1800,5,"C","C","A","RT 50","6TH ST",180,"E","N","2016-02-17",9252,"2014-05-08",1715,"19071",,"2","7","0","1",,"2","150","-","Y","SAC",3,50,"-","L",0.71,"H","-","E","Y",3,"A","-",22350,,"N","A","D","E","A","D","1","Y","A","07",1,0,0,0,0,0,0,0,1,"-","-","SACRAMENTO","SACRAMENTO","CA",-121.50453,38.56649
"6496948",-121.4087531,38.4741405,2014,"3400","4","4","4","08",0,1,"A",,"Y",,,,1200,5,"B","G","A","POWER INN RD","ELSIE AV",100,"S","N","2014-07-29",9252,"2014-05-29",1005,"018233",,"1","9","0","2",,"2","073","-","N",,0,0,,,0,,,,"N",2,"A","-",22107,,"N","A","H","-","A","D","0","Y","A","01",0,0,1,0,0,0,1,0,0,"-","-","UNINCORPORATED","SACRAMENTO","CA",-121.4089,38.47393
"6496945",-121.473751,38.5445923,2014,"3404","3","5","4","03",0,1,"A",,,,,,1200,5,"C","C","A","RT 99","12TH AV",600,"N","N","2015-11-20",9252,"2014-05-09",1010,"015006",,"1","7","0","1",,"2","192","-","Y","SAC",3,99,"-","-",23.24,"H","-","N","Y",3,"A","-",22350,,"N","A","H","-","A","D","1","Y","A","01",0,0,1,0,0,0,0,0,0,"-","-","SACRAMENTO","SACRAMENTO","CA",-121.4129,38.3421
"6496944",-121.4314965,38.50119,2014,"3400","4","3","4","21",0,1,"A","Y",,,,,1800,5,"G","B","E","STOCKTON BL","65TH ST",200,"N","N","2014-07-29",9252,"2014-05-28",1635,"17142",,"2","9","0","2",,"2","073","-","N",,0,0,,,0,,,,"N",2,"A","-",22106,,"N","A","H","-","A","D","0","Y","A","08",0,0,1,0,1,0,0,0,0,"-","-","UNINCORPORATED","SACRAMENTO","CA",-121.43152,38.50118
"6496941",-121.4887053,38.5622896,2014,"3404","2","5","4","03",0,1,"A",,,,,,2100,5,"C","C","A","RT 50","16TH ST",300,"E","N","2016-02-17",9252,"2014-05-09",1925,"018648",,"2","7","0","1",,"2","150","-","Y","SAC",3,50,"-","L",1.52,"H","-","E","N",2,"A","-",22350,,"N","A","H","-","A","D","1","Y","A","01",0,0,1,0,0,0,0,0,0,"-","-","SACRAMENTO","SACRAMENTO","CA",-121.49154,38.56288
"6496940",-121.469207,38.5162112,2014,"3400","4","6","2","05",0,1,"A",,"Y",,,,2400,5,"A","G","A","FRANKLIN BL","41ST AV",150,"N","N","2014-07-29",9252,"2014-05-31",2150,"018716",,"2","9","0","2",,"1","072","-","N",,0,0,,,0,,,,"N",2,"A","-",21202,"A","F","A","H","-","C","D","0","Y","A","07",1,0,0,0,0,0,1,0,0,"-","-","UNINCORPORATED","SACRAMENTO","CA",-121.46884,38.51508
"6496936",-121.4602059,38.510525,2014,"3400","3","4","4","18",0,1,"A",,,,,,1800,5,"C","C","A","RT 99","47TH AV",200,"S","N","2015-11-20",9252,"2014-05-29",1750,"17142",,"2","9","0","1",,"2","192","-","Y","SAC",3,99,"-","-",20.9,"H","-","S","Y",4,"C","-",0,,"N","A","H","-","A","D","1","Y","-","-",0,0,1,0,0,0,0,0,0,"-","-","UNINCORPORATED","SACRAMENTO","CA",-121.46748,38.52393
"6496910",-121.4635182,38.5606657,2014,"3404","2","5","4","07",0,1,"A",,,,,,2400,5,"B","C","A","RT 50","STOCKTON BL",20,"S","N","2016-03-26",9252,"2014-05-09",2145,"017258",,"2","7","0","1",,"2","151","-","Y","SAC",3,50,"-","R",0.58,"H","-","E","Y",4,"A","-",21658,"A","M","A","H","-","C","D","1","Y","A","01",0,0,1,0,0,0,0,0,0,"-","-","SACRAMENTO","SACRAMENTO","CA",-121.4628,38.56064
"6496898",-121.1933282,38.323983,2014,"3400","5","5","3","05",0,1,"A",,,"Y",,,600,5,"B","C","A","TWIN CITIES RD","LAGUNA RD",1500,"E","N","2016-04-04",9252,"2014-05-09",550,"018073",,"3","9","0","3",,"2","080","-","Y","SAC",3,104,"-","-",7.11,"H","-","E","Y",2,"A","-",21460,,"N","A","H","-","B","D","0","Y","A","01",0,1,0,0,0,0,0,0,0,"-","-","UNINCORPORATED","SACRAMENTO","CA",-121.19222,38.32465
"6495799",0,0,2014,"3401","0","3","4","03",0,1,"A",,,,"Y",,2400,5,"C","E","A","WESLEY DR","WESLEY DR 1900",0,,"N","2014-08-01",3401,"2014-05-21",2137,"198","3","5","5","0","0",,"0","003","-","N",,0,0,,,0,,,,"N",2,"A","-",22350,,"N","A","H","-","C","D","0","Y","-",,0,0,1,0,0,0,0,0,0,"-","-","FOLSOM","SACRAMENTO","CA",-121.10336,38.67553
"6495792",-121.485773,38.5618066,2014,"3404","2","2","4","03",0,1,"A",,,,,,1800,5,"C","C","A","RT 50","20TH ST",100,"W","N","2016-03-26",9252,"2014-05-27",1700,"14477",,"2","7","0","1",,"2","150","-","Y","SAC",3,50,"-","L",1.72,"H","-","W","N",3,"A","-",22350,,"N","A","D","-","A","D","1","Y","D","22",0,0,1,0,0,0,0,0,0,"-","-","SACRAMENTO","SACRAMENTO","CA",0,0
"6495768",-121.4739449,38.5413999,2014,"3404","3","4","4","07",0,2,"A",,,,,,1800,5,"C","D","A","RT 99","12TH AV",5,"N","N","2015-11-20",9252,"2014-05-22",1617,"018591",,"2","7","0","1",,"2","192","-","Y","SAC",3,99,"-","-",23.13,"H","-","S","Y",3,"A","-",21658,"A","N","A","H","-","A","D","1","Y","A","07",0,0,2,0,0,0,0,0,0,"-","-","SACRAMENTO","SACRAMENTO","CA",-121.47394,38.54139
"6495517",-121.4978789,38.6141656,2014,"3404","0","3","3","11",0,1,"A","Y",,,,,1500,5,"G","B","D","TRUXEL RD","WEST EL CAMINO AV",510,"N","N","2014-07-31",3404,"2014-05-28",1250,"0796",,"5","7","0","0",,"0",,"-","N",,0,0,,,0,,,,"N",2,"A","-",21954,"A","N","A","H","-","A","D","0","Y","N","60",0,1,0,0,1,0,0,0,0,"-","-","SACRAMENTO","SACRAMENTO","CA",0,0
"6495513",-121.4290304,38.5678144,2014,"3404","0","3","3","12",0,3,"A",,,,,,1500,5,"D","C","A","H ST","CARLSON DR",33,"E","N","2014-07-31",3404,"2014-05-21",1258,"0469",,"5","7","0","0",,"0",,"-","N",,0,0,,,0,,,,"Y",3,"A","-",21453,"A","N","A","H","-","A","A","0","Y","A","01",0,2,1,0,0,0,0,0,0,"-","-","SACRAMENTO","SACRAMENTO","CA",0,0
"6495509",-121.4804098,38.5755968,2014,"3404","0","6","3","10",0,1,"-","Y",,,,,2100,5,"G","B","B","K ST","20TH ST",2,"W","N","2014-07-31",3404,"2014-05-24",1922,"0584","3","5","7","0","0",,"0","00B","-","N",,0,0,,,0,,,,"N",2,"A","-",21950,"A","N","-","H","-","A","A","0","Y","A","01",0,1,0,0,1,0,0,0,0,"-","-","SACRAMENTO","SACRAMENTO","CA",0,0
"6495505",-121.4907732,38.572225,2014,"3404","0","6","4","09",0,2,"A",,,,,,1500,5,"D","C","A","P ST","14TH ST",0,,"Y","2014-07-31",3404,"2014-05-31",1319,"0522","3","5","7","0","0",,"0","00A","-","N",,0,0,,,0,,,,"N",2,"A","-",21802,,"N","A","H","-","A","A","0","Y","A","01",0,0,2,0,0,0,0,0,0,"-","-","SACRAMENTO","SACRAMENTO","CA",0,0
"6495497",-121.4230539,38.6200678,2014,"3404","0","6","4","03",0,1,"A",,,,,,2100,5,"D","E","A","ALBATROSS WY","JULIESSE AV",50,"S","N","2014-07-31",3404,"2014-05-31",1842,"0571","2","5","7","0","0",,"0","00C","-","N",,0,0,,,0,,,,"Y",3,"A","-",22350,,"N","A","H","-","A","B","0","Y","A","01",0,0,1,0,0,0,0,0,0,"-","-","SACRAMENTO","SACRAMENTO","CA",0,0
"6495493",-121.4347331,38.564605,2014,"3404","0","5","4","09",0,2,"A",,,,,,2100,5,"B","C","A","J ST","56TH ST",0,,"Y","2014-07-31",3404,"2014-05-30",1837,"8169","6","5","7","0","0",,"0","00D","-","N",,0,0,,,0,,,,"Y",2,"A","-",21801,"A","N","A","H","-","A","A","0","Y","A","01",0,0,2,0,0,0,0,0,0,"-","-","SACRAMENTO","SACRAMENTO","CA",0,0