"CASEID","POINT_X","POINT_Y","YEAR_","LOCATION","CHPTYPE","DAYWEEK","CRASHSEV","VIOLCAT","KILLED","INJURED","WEATHER1","PEDCOL","BICCOL","MCCOL","TRUCKCOL","ETOH","TIMECAT","MONTH_","CRASHTYP","INVOLVE","PED","PRIMARYRD","SECONDRD","DISTANCE","DIRECT","INTERSECT_","PROCDATE","JURIS","DATE_","TIME_","BADGE","JURIDIST","SHIFT","POP","SPECIAL","BEATTYPE","LAPDDIV","BEATCLAS","BEATNUMB","WEATHER2","STATEHW","CALTRANC","CALTRAND","STROUTE","ROUTESUF","POSTPRE","POSTMILE","LOCATYPE","RAMP","SIDEHW","TOWAWAY","PARTIES","PCF","VIOLCODE","VIOL","VIOLSUB","HITRUN","ROADSURF","RDCOND1","RDCOND2","LIGHTING","RIGHTWAY","CHPRDTYP","NOTPRIV","STFAULT","CHPFAULT","SEVINJ","OTHERINJ","COP","PEDKILL","PEDINJ","BICKILL","BICINJ","MCKILL","MCINJURE","RAMP1","RAMP2","CITY","COUNTY","STATE","X_CHP","Y_CHP"
"6471184",-121.3347286,38.4500407,2014,"3450","0","1","3","08",0,1,"A",,,,,,1800,4,"F","A","A","BRADSHAW RD","CALVINE RD",952,"S","N","2014-07-11",340,"2014-04-28",1712,"10054","3301","5","5","0","0",,"0","003","-","N",,0,0,,,0,,,,"Y",1,"A","-",22107,,"N","A","H","-","A","D","0","Y","D","22",0,1,0,0,0,0,0,0,0,"-","-","ELK GROVE","SACRAMENTO","CA",0,0
"6471131",-121.1670256,38.6084051,2014,"3400","4","7","3","01",0,1,"A",,,,,"Y",2100,5,"F","I","A","WHITE ROCK RD","PRAIRIE CITY RD",5280,"W","N","2014-07-24",9260,"2014-05-04",2015,"18713",,"2","9","0","2",,"2","102","-","N",,0,0,,,0,,,,"Y",1,"A","-",23152,"A","N","A","H","-","D","D","0","Y","D","22",0,1,0,0,0,0,0,0,0,"-","-","UNINCORPORATED","SACRAMENTO","CA",-121.15267,38.61328
"6470381",-121.7323031,38.0791451,2014,"3400","5","7","2","05",0,1,"A",,,"Y",,,900,4,"B","C","A","RT 160","SHERMAN ISLAND LEVEE RD",0,,"Y","2016-03-29",9252,"2014-04-13",810,"018233",,"1","9","0","3",,"2","090","-","Y","SAC",3,160,"-","L",6.962,"I","5","S","N",2,"A","-",21460,"A","N","A","H","-","A","A","0","Y","C","02",1,0,0,0,0,0,0,0,1,"-","-","UNINCORPORATED","SACRAMENTO","CA",-121.70165,38.10508
"6470377",-121.4415608,38.4920805,2014,"3400","3","2","4","03",0,1,"A",,,,"Y",,1800,4,"B","C","A","RT 99","FLORIN RD",1320,"S","N","2016-01-13",9252,"2014-04-15",1625,"15718",,"2","9","0","1",,"2","192","-","Y","SAC",3,99,"-","-",19.36,"H","-","N","Y",2,"A","-",22350,,"N","A","H","-","A","D","1","Y","A","01",0,0,1,0,0,0,0,0,0,"-","-","UNINCORPORATED","SACRAMENTO","CA",-121.44248,38.49302
"6470361",-121.4494031,38.4991351,2014,"3400","4","6","4","01",0,3,"A",,,,,"Y",900,4,"C","C","A","FLORIN RD","RT 99",10,"E","N","2016-03-26",9252,"2014-04-19",845,"018233",,"1","9","0","2",,"1","072","-","Y","SAC",3,99,"-","-",19.808,"R","4","S","N",2,"A","-",23152,"A","N","A","H","-","A","A","1","Y","D","22",0,0,3,0,0,0,0,0,0,"-","SF","UNINCORPORATED","SACRAMENTO","CA",-121.44871,38.49601
"6470357",-121.263983,38.262545,2014,"3400","5","4","3","09",0,1,"A",,,,,,900,4,"D","D","A","CHEROKEE LN","SIMMERHORN RD",0,,"Y","2014-07-10",9252,"2014-04-17",645,"12096",,"1","9","0","3",,"2","080","-","N",,0,0,,,0,,,,"Y",2,"A","-",21802,"A","N","A","H","-","A","A","0","Y","D","22",0,1,0,0,0,0,0,0,0,"-","-","UNINCORPORATED","SACRAMENTO","CA",-121.26405,38.26254
"6470329",-121.3717785,38.4525324,2014,"3400","5","6","4","03",0,1,"A",,,,,,1500,4,"C","C","A","CALVIN RD","ELK GROVE FLORIN RD",100,"E","N","2014-07-09",9252,"2014-04-12",1355,"018424",,"1","9","0","3",,"2","074","-","N",,0,0,,,0,,,,"N",2,"A","-",22350,,"N","A","H","-","A","D","0","Y","D","22",0,0,1,0,0,0,0,0,0,"-","-","UNINCORPORATED","SACRAMENTO","CA",-121.37216,38.45275
"6470322",-121.4180505,38.469919,2014,"3400","3","3","3","03",0,1,"A",,,,,,900,4,"C","C","A","RT 99","MACK RD",528,"S","N","2016-01-13",9252,"2014-04-16",749,"013815",,"1","9","0","1",,"2","191","-","Y","SAC",3,99,"-","-",17.36,"H","-","N","N",2,"A","-",22350,,"N","A","H","-","A","D","1","Y","D","22",0,1,0,0,0,0,0,0,0,"-","-","UNINCORPORATED","SACRAMENTO","CA",-121.64547,38.09683
"6470321",-121.405153,38.452595,2014,"3400","4","2","3","12",0,4,"A",,,,,,1200,4,"D","C","A","POWER INN RD","CALVINE RD",0,,"Y","2014-07-10",9252,"2014-04-08",940,"14699",,"1","9","0","2",,"2","073","-","N",,0,0,,,0,,,,"Y",4,"A","-",21453,"A","N","A","H","-","A","A","0","Y","D","22",0,1,3,0,0,0,0,0,0,"-","-","UNINCORPORATED","SACRAMENTO","CA",-121.4051,38.4565
"6469652",-121.5316531,38.6175551,2014,"3404","0","3","3","12",0,3,"-",,,,,,1200,4,"D","C","A","EL CAMINO AV","RT 80",30,"W","N","2016-03-02",3404,"2014-04-09",934,"8163","2","5","7","0","0",,"0","00C","-","Y","SAC",3,80,"-","M",1.552,"R","4","W","N",2,"A","-",21453,"A","F","-","-","-","-","A","0","Y","A","01",0,1,2,0,0,0,0,0,0,"-","WF","SACRAMENTO","SACRAMENTO","CA",0,0
"6469390",-121.2745489,38.6112157,2014,"3490","0","5","4","21",0,1,"B",,,,,,2400,1,"D","C","A","ZINFANDEL DR","BRIDLEWOOD DR",40,"E","N","2014-06-19",3400,"2014-01-31",2149,"245",,"5","5","0","0",,"0","005","-","N",,0,0,,,0,,,,"Y",3,"A","-",22106,,"N","B","H","-","C","D","0","Y","-",,0,0,1,0,0,0,0,0,0,"-","-","RANCHO CORDOVA","SACRAMENTO","CA",0,0
"6469001",-121.4736631,38.5381051,2014,"3404","0","1","4","05",0,1,"A",,"Y",,,,1500,4,"G","G","A","RT 99","12TH AV",2,"S","N","2015-11-20",3404,"2014-04-28",1251,"0674",,"5","7","0","0",,"0","06A","-","Y","SAC",3,99,"-","-",23.009,"R","1","N","N",2,"A","-",21650,"1","N","A","-","-","A","A","0","Y","L","04",0,0,1,0,0,0,1,0,0,"NF","-","SACRAMENTO","SACRAMENTO","CA",0,0
"6468997",-121.422293,38.5091343,2014,"3404","0","6","3","03",0,3,"A",,,,,,1500,4,"E","E","A","RANCHO ADOBE DR","RANCHO LOMA CT",86,"N","N","2014-07-11",3404,"2014-04-26",1318,"909","6","5","7","0","0",,"0","00C","-","N",,0,0,,,0,,,,"Y",2,"A","-",22350,,"N","A","H","-","A","D","0","Y","A","07",0,1,2,0,0,0,0,0,0,"-","-","SACRAMENTO","SACRAMENTO","CA",0,0
"6468472",-121.2654696,38.5884507,2014,"3490","0","3","4","08",0,2,"A",,,,,,1200,4,"B","C","A","SUNRISE BL","WHITE ROCK RD",575,"S","N","2014-07-29",3400,"2014-04-02",915,"15CSO","RC","5","5","0","0",,"0","006","-","N",,0,0,,,0,,,,"N",2,"A","-",22100,"A","N","A","H","-","A","D","0","Y","A","01",0,0,2,0,0,0,0,0,0,"-","-","RANCHO CORDOVA","SACRAMENTO","CA",0,0
"6468468",-121.2879239,38.5876736,2014,"3490","0","5","4","07",0,1,"A",,,,,,1200,5,"B","C","A","WHITE ROCK RD","ZINFANDEL DR",300,"W","N","2014-07-29",3400,"2014-05-16",1055,"1033",,"5","5","0","0",,"0",,"-","N",,0,0,,,0,,,,"N",2,"A","-",21658,"A","N","A","H","-","A","D","0","Y","-",,0,0,1,0,0,0,0,0,0,"-","-","RANCHO CORDOVA","SACRAMENTO","CA",0,0
"6468464",-121.2968175,38.5921389,2014,"3490","0","6","4","21",0,2,"A",,,,,,1800,5,"C","C","A","FOLSOM BL","MILLS PARK DR",25,"W","N","2014-07-29",3400,"2014-05-10",1705,"232","RC","5","5","0","0",,"0","005","-","N",,0,0,,,0,,,,"N",2,"A","-",22106,,"N","A","H","-","A","A","0","Y","-",,0,0,2,0,0,0,0,0,0,"-","-","RANCHO CORDOVA","SACRAMENTO","CA",0,0
"6468460",-121.2706931,38.617985,2014,"3490","0","7","4","04",0,1,"A",,,,,,1800,4,"C","C","A","COLOMA RD","TRINITY RIVER DR",0,,"Y","2014-07-29",3400,"2014-04-27",1725,"1492",,"5","5","0","0",,"0",,"-","N",,0,0,,,0,,,,"N",2,"A","-",21703,,"N","A","H","-","A","A","0","Y","A","01",0,0,1,0,0,0,0,0,0,"-","-","RANCHO CORDOVA","SACRAMENTO","CA",0,0
"6468456",-121.2856933,38.5936984,2014,"3490","0","2","3","09",0,1,"A",,,,,,1800,5,"D","C","A","OLSON DR","ZINFANDEL DR",658,"E","N","2014-07-29",3400,"2014-05-06",1611,"1453","RC","5","5","0","0",,"0","005","-","N",,0,0,,,0,,,,"Y",2,"A","-",21801,"A","N","A","H","-","A","D","0","Y","-",,0,1,0,0,0,0,0,0,0,"-","-","RANCHO CORDOVA","SACRAMENTO","CA",0,0
"6468452",0,0,2014,"3490","0","6","3","03",0,1,"A",,,,,,1500,5,"C","C","A","ROUTIER RD","HORN RD",0,,"Y","2014-07-29",3400,"2014-05-03",1332,"15CSO","RC","5","5","0","0",,"0","004","-","N",,0,0,,,0,,,,"Y",2,"A","-",22350,,"N","A","H","-","A","D","0","Y","A","01",0,1,0,0,0,0,0,0,0,"-","-","RANCHO CORDOVA","SACRAMENTO","CA",0,0
"6467439",-121.1630831,38.649555,2014,"3401","0","1","3","09",0,3,"A",,,,,,1500,4,"A","C","A","IRON POINT RD","PRAIRIE CITY RD",0,,"Y","2014-07-21",3401,"2014-04-14",1234,"203","4","5","5","0","0",,"0","004","-","N",,0,0,,,0,,,,"Y",2,"A","-",21453,"C","N","A","H","-","A","A","0","Y","A","01",0,1,2,0,0,0,0,0,0,"-","-","FOLSOM","SACRAMENTO","CA",0,0
"6467435",-121.1921023,38.6795055,2014,"3401","0","4","4","03",0,1,"B",,,,,,900,4,"C","C","A","GREENBACK LN","AMERICAN RIVER CANYON DR",25,"E","N","2014-07-22",3401,"2014-04-03",802,"200","1","5","5","0","0",,"0","001","-","N",,0,0,,,0,,,,"Y",2,"A","-",22350,,"N","A","H","-","A","A","0","Y","A","01",0,0,1,0,0,0,0,0,0,"-","-","FOLSOM","SACRAMENTO","CA",0,0
"6467431",-121.1072931,38.6582651,2014,"3401","0","5","3","08",0,1,"-",,,"Y",,,900,4,"-","-","A","GOLF LINKS DR","BROADSTONE PKWY",0,,"Y","2014-07-22",3401,"2014-04-04",855,"152","3","5","5","0","0",,"0","003","-","N",,0,0,,,0,,,,"Y",2,"A","-",22107,,"N","-","-","-","-","-","0","Y","-","-",0,1,0,0,0,0,0,0,1,"-","-","FOLSOM","SACRAMENTO","CA",-121.10748,38.65846
"6467427",-121.1622792,38.672293,2014,"3401","0","2","4","09",0,1,"A",,,,,,1500,4,"D","C","A","EAST BIDWELL ST","WALES DR",318,"W","N","2014-07-19",3401,"2014-04-08",1319,"200","2","5","5","0","0",,"0","002","-","N",,0,0,,,0,,,,"Y",3,"A","-",21801,"A","N","A","H","-","A","D","0","Y","A","01",0,0,1,0,0,0,0,0,0,"-","-","FOLSOM","SACRAMENTO","CA",-121.16108,38.66853
"6467423",-121.137073,38.676835,2014,"3401","0","2","4","12",0,2,"A",,,,,,2400,4,"D","C","A","BLUE RAVINE RD","OAK AVENUE PKWY",0,,"Y","2014-07-22",3401,"2014-04-08",2120,"171","3","5","5","0","0",,"0","003","-","N",,0,0,,,0,,,,"Y",2,"A","-",21453,"A","N","A","H","-","C","A","0","Y","A","01",0,0,2,0,0,0,0,0,0,"-","-","FOLSOM","SACRAMENTO","CA",0,0
"6466638",-121.1219582,38.6535272,2014,"3401","0","6","4","03",0,1,"A",,,,,,1200,4,"C","C","A","E BIDWELL ST","BROADSTONE PKWY",100,"S","N","2014-07-15",3401,"2014-04-12",950,"178","4","5","5","0","0",,"0","004","-","N",,0,0,,,0,,,,"N",2,"A","-",22350,,"N","A","H","-","A","D","0","Y","D","22",0,0,1,0,0,0,0,0,0,"-","-","FOLSOM","SACRAMENTO","CA",-121.12274,38.6534
"6466634",-121.1693666,38.6585372,2014,"3401","0","5","4","03",0,1,"A",,,,,,1500,4,"C","C","A","SIBLEY ST","LEVY RD",287,"S","N","2014-07-15",3401,"2014-04-11",1341,"206",,"5","5","0","0",,"0","004","-","N",,0,0,,,0,,,,"N",2,"A","-",22350,,"M","A","H","-","A","A","0","Y","D","22",0,0,1,0,0,0,0,0,0,"-","-","FOLSOM","SACRAMENTO","CA",0,0
"6465520",0,0,2014,"3450","0","5","4","03",0,1,"A",,,,,,900,4,"C","C","A","ELK GROVE BL","BACKER RANCH RD",0,,"Y","2014-07-17",340,"2014-04-11",759,"10009","4104","5","5","0","0",,"0","004","-","N",,0,0,,,0,,,,"Y",4,"A","-",22350,,"N","A","H","-","A","D","0","Y","A","01",0,0,1,0,0,0,0,0,0,"-","-","ELK GROVE","SACRAMENTO","CA",0,0
"6465516",-121.448461,38.420446,2014,"3450","0","6","2","03",0,1,"A",,,"Y",,,1200,4,"C","C","A","FRANKLIN BL","LAGUNA WOODS DR",275,"N","N","2014-07-17",340,"2014-04-12",1016,"10081","2301","5","5","0","0",,"0","002","-","N",,0,0,,,0,,,,"Y",3,"A","-",22350,,"N","A","G","-","A","D","0","Y","A","01",1,0,0,0,0,0,0,0,1,"-","-","ELK GROVE","SACRAMENTO","CA",0,0
"6465511",-121.4711874,38.5280258,2014,"3404","0","3","4","09",0,1,"B",,,,,,900,4,"D","C","A","27TH AV","FRANKLIN BL",385,"E","N","2014-07-17",3404,"2014-04-02",845,"02222",,"5","7","0","0",,"0","4 B","-","N",,0,0,,,0,,,,"N",2,"A","-",21804,"A","N","A","H","-","A","D","0","Y","A","01",0,0,1,0,0,0,0,0,0,"-","-","SACRAMENTO","SACRAMENTO","CA",0,0
"6465496",0,0,2014,"3450","0","4","4","03",0,1,"A",,,,,,2400,4,"E","I","A","LONGLEAF DR","WEST WALL OF THE BUS SHELTER",62,"W","N","2014-07-17",340,"2014-04-17",2136,"10551","2402","5","5","0","0",,"0","002","-","N",,0,0,,,0,,,,"Y",1,"A","-",22350,,"N","A","H","-","C","D","0","Y","A","01",0,0,1,0,0,0,0,0,0,"-","-","ELK GROVE","SACRAMENTO","CA",0,0
"6465463",-121.3435418,38.4189261,2014,"3450","0","6","4","01",0,1,"A",,,,,,1800,4,"E","I","A","STONEBROOK DR","STONE SPRINGS DR",66,"N","N","2015-09-23",340,"2014-04-19",1707,"10527","5205","5","5","0","0",,"0","005","-","N",,0,0,,,0,,,,"Y",1,"A","-",23152,"A","N","A","H","-","A","D","0","Y","A","01",0,0,1,0,0,0,0,0,0,"-","-","ELK GROVE","SACRAMENTO","CA",0,0
"6465459",-121.4015586,38.4090349,2014,"3450","0","6","4","09",0,3,"A",,,,,,2100,4,"C","C","A","ELK GROVE BL","BIG TIMBER DR",39,"W","N","2014-07-17",340,"2014-04-19",1804,"10006","4202","5","5","0","0",,"0","004","-","N",,0,0,,,0,,,,"Y",2,"A","-",21802,"A","N","A","H","-","A","D","0","Y","A","01",0,0,3,0,0,0,0,0,0,"-","-","ELK GROVE","SACRAMENTO","CA",0,0
"6465455",-121.384267,38.4089622,2014,"3450","0","1","4","03",0,1,"A",,,,,,2100,4,"C","C","A","ELK GROVE BL","EMERALD VISTA DR",82,"E","N","2014-07-17",340,"2014-04-07",1811,"10054","5401","5","5","0","0",,"0","005","-","N",,0,0,,,0,,,,"N",3,"A","-",22350,,"N","A","H","-","A","A","0","Y","A","08",0,0,1,0,0,0,0,0,0,"-","-","ELK GROVE","SACRAMENTO","CA",0,0
"6465451",-121.3846291,38.4089988,2014,"3450","0","5","4","03",0,2,"A",,,,,,1800,4,"C","C","A","ELK GROVE BL","EMERALD VISTA DR",25,"W","N","2014-07-17",340,"2014-04-11",1659,"10038","5401","5","5","0","0",,"0","00S","-","N",,0,0,,,0,,,,"N",3,"A","-",22350,,"N","A","H","-","A","A","0","Y","A","01",0,0,2,0,0,0,0,0,0,"-","-","ELK GROVE","SACRAMENTO","CA",0,0
"6465438",-121.4037032,38.4170151,2014,"3450","0","1","4","08",0,1,"A",,,,,,1800,4,"D","C","A","LONGLEAF DR","BIG HORN BL",825,"E","N","2014-07-28",340,"2014-04-07",1532,"10076","2402","5","5","0","0",,"0","002","-","N",,0,0,,,0,,,,"Y",2,"A","-",22107,,"N","A","H","-","A","D","0","Y","A","01",0,0,1,0,0,0,0,0,0,"-","-","ELK GROVE","SACRAMENTO","CA",0,0
"6465434",-121.3592529,38.3735193,2014,"3450","0","5","4","17",0,1,"A",,,,,,1500,4,"D","C","A","GRANT LINE RD","RT 99",0,,"Y","2016-03-26",340,"2014-04-04",1445,"10168","4410","5","5","0","0",,"0","004","-","Y","SAC",3,99,"-","-",9.877,"R","4","S","Y",2,"A","-",21461,"A","N","A","H","-","A","A","0","Y","A","07",0,0,1,0,0,0,0,0,0,"-","-","ELK GROVE","SACRAMENTO","CA",0,0
"6465310",-121.5063109,38.5793359,2014,"3404","1","7","4","03",0,1,"A",,,,,,1800,4,"C","C","A","RT 5","O ST",100,"N","N","2016-03-26",9252,"2014-04-06",1750,"018159",,"2","7","0","1",,"2","108","-","Y","SAC",3,5,"-","-",23.28,"H","-","S","N",2,"A","-",22350,,"N","A","H","-","A","D","1","Y","D","22",0,0,1,0,0,0,0,0,0,"-","-","SACRAMENTO","SACRAMENTO","CA",-121.5071,38.57849
"6465306",-121.5077931,38.5771351,2014,"3404","1","6","4","03",0,2,"A",,,,,,1500,4,"C","C","A","RT 5","RT 50",500,"N","N","2016-02-18",9252,"2014-04-05",1400,"018159",,"2","7","0","1",,"2","108","-","Y","SAC",3,5,"-","-",22.789,"R","3","S","N",2,"A","-",22350,,"N","A","H","-","A","D","1","Y","D","22",0,0,2,0,0,0,0,0,0,"-","-","SACRAMENTO","SACRAMENTO","CA",-121.50961,38.5719
"6465286",-121.467592,38.5250904,2014,"3404","3","4","4","03",0,1,"A",,,,,,900,4,"C","C","A","RT 99","FRUITRIDGE RD",200,"N","N","2016-03-26",9252,"2014-04-03",650,"017939",,"1","7","0","1",,"2","192","-","Y","SAC",3,99,"-","-",21.98,"H","-","N","Y",3,"A","-",22350,,"N","A","H","-","B","D","1","Y","A","01",0,0,1,0,0,0,0,0,0,"-","-","SACRAMENTO","SACRAMENTO","CA",-121.47727,38.54053
"6464907",-121.5084994,38.6138094,2014,"3404","0","4","4","08",0,1,"A",,,,,,900,4,"C","C","A","WEST EL CAMINO AV","AZEVEDO DR",1056,"W","N","2015-03-04",3404,"2014-04-10",601,"863",,"5","7","0","0",,"0","01B","-","N",,0,0,,,0,,,,"Y",2,"A","-",22107,,"N","A","-","-","C","A","0","Y","A","01",0,0,1,0,0,0,0,0,0,"-","-","SACRAMENTO","SACRAMENTO","CA",0,0
"6464875",-121.3104426,38.6780091,2014,"3496","0","2","3","05",0,1,"A",,"Y",,,,1800,3,"D","G","A","DEWEY DR","GREENBACK LN",75,"S","N","2014-07-08",3496,"2014-03-11",1500,"183","3496","5","5","0","0",,"0","003","-","N",,0,0,,,0,,,,"N",2,"A","-",21650,"1","N","A","H","-","A","D","0","Y","L","04",0,1,0,0,0,0,1,0,0,"-","-","CITRUS HEIGHTS","SACRAMENTO","CA",0,0
"6464855",-121.3714131,38.386405,2014,"3450","0","4","4","05",0,2,"B",,,,,,1500,3,"D","C","A","ELK GROVE FLORIN RD","E STOCKTON BL",0,,"Y","2014-07-08",340,"2014-03-27",1259,"10101","5503","5","5","0","0",,"0","005","-","N",,0,0,,,0,,,,"Y",2,"A","-",21650,,"N","B","H","-","A","A","0","Y","A","01",0,0,2,0,0,0,0,0,0,"-","-","ELK GROVE","SACRAMENTO","CA",0,0
"6464797",-121.4107191,38.5709639,2014,"3404","0","2","4","03",0,2,"B",,,,,,1800,4,"C","C","A","HOWE AV","UNIVERSITY AV",855,"S","N","2014-07-22",3404,"2014-04-01",1629,"0593","6","5","7","0","0",,"0","00D","-","N",,0,0,,,0,,,,"Y",3,"A","-",22350,,"N","B","H","-","A","D","0","Y","-",,0,0,2,0,0,0,0,0,0,"-","-","SACRAMENTO","SACRAMENTO","CA",0,0
"6464793",-121.4268531,38.6112351,2014,"3404","0","1","4","12",0,2,"-",,,,,,2400,4,"D","C","A","EL CAMINO AV","RT 80",0,,"Y","2015-12-01",3404,"2014-04-14",2138,"596",,"5","7","0","0",,"0","02C","-","N",,0,0,,,0,,,,"Y",2,"A","-",21453,"A","N","-","-","-","-","A","0","Y","A","01",0,0,2,0,0,0,0,0,0,"-","WF","SACRAMENTO","SACRAMENTO","CA",0,0
"6464767",-121.429383,38.6382951,2014,"3404","0","3","3","09",0,1,"A",,,,,,2100,4,"D","C","A","MARYSVILLE BL","HARRIS AV",0,,"Y","2014-07-26",3404,"2014-04-16",1817,"0776",,"5","7","0","0",,"0",,"-","N",,0,0,,,0,,,,"Y",2,"A","-",21802,,"N","A","H","-","A","D","0","Y","-",,0,1,0,0,0,0,0,0,0,"-","-","SACRAMENTO","SACRAMENTO","CA",0,0
"6464763",0,0,2014,"3404","0","4","4","10",0,1,"A","Y",,,,,1200,4,"G","B","B","MEADOWVIEW RD","AMHERST ST",13,"E","N","2014-07-22",3404,"2014-04-17",1142,"0831",,"5","7","0","0",,"0","05A","-","N",,0,0,,,0,,,,"N",2,"A","-",21950,"A","N","A","H","-","A","A","0","Y","A",,0,0,1,0,1,0,0,0,0,"-","-","SACRAMENTO","SACRAMENTO","CA",0,0
"6464751",-121.5345053,38.4985596,2014,"3404","0","3","3","08",0,1,"A",,"Y",,,,1500,4,"D","G","A","FLORIN RD","PACIFIC TRACKS",3,"E","N","2014-07-22",3404,"2014-04-16",1316,"0831",,"5","7","0","0",,"0","05B","-","N",,0,0,,,0,,,,"N",2,"A","-",22107,,"N","A","H","-","A","A","0","Y","L","04",0,1,0,0,0,0,1,0,0,"-","-","SACRAMENTO","SACRAMENTO","CA",0,0
"6464747",-121.4647232,38.5408075,2014,"3404","0","4","4","03",0,1,"A",,,,,,1800,4,"C","C","A","MARTIN LUTHER KING JR BL","13TH AV",30,"N","N","2014-07-22",3404,"2014-04-10",1758,"409","6A","5","7","0","0",,"0",,"-","N",,0,0,,,0,,,,"N",2,"A","-",22350,,"N","A","H","-","A","D","0","Y","A","01",0,0,1,0,0,0,0,0,0,"-","-","SACRAMENTO","SACRAMENTO","CA",0,0
"6464743",-121.4613188,38.5583758,2014,"3404","0","4","4","03",0,1,"A",,,,,,1500,4,"C","C","A","STOCKTON BL","U ST",18,"N","N","2014-07-22",3404,"2014-04-10",1231,"0469",,"5","7","0","0",,"0",,"-","N",,0,0,,,0,,,,"N",2,"A","-",22350,,"N","A","H","-","A","D","0","Y","-",,0,0,1,0,0,0,0,0,0,"-","-","SACRAMENTO","SACRAMENTO","CA",0,0
"6464735",-121.5053734,38.6150265,2014,"3404","0","3","4","09",0,1,"A",,,,,,1800,4,"B","C","A","AZEVEDO DR","BANNON CREEK DR",489,"S","N","2014-07-22",3404,"2014-04-09",1539,"0487",,"5","7","0","0",,"0",,"-","N",,0,0,,,0,,,,"Y",2,"A","-",21804,,"N","A","H","-","A","D","0","Y","A","01",0,0,1,0,0,0,0,0,0,"-","-","SACRAMENTO","SACRAMENTO","CA",0,0
"6464733",-121.3717931,38.452665,2014,"3450","0","5","3","12",0,2,"A",,,,,,2400,4,"D","C","A","ELK GROVE FLORIN RD","CALVINE RD",0,,"Y","2014-07-22",340,"2014-04-04",2107,"10038","3201","5","5","0","0",,"0","003","-","N",,0,0,,,0,,,,"N",2,"A","-",21453,"A","N","A","H","-","C","A","0","Y","A","01",0,1,1,0,0,0,0,0,0,"-","-","ELK GROVE","SACRAMENTO","CA",0,0
"6464729",0,0,2014,"3450","0","6","4","09",0,2,"B",,,,,,2400,4,"D","C","A","ELK GROVE BL","APPLE MILL DR",0,,"Y","2014-07-22",340,"2014-04-12",2335,"10415","5602","5","5","0","0",,"0","005","G","N",,0,0,,,0,,,,"Y",2,"A","-",21802,"A","N","A","H","-","C","A","0","Y","A","01",0,0,2,0,0,0,0,0,0,"-","-","ELK GROVE","SACRAMENTO","CA",0,0
"6464727",-121.4832631,38.568955,2014,"3404","0","5","3","12",0,1,"A",,"Y",,,,2100,4,"D","G","A","20TH ST","Q ST",0,,"Y","2014-07-22",3404,"2014-04-11",1928,"0584","3","5","7","0","0",,"0","00B","-","N",,0,0,,,0,,,,"N",2,"A","-",22450,,"N","A","H","-","B","A","0","Y","A","01",0,1,0,0,0,0,1,0,0,"-","-","SACRAMENTO","SACRAMENTO","CA",0,0
"6464725",-121.37147,38.4001366,2014,"3450","0","6","3","06",0,4,"A",,,,,,2100,4,"B","C","A","ELK GROVE FLORIN RD","TRALEE WY",65,"S","N","2014-07-22",340,"2014-04-12",1834,"10527","54031","5","5","0","0",,"0","005","-","N",,0,0,,,0,,,,"Y",2,"A","-",21750,,"N","A","H","-","A","D","0","Y","A","07",0,1,3,0,0,0,0,0,0,"-","-","ELK GROVE","SACRAMENTO","CA",0,0
"6464723",0,0,2014,"3404","0","5","4","09",0,1,"A",,,,,,2400,4,"C","C","A","JIBBOOM ST","JIBBOOM ST 227",45,"S","N","2014-07-22",3404,"2014-04-11",2256,"0342",,"5","7","0","0",,"0","03A","-","N",,0,0,,,0,,,,"N",3,"A","-",21804,"A","N","A","H","-","C","D","0","Y","A","01",0,0,1,0,0,0,0,0,0,"-","-","SACRAMENTO","SACRAMENTO","CA",0,0
"6464721",-121.3211457,38.6792762,2014,"3496","0","2","4","03",0,1,"A",,,,,,1800,4,"C","C","A","GREENBACK","AUBURN BL",150,"W","N","2014-07-22",3496,"2014-04-08",1630,"134",,"5","5","0","0",,"0",,"-","N",,0,0,,,0,,,,"N",2,"A","-",22350,,"N","A","H","-","A","A","0","Y","A","01",0,0,1,0,0,0,0,0,0,"-","-","CITRUS HEIGHTS","SACRAMENTO","CA",0,0
"6464715",-121.4738854,38.4958841,2014,"3404","0","3","4","03",0,1,"A",,,,,,1500,4,"C","C","A","FLORIN RD","29TH ST",55,"W","N","2014-07-21",3404,"2014-04-16",1402,"0831",,"5","7","0","0",,"0","05A","-","N",,0,0,,,0,,,,"Y",2,"A","-",22350,,"N","A","H","-","A","A","0","Y","D","22",0,0,1,0,0,0,0,0,0,"-","-","SACRAMENTO","SACRAMENTO","CA",0,0
"6464707",-121.469933,38.565385,2014,"3404","0","6","4","12",0,1,"A",,,,,,1500,4,"D","C","A","30TH ST","Q ST",0,,"Y","2014-07-22",3404,"2014-04-19",1234,"0818","6","5","7","0","0",,"0","00D","-","N",,0,0,,,0,,,,"Y",2,"A","-",21453,"A","N","A","H","-","A","A","0","Y","D","22",0,0,1,0,0,0,0,0,0,"-","-","SACRAMENTO","SACRAMENTO","CA",0,0