"CASEID","POINT_X","POINT_Y","YEAR_","LOCATION","CHPTYPE","DAYWEEK","CRASHSEV","VIOLCAT","KILLED","INJURED","WEATHER1","PEDCOL","BICCOL","MCCOL","TRUCKCOL","ETOH","TIMECAT","MONTH_","CRASHTYP","INVOLVE","PED","PRIMARYRD","SECONDRD","DISTANCE","DIRECT","INTERSECT_","PROCDATE","JURIS","DATE_","TIME_","BADGE","JURIDIST","SHIFT","POP","SPECIAL","BEATTYPE","LAPDDIV","BEATCLAS","BEATNUMB","WEATHER2","STATEHW","CALTRANC","CALTRAND","STROUTE","ROUTESUF","POSTPRE","POSTMILE","LOCATYPE","RAMP","SIDEHW","TOWAWAY","PARTIES","PCF","VIOLCODE","VIOL","VIOLSUB","HITRUN","ROADSURF","RDCOND1","RDCOND2","LIGHTING","RIGHTWAY","CHPRDTYP","NOTPRIV","STFAULT","CHPFAULT","SEVINJ","OTHERINJ","COP","PEDKILL","PEDINJ","BICKILL","BICINJ","MCKILL","MCINJURE","RAMP1","RAMP2","CITY","COUNTY","STATE","X_CHP","Y_CHP"
"6456706",-121.2846251,38.6782959,2014,"3496","0","3","4","-",0,3,"A",,,,,,2400,4,"D","C","A","GREENBACK LN","MARIPOSA AV",28,"E","N","2014-07-10",3496,"2014-04-16",2143,"185",,"5","5","0","0",,"0","002","-","N",,0,0,,,0,,,,"Y",2,"A","-",0,,"N","A","H","-","C","A","0","Y","A","01",0,0,3,0,0,0,0,0,0,"-","-","CITRUS HEIGHTS","SACRAMENTO","CA",0,0
"6456702",-121.2716331,38.6784251,2014,"3496","0","3","4","12",0,1,"A","Y",,,,"Y",900,4,"G","B","B","SUNRISE BL","GREENBACK LN",0,,"Y","2015-09-23",3496,"2014-04-02",725,"175",,"5","5","0","0",,"0",,"-","N",,0,0,,,0,,,,"N",2,"A","-",21453,"A","F","A","H","-","A","A","0","Y","-",,0,0,1,0,1,0,0,0,0,"-","-","CITRUS HEIGHTS","SACRAMENTO","CA",0,0
"6456493",-121.2962431,38.253145,2014,"3402","0","1","4","00",0,1,"A",,,"Y",,,1500,3,"H","J","A","C ST","CIVIC DR",0,,"Y","2014-07-07",3402,"2014-03-10",1315,"109","39","5","3","0","0",,"0","002","-","N",,0,0,,,0,,,,"N",3,"D","-",0,,"N","A","H","-","A","A","0","Y","-","-",0,0,1,0,0,0,0,0,1,"-","-","GALT","SACRAMENTO","CA",0,0
"6455174",-121.4536707,38.6111262,2014,"3404","0","5","4","-",0,1,"A",,,,,"Y",1500,3,"C","C","A","EL CAMINO AV","FAIRFIELD",125,"W","N","2014-07-03",3404,"2014-03-28",1354,"813",,"5","7","0","0",,"0","02B","-","N",,0,0,,,0,,,,"Y",3,"A","-",0,,"F","A","H","-","A","A","0","Y","A","01",0,0,1,0,0,0,0,0,0,"-","-","SACRAMENTO","SACRAMENTO","CA",0,0
"6455107",-121.4582857,38.5603481,2014,"3404","2","4","4","04",0,1,"A",,,,,,1800,4,"C","C","A","RT 50","STOCKTON BL",100,"E","N","2016-03-26",9252,"2014-04-03",1720,"17522",,"2","7","0","1",,"2","151","-","Y","SAC",3,50,"-","R",0.71,"H","-","E","N",2,"A","-",21703,,"N","A","H","-","A","D","1","Y","A","01",0,0,1,0,0,0,0,0,0,"-","-","SACRAMENTO","SACRAMENTO","CA",-121.46166,38.56078
"6455099",-121.4730531,38.5600251,2014,"3404","3","3","3","03",0,1,"B",,,,,,300,4,"E","I","A","RT 51","RT 99",250,"E","N","2016-03-28",9252,"2014-04-02",21,"17132",,"3","7","0","1",,"2","193","C","Y","SAC",3,51,"-","-",0.093,"R","2","S","Y",1,"A","-",22350,,"N","B","H","-","C","D","1","Y","A","08",0,1,0,0,0,0,0,0,0,"TO","-","SACRAMENTO","SACRAMENTO","CA",-121.46933,38.55886
"6455095",-121.4616293,38.5830865,2014,"3404","3","4","4","08",0,1,"B",,,,,,1500,4,"E","I","A","RT 51","A ST",100,"N","N","2016-03-28",9252,"2014-04-03",1215,"17939",,"1","7","0","1",,"2","193","-","Y","SAC",3,51,"-","-",1.79,"H","-","N","Y",1,"A","-",22107,,"N","A","H","-","A","D","1","Y","A","01",0,0,1,0,0,0,0,0,0,"-","-","SACRAMENTO","SACRAMENTO","CA",-121.4583,38.58446
"6455091",-121.5925092,38.2323695,2014,"3400","5","7","2","01",0,2,"A",,,"Y",,"Y",2100,4,"F","A","A","RT 220","RT 160",5280,"W","N","2016-03-28",9252,"2014-04-13",1955,"18591",,"2","9","0","3",,"2","090","-","Y","SAC",3,220,"-","-",0.99,"H","-","E","Y",1,"A","-",23152,"A","N","A","H","-","D","D","0","Y","C","02",1,1,0,0,0,0,0,0,2,"-","-","UNINCORPORATED","SACRAMENTO","CA",-121.59241,38.23237
"6455087",-121.5155385,38.4933657,2014,"3404","1","5","3","08",0,1,"A",,,,,,2400,4,"E","I","A","RT 5","FLORIN RD",500,"S","N","2016-03-28",9252,"2014-04-04",2230,"18548",,"3","7","0","1",,"2","107","-","Y","SAC",3,5,"-","-",17.14,"H","-","N","Y",1,"A","-",22107,,"N","A","H","-","C","D","1","Y","A","01",0,1,0,0,0,0,0,0,0,"-","-","SACRAMENTO","SACRAMENTO","CA",-121.5159,38.4952
"6455083",-121.5112568,38.5683066,2014,"3404","2","1","3","01",0,1,"A",,,,,"Y",300,4,"A","I","A","RT 50","5TH ST",1000,"W","N","2016-02-17",9252,"2014-04-07",1,"18291",,"3","7","0","1",,"2","150","-","Y","SAC",3,50,"-","L",0.39,"H","-","E","Y",1,"A","-",23152,"A","N","A","H","-","C","D","1","Y","A","01",0,1,0,0,0,0,0,0,0,"-","-","SACRAMENTO","SACRAMENTO","CA",-121.51217,38.56862
"6455079",-121.5077438,38.5766533,2014,"3404","1","5","4","03",0,1,"B",,,,,,1800,4,"C","C","A","RT 5","Q ST",300,"S","N","2016-03-26",9252,"2014-04-04",1640,"18159",,"2","7","0","1",,"2","108","-","Y","SAC",3,5,"-","-",23.04,"H","-","N","Y",3,"A","-",22350,,"N","B","H","-","A","D","1","Y","A","01",0,0,1,0,0,0,0,0,0,"-","-","SACRAMENTO","SACRAMENTO","CA",-121.50527,38.58005
"6455075",-121.4737677,38.5452125,2014,"3404","3","7","4","03",0,1,"A",,,,,,1800,4,"C","C","A","RT 99","12TH AV",1500,"N","N","2015-11-20",9252,"2014-04-06",1505,"18974",,"2","7","0","1",,"2","192","-","Y","SAC",3,99,"-","-",23.41,"H","-","N","Y",3,"A","-",22350,,"N","A","H","-","A","D","1","Y","A","01",0,0,1,0,0,0,0,0,0,"-","-","SACRAMENTO","SACRAMENTO","CA",-121.47361,38.54434
"6455071",-121.4600807,38.5102885,2014,"3400","3","7","2","08",0,1,"A",,,,,,900,4,"F","A","A","RT 99","47TH AV",424,"S","N","2015-11-20",9252,"2014-04-06",640,"18073",,"1","9","0","1",,"2","192","-","Y","SAC",3,99,"-","-",20.83,"H","-","S","Y",1,"A","-",22107,,"N","A","H","-","A","D","1","Y","A","01",1,0,0,0,0,0,0,0,0,"TO","-","UNINCORPORATED","SACRAMENTO","CA",-121.45982,38.50927
"6455068",-121.538043,38.504245,2014,"3404","0","1","2","12",0,1,"A",,"Y",,,,1200,4,"D","G","A","FLORIN RD","GLORIA DR",0,,"Y","2014-07-24",3404,"2014-04-21",905,"0242",,"5","7","0","0",,"0",,"-","N",,0,0,,,0,,,,"N",2,"A","-",21453,"A","N","A","H","-","A","A","0","Y","L","04",1,0,0,0,0,0,1,0,0,"-","-","SACRAMENTO","SACRAMENTO","CA",0,0
"6455067",-121.4740031,38.5450651,2014,"3404","3","3","3","03",0,1,"A",,,"Y",,,1800,4,"C","C","A","RT 99","12TH AV",100,"N","N","2015-11-20",9252,"2014-04-02",1516,"17522",,"2","7","0","1",,"2","192","-","Y","SAC",3,99,"-","-",23.3,"R","1","S","Y",2,"A","-",22350,,"N","A","H","-","A","D","1","Y","C","02",0,1,0,0,0,0,0,0,1,"TO","-","SACRAMENTO","SACRAMENTO","CA",-121.47427,38.54219
"6455064",-121.4175331,38.464255,2014,"3404","0","1","4","03",0,1,"A",,,,,,1500,4,"D","C","A","BRUCEVILLE RD","HOSPITAL DR",0,,"Y","2014-07-11",3404,"2014-04-21",1454,"738",,"5","7","0","0",,"0","05C","-","N",,0,0,,,0,,,,"Y",2,"A","-",22350,,"N","A","H","-","A","D","0","Y","A","01",0,0,1,0,0,0,0,0,0,"-","-","SACRAMENTO","SACRAMENTO","CA",0,0
"6455056",-121.4454191,38.531059,2014,"3404","0","6","4","03",0,3,"A",,,,,,2100,4,"C","C","A","STOCKTON BL","22ND AV",45,"S","N","2014-07-11",3404,"2014-04-19",1835,"8169","6","5","7","0","0",,"0","00B","-","N",,0,0,,,0,,,,"Y",3,"A","-",22350,,"F","A","H","-","A","A","0","Y","A","07",0,0,3,0,0,0,0,0,0,"-","-","SACRAMENTO","SACRAMENTO","CA",0,0
"6455052",0,0,2014,"3404","0","1","2","05",0,1,"A",,"Y",,,,1500,4,"A","G","A","ARDEN WY","SEARS DRWY",50,"W","N","2014-07-18",3404,"2014-04-14",1348,"346","2","5","7","0","0",,"0","00C","-","N",,0,0,,,0,,,,"N",2,"A","-",21650,"1","N","A","H","-","A","A","0","Y","L","04",1,0,0,0,0,0,1,0,0,"-","-","SACRAMENTO","SACRAMENTO","CA",0,0
"6455047",-121.5130198,38.5553525,2014,"3404","1","5","4","03",0,3,"B",,,,,,1800,4,"C","C","A","RT 5","SUTTERVILLE RD",10560,"N","N","2016-03-28",9252,"2014-04-04",1757,"18159",,"2","7","0","1",,"2","107","-","Y","SAC",3,5,"-","-",21.7,"H","-","S","Y",2,"A","-",22350,,"N","B","H","-","A","D","1","Y","A","01",0,0,3,0,0,0,0,0,0,"-","-","SACRAMENTO","SACRAMENTO","CA",-121.51289,38.55456
"6453487",0,0,2014,"3402","0","2","3","03",0,1,"A","Y",,,,"Y",2400,4,"G","B","E","ASHBORO LN","ASHBORO LN 792",10,"N","N","2015-09-23",3402,"2014-04-15",2220,"201","23","5","3","0","0",,"0","003","-","N",,0,0,,,0,,,,"N",2,"A","-",22350,,"F","A","H","-","C","D","0","Y","-",,0,1,0,0,1,0,0,0,0,"-","-","GALT","SACRAMENTO","CA",-121.30013,38.27202
"6453483",-121.292083,38.251325,2014,"3402","0","2","4","09",0,2,"A",,,,,,1200,4,"D","D","A","CAROLINE DR","FAIRWAY DR",0,,"Y","2014-07-15",3402,"2014-04-08",940,"74","47","5","3","0","0",,"0","002","-","N",,0,0,,,0,,,,"Y",2,"A","-",21802,"A","N","A","H","-","A","A","0","Y","A","01",0,0,2,0,0,0,0,0,0,"-","-","GALT","SACRAMENTO","CA",-121.27399,38.24819
"6452887",-121.2023431,38.6781151,2014,"3400","4","7","4","01",0,2,"A",,,,,"Y",2100,4,"B","C","A","GREENBACK LN","MAIN AV",0,,"Y","2014-07-09",9260,"2014-04-20",1805,"18456",,"2","9","0","2",,"2","302","-","N",,0,0,,,0,,,,"N",2,"A","-",23152,"A","F","A","H","-","A","A","0","Y","A","07",0,0,2,0,0,0,0,0,0,"-","-","UNINCORPORATED","SACRAMENTO","CA",0,0
"6451833",-121.4736931,38.495885,2014,"3404","0","1","4","00",0,3,"A",,,,,,1800,4,"B","C","A","FLORIN RD","INDIAN LN",0,,"Y","2014-07-25",3404,"2014-04-21",1713,"0610","4","5","7","0","0",,"0","00B","-","N",,0,0,,,0,,,,"N",2,"D","-",0,,"N","A","H","-","A","A","0","Y","-","-",0,0,3,0,0,0,0,0,0,"-","-","SACRAMENTO","SACRAMENTO","CA",0,0
"6451806",-121.299379,38.6782762,2014,"3496","0","3","4","21",0,1,"A","Y",,,,,900,4,"G","B","E","GREENBACK LN","PEORIA DR",290,"W","N","2014-07-10",3496,"2014-04-09",745,"266","3496","5","5","0","0",,"0","003","-","N",,0,0,,,0,,,,"N",2,"A","-",22106,,"F","A","H","-","A","D","0","Y","I","11",0,0,1,0,1,0,0,0,0,"-","-","CITRUS HEIGHTS","SACRAMENTO","CA",0,0
"6451802",-121.303713,38.7074451,2014,"3496","0","1","3","05",0,1,"A",,"Y",,,,1200,4,"A","G","A","ANTELOPE RD","ROLLINGWOOD BL",0,,"Y","2014-07-10",3496,"2014-04-14",945,"364","CITRU","5","5","0","0",,"0","001","-","N",,0,0,,,0,,,,"N",2,"A","-",21650,"1","N","A","H","-","A","A","0","Y","L","04",0,1,0,0,0,0,1,0,0,"-","-","CITRUS HEIGHTS","SACRAMENTO","CA",0,0
"6450879",-121.3719731,38.4893257,2014,"3400","4","2","3","05",0,1,"A",,"Y",,,,1500,3,"D","G","A","ELK GROVE FLORIN RD","FLORIN RD",2500,"S","N","2014-07-03",9252,"2014-03-18",1445,"16895",,"2","9","0","2",,"2","073","-","N",,0,0,,,0,,,,"N",2,"A","-",21650,"1","N","A","H","-","A","D","0","Y","L","04",0,1,0,0,0,0,1,0,0,"-","-","UNINCORPORATED","SACRAMENTO","CA",-121.37188,38.4884
"6450878",-121.4575431,38.537035,2014,"3404","5","7","3","12",0,1,"A",,"Y",,,,2100,3,"H","G","A","16TH AV","42ND ST",0,,"Y","2014-07-03",9252,"2014-03-16",1935,"18937",,"2","7","0","3",,"2","070","-","N",,0,0,,,0,,,,"N",2,"A","-",22450,"A","N","A","H","-","B","A","0","Y","L","04",0,1,0,0,0,0,1,0,0,"-","-","SACRAMENTO","SACRAMENTO","CA",-121.45753,38.53708
"6450877",0,0,2014,"3400","4","5","2","07",0,1,"A",,,"Y",,,1500,3,"B","C","A","POWER INN RD","TRAIL WOODS DR",291,"N","N","2014-07-03",9252,"2014-03-14",1325,"014699",,"1","9","0","2",,"2","073","-","N",,0,0,,,0,,,,"Y",2,"A","-",21658,"A","N","A","H","-","A","D","0","Y","A","01",1,0,0,0,0,0,0,0,1,"-","-","UNINCORPORATED","SACRAMENTO","CA",-121.4088,38.4797
"6450876",-121.4839466,38.5613288,2014,"3404","2","6","3","03",0,1,"A",,,,,,600,3,"D","C","A","RT 50","22ND ST",160,"W","N","2016-01-27",9252,"2014-03-15",546,"017663",,"3","7","0","1",,"2","150","-","Y","SAC",3,50,"-","L",1.86,"H","-","W","Y",2,"A","-",22350,,"N","A","H","-","C","D","1","Y","A","01",0,1,0,0,0,0,0,0,0,"-","-","SACRAMENTO","SACRAMENTO","CA",-121.4839,38.56067
"6450875",-121.50509,38.5804928,2014,"3404","1","5","3","00",0,1,"A",,,"Y",,,1800,3,"C","C","A","RT 5","CAPITOL MALL",100,"N","N","2016-02-26",9252,"2014-03-21",1655,"018159",,"2","7","0","1",,"2","108","-","Y","SAC",3,5,"-","-",23.45,"H","-","S","N",2,"D","-",0,,"N","A","H","-","A","D","1","Y","-","-",0,1,0,0,0,0,0,0,1,"-","-","SACRAMENTO","SACRAMENTO","CA",-121.5058,38.57997
"6450874",-121.5012424,38.5656489,2014,"3404","2","2","4","03",0,1,"A",,,,,,900,3,"C","C","A","RT 50","8TH ST",30,"E","N","2016-01-27",9252,"2014-03-18",640,"014512",,"1","7","0","1",,"2","150","-","Y","SAC",3,50,"-","L",0.823,"H","-","E","N",4,"A","-",22350,,"N","A","H","-","B","D","1","Y","A","01",0,0,1,0,0,0,0,0,0,"-","-","SACRAMENTO","SACRAMENTO","CA",-121.50396,38.56637
"6450873",-121.5112331,38.5685851,2014,"3404","2","2","4","09",0,1,"A",,,,,,1800,3,"B","C","A","RT 50","5TH ST",50,"W","N","2016-01-27",9252,"2014-03-18",1610,"015718",,"2","7","0","1",,"2","150","-","Y","SAC",3,50,"-","L",0.432,"R","3","W","Y",2,"A","-",21453,"B","N","A","H","-","A","A","1","Y","A","01",0,0,1,0,0,0,0,0,0,"FR","-","SACRAMENTO","SACRAMENTO","CA",-121.50055,38.56775
"6450872",-121.5201327,38.527473,2014,"3404","1","2","4","03",0,1,"A",,,,,,2100,3,"C","C","A","RT 5","SEAMAS AV",400,"N","N","2015-11-14",9252,"2014-03-18",1815,"014296",,"2","7","0","1",,"2","107","-","Y","SAC",3,5,"-","-",19.41,"H","-","S","Y",4,"A","-",22350,,"N","A","H","-","A","D","1","Y","A","01",0,0,1,0,0,0,0,0,0,"-","-","SACRAMENTO","SACRAMENTO","CA",-121.52133,38.52612
"6450871",-121.51692,38.5348158,2014,"3404","1","7","2","01",0,1,"A",,,,,"Y",1500,3,"E","I","A","RT 5","25TH AV",1000,"N","N","2015-11-14",9252,"2014-03-16",1310,"017522",,"1","7","0","1",,"2","107","-","Y","SAC",3,5,"-","-",19.99,"H","-","S","Y",1,"A","-",23152,"A","N","A","H","-","A","D","1","Y","A","07",1,0,0,0,0,0,0,0,0,"-","-","SACRAMENTO","SACRAMENTO","CA",-121.51688,38.53459
"6450459",-121.4290338,38.496036,2014,"3400","4","6","4","03",0,1,"A",,,,,,1500,4,"C","C","A","STOCKTON BL","FLORIN RD",80,"S","N","2014-07-12",9252,"2014-04-05",1330,"015342",,"1","9","0","2",,"2","073","-","N",,0,0,,,0,,,,"N",2,"A","-",22350,,"M","A","H","-","A","A","0","Y","A","01",0,0,1,0,0,0,0,0,0,"-","-","UNINCORPORATED","SACRAMENTO","CA",-121.42899,38.49576
"6450456",-121.4420966,38.4925619,2014,"3404","3","1","4","07",0,2,"A",,,,,,1200,4,"B","C","A","RT 99","FLORIN RD",1056,"S","N","2015-11-20",9252,"2014-04-07",900,"018140",,"1","7","0","1",,"2","192","-","Y","SAC",3,99,"-","-",19.41,"H","-","N","N",3,"A","-",21658,"A","F","A","H","-","A","D","1","Y","A","08",0,0,2,0,0,0,0,0,0,"-","-","SACRAMENTO","SACRAMENTO","CA",0,0
"6450455",-121.4553731,38.515965,2014,"3400","4","1","4","12",0,1,"A",,,,,,900,4,"D","C","A","44TH ST","41ST AV",0,,"Y","2014-07-12",9252,"2014-04-07",755,"013720",,"1","9","0","2",,"1","071","-","N",,0,0,,,0,,,,"Y",2,"A","-",22450,"A","N","A","H","-","A","A","0","Y","A","07",0,0,1,0,0,0,0,0,0,"-","-","UNINCORPORATED","SACRAMENTO","CA",-121.45525,38.51594
"6450452",-121.4998731,38.5655751,2014,"3404","2","1","4","03",0,1,"A",,,,,,1800,4,"C","C","A","RT 50","10TH ST",200,"E","N","2016-02-17",9252,"2014-04-07",1655,"013732",,"2","7","0","1",,"2","150","-","Y","SAC",3,50,"-","L",1.03,"H","-","W","Y",2,"A","-",22350,,"N","A","H","-","A","D","1","Y","A","01",0,0,1,0,0,0,0,0,0,"-","-","SACRAMENTO","SACRAMENTO","CA",-121.49913,38.56533
"6450448",-121.4735453,38.3604777,2014,"3400","1","1","4","03",0,1,"A",,,,,,2100,4,"C","C","A","RT 5","HOOD FRANKLIN RD",5280,"S","N","2016-03-28",9252,"2014-04-07",2000,"012717",,"2","9","0","1",,"2","105","-","Y","SAC",3,5,"-","-",7.49,"H","-","N","N",3,"A","-",22350,,"N","A","H","-","D","D","1","Y","A","01",0,0,1,0,0,0,0,0,0,"-","-","UNINCORPORATED","SACRAMENTO","CA",-121.47093,38.34515
"6450444",-121.3825117,38.5585195,2014,"3404","2","2","4","03",0,1,"A",,,,,,900,4,"C","C","A","RT 50","WATT AV",120,"W","N","2016-03-26",9252,"2014-04-08",850,"014288",,"1","7","0","1",,"2","151","-","Y","SAC",3,50,"-","R",5.32,"H","-","W","Y",5,"A","-",22350,,"N","A","H","-","A","D","1","Y","A","01",0,0,1,0,0,0,0,0,0,"-","-","SACRAMENTO","SACRAMENTO","CA",-121.38176,38.35585
"6450443",-121.3903,38.4741398,2014,"3400","4","2","4","01",0,2,"A",,,,,,1200,4,"A","C","A","COTTONWOOD LN","ELSIE AV",65,"S","N","2014-07-12",9252,"2014-04-15",1133,"017325",,"1","9","0","2",,"2","073","-","N",,0,0,,,0,,,,"Y",2,"A","-",23152,"E","N","A","H","-","A","D","0","Y","A","01",0,0,2,0,0,0,0,0,0,"-","-","UNINCORPORATED","SACRAMENTO","CA",-121.39041,38.47407
"6450440",-121.5045273,38.5668057,2014,"3404","2","3","3","08",0,2,"A",,,,,,2100,4,"E","I","A","RT 50","6TH ST",72,"W","N","2016-02-17",9252,"2014-04-09",1842,"017293",,"2","7","0","1",,"2","150","-","Y","SAC",3,50,"-","L",0.65,"H","-","W","Y",2,"A","-",22107,,"N","A","H","-","A","D","1","Y","A","01",0,1,1,0,0,0,0,0,0,"-","-","SACRAMENTO","SACRAMENTO","CA",-121.50559,38.56711
"6450436",-121.73431,38.0731339,2014,"3400","3","3","4","08",0,1,"A",,,,,,1500,4,"F","A","A","RT 160","SHERMAN ISLAND RD",2640,"S","N","2016-03-28",9252,"2014-04-09",1300,"012096",,"1","9","0","1",,"1","161","-","Y","SAC",3,160,"-","L",6.46,"H","-","S","Y",1,"A","-",22107,,"N","A","H","-","A","D","0","Y","A","07",0,0,1,0,0,0,0,0,0,"-","-","UNINCORPORATED","SACRAMENTO","CA",-121.70613,38.09367
"6450432",-121.5861431,38.1285351,2014,"3400","5","3","3","08",0,1,"A",,,"Y",,,1200,4,"A","C","A","BRANNAN ISLAND RD","RT 12",150,"N","N","2016-03-28",9252,"2014-04-09",1030,"012096",,"1","9","0","3",,"2","090","-","Y","SAC",3,12,"-","-",5.845,"I","6","W","Y",2,"A","-",22107,,"N","A","H","-","A","D","0","Y","C","02",0,1,0,0,0,0,0,0,1,"-","-","UNINCORPORATED","SACRAMENTO","CA",-121.58125,38.12724
"6450428",-121.4090331,38.5016185,2014,"3400","4","2","4","03",0,1,"A",,,,,,900,4,"C","C","A","POWER INN RD","JUNIPERO ST",250,"S","N","2014-07-12",9252,"2014-04-08",845,"018140",,"1","9","0","2",,"2","073","-","N",,0,0,,,0,,,,"N",3,"A","-",22350,,"N","A","H","-","A","D","0","Y","A","01",0,0,1,0,0,0,0,0,0,"-","-","UNINCORPORATED","SACRAMENTO","CA",-121.40893,38.80254
"6450425",-121.429087,38.4963401,2014,"3400","4","6","4","03",0,1,"A",,,,,,1200,4,"C","C","A","STOCKTON BL","FLORIN RD",200,"S","N","2015-03-05",9252,"2014-04-05",1145,"18787",,"1","9","0","2",,"2","073","-","N",,0,0,,,0,,,,"N",2,"A","-",22350,,"N","A","H","-","A","A","0","Y","A","07",0,0,1,0,0,0,0,0,0,"-","-","UNINCORPORATED","SACRAMENTO","CA",-121.29189,38.38218
"6450424",-121.4214195,38.4796652,2014,"3400","4","3","3","02",0,1,"A","Y",,,,"Y",2400,4,"G","B","D","STOCKTON BL","MASSIE CT",295,"N","N","2014-07-12",9252,"2014-04-09",2143,"18139",,"2","9","0","2",,"2","073","-","N",,0,0,,,0,,,,"N",2,"A","-",21654,"A","N","A","H","-","C","D","0","Y","N","60",0,1,0,0,1,0,0,0,0,"-","-","UNINCORPORATED","SACRAMENTO","CA",-121.4202,38.4768
"6450420",-121.4424967,38.4962269,2014,"3400","4","4","4","07",0,1,"A",,,,,,1800,4,"B","C","A","FLORIN RD","55TH AV",270,"W","N","2014-07-12",9252,"2014-04-10",1600,"018782",,"2","9","0","2",,"2","073","-","N",,0,0,,,0,,,,"N",2,"A","-",21658,"A","N","A","H","-","A","D","0","Y","A","01",0,0,1,0,0,0,0,0,0,"-","-","UNINCORPORATED","SACRAMENTO","CA",-121.44258,38.49604
"6450408",0,0,2014,"3400","5","4","4","08",0,1,"A",,,,,,2400,4,"F","A","A","KOST RD","NEW HOPE RD",500,"E","N","2014-07-12",9252,"2014-04-03",2145,"019040",,"2","9","0","3",,"2","080","-","N",,0,0,,,0,,,,"Y",1,"A","-",22107,,"N","A","H","-","D","D","0","Y","A","07",0,0,1,0,0,0,0,0,0,"-","-","UNINCORPORATED","SACRAMENTO","CA",-121.3659,38.2402
"6450404",-121.4255318,38.4885411,2014,"3400","4","3","4","03",0,2,"-",,,,,,1800,4,"C","C","A","STOCKTON BL","ORANGE AV",90,"S","N","2014-07-12",9252,"2014-04-09",1550,"016747",,"2","9","0","2",,"2","073","-","N",,0,0,,,0,,,,"Y",4,"A","-",22350,,"N","A","H","-","A","A","0","Y","A","01",0,0,2,0,0,0,0,0,0,"-","-","UNINCORPORATED","SACRAMENTO","CA",-121.42565,38.48871
"6450269",-121.4703964,38.5663018,2014,"3404","3","5","4","03",0,3,"A",,,,,,1500,4,"C","C","A","RT 51","P ST",300,"S","N","2016-03-25",9252,"2014-04-11",1250,"018787",,"1","7","0","1",,"2","193","-","Y","SAC",3,51,"-","-",0.54,"H","-","S","N",2,"A","-",22350,,"N","A","H","-","A","A","1","Y","D","22",0,0,3,0,0,0,0,0,0,"-","-","SACRAMENTO","SACRAMENTO","CA",-121.68207,38.45727
"6450239",-121.4630931,38.5166751,2014,"3404","3","3","3","01",0,1,"A",,,,,"Y",2400,4,"C","C","A","RT 99","35TH AV",62,"S","N","2015-11-20",9252,"2014-04-02",2215,"017048",,"3","7","0","1",,"2","192","-","Y","SAC",3,99,"-","-",21.437,"R","1","N","Y",2,"A","-",23152,"A","M","A","H","-","C","A","1","Y","D","22",0,1,0,0,0,0,0,0,0,"TO","-","SACRAMENTO","SACRAMENTO","CA",-121.46455,37.52146
"6450223",-121.5093468,38.5461717,2014,"3404","1","5","4","07",0,1,"A",,,,"Y",,900,4,"C","C","A","RT 5","LAND PARK",200,"N","N","2016-03-26",9252,"2014-04-11",600,"018073",,"1","7","0","1",,"2","107","-","Y","SAC",3,5,"-","-",20.86,"H","-","S","Y",2,"A","-",21658,"A","N","A","H","-","D","D","1","Y","A","01",0,0,1,0,0,0,0,0,0,"-","-","SACRAMENTO","SACRAMENTO","CA",-121.5093,38.5446
"6450220",-121.4511385,38.4961981,2014,"3400","4","4","4","07",0,1,"A",,,,,,900,4,"B","C","A","FLORIN RD","EAST PKWY",50,"E","N","2014-07-10",9252,"2014-04-03",710,"013720",,"1","9","0","2",,"1","072","-","N",,0,0,,,0,,,,"N",3,"A","-",21658,"A","N","A","H","-","A","D","0","Y","A","01",0,0,1,0,0,0,0,0,0,"-","-","UNINCORPORATED","SACRAMENTO","CA",-121.45047,38.4959
"6450219",-121.4605237,38.5838408,2014,"3404","3","5","4","03",0,2,"B",,,,,,1800,4,"C","C","A","RT 51","E ST",2112,"N","N","2016-03-28",9252,"2014-04-11",1530,"018159",,"2","7","0","1",,"2","193","-","Y","SAC",3,51,"-","-",1.87,"H","-","N","Y",3,"A","-",22350,,"N","A","H","-","A","D","1","Y","D","22",0,0,2,0,0,0,0,0,0,"-","-","SACRAMENTO","SACRAMENTO","CA",-121.46255,38.58231
"6450212",-121.4588731,38.524965,2014,"3400","4","7","4","12",0,1,"A",,,,,,1500,4,"D","C","A","42ND ST","FRUITRIDGE RD",0,,"Y","2015-03-04",9252,"2014-04-06",1225,"18787",,"1","9","0","2",,"1","071","-","N",,0,0,,,0,,,,"Y",2,"A","-",21453,"A","N","A","H","-","A","D","0","Y","A","01",0,0,1,0,0,0,0,0,0,"-","-","UNINCORPORATED","SACRAMENTO","CA",-121.38271,38.38281
"6450200",-121.3347997,38.481873,2014,"3400","5","5","4","09",0,2,"A",,,,,,2100,3,"D","C","A","BRADSHAW RD","GERBER RD",83,"N","N","2014-07-07",9252,"2014-03-28",1933,"014833",,"2","9","0","3",,"2","074","B","N",,0,0,,,0,,,,"Y",2,"A","-",21804,"A","N","A","H","-","C","A","0","Y","A","07",0,0,2,0,0,0,0,0,0,"-","-","UNINCORPORATED","SACRAMENTO","CA",-121.3348,38.48165