"CASEID","POINT_X","POINT_Y","YEAR_","LOCATION","CHPTYPE","DAYWEEK","CRASHSEV","VIOLCAT","KILLED","INJURED","WEATHER1","PEDCOL","BICCOL","MCCOL","TRUCKCOL","ETOH","TIMECAT","MONTH_","CRASHTYP","INVOLVE","PED","PRIMARYRD","SECONDRD","DISTANCE","DIRECT","INTERSECT_","PROCDATE","JURIS","DATE_","TIME_","BADGE","JURIDIST","SHIFT","POP","SPECIAL","BEATTYPE","LAPDDIV","BEATCLAS","BEATNUMB","WEATHER2","STATEHW","CALTRANC","CALTRAND","STROUTE","ROUTESUF","POSTPRE","POSTMILE","LOCATYPE","RAMP","SIDEHW","TOWAWAY","PARTIES","PCF","VIOLCODE","VIOL","VIOLSUB","HITRUN","ROADSURF","RDCOND1","RDCOND2","LIGHTING","RIGHTWAY","CHPRDTYP","NOTPRIV","STFAULT","CHPFAULT","SEVINJ","OTHERINJ","COP","PEDKILL","PEDINJ","BICKILL","BICINJ","MCKILL","MCINJURE","RAMP1","RAMP2","CITY","COUNTY","STATE","X_CHP","Y_CHP"
"6420453",-121.2904084,38.7151929,2014,"3496","0","5","4","09",0,1,"A",,,,,,1800,3,"D","C","A","AUBURN BL","WALNUT DR",174,"N","N","2014-06-23",3496,"2014-03-14",1542,"134",,"5","5","0","0",,"0",,"-","N",,0,0,,,0,,,,"N",2,"A","-",21801,"A","F","A","H","-","A","D","0","Y","A","01",0,0,1,0,0,0,0,0,0,"-","-","CITRUS HEIGHTS","SACRAMENTO","CA",0,0
"6420445",-121.2716339,38.6813039,2014,"3496","0","1","4","05",0,1,"C",,"Y",,,,2100,3,"D","G","A","SUNRISE BL","SUN HILL DR",15,"S","N","2014-06-20",3496,"2014-03-03",1940,"323",,"5","5","0","0",,"0","002","-","N",,0,0,,,0,,,,"N",2,"A","-",21202,"A","N","A","H","-","C","A","0","Y","L","04",0,0,1,0,0,0,1,0,0,"-","-","CITRUS HEIGHTS","SACRAMENTO","CA",0,0
"6420429",-121.488954,38.5504824,2014,"3404","0","3","4","03",0,2,"B",,,,,,1500,3,"E","I","A","FREEPORT BL","5TH AV",1,"S","N","2014-06-20",3404,"2014-03-26",1358,"0600",,"5","7","0","0",,"0",,"-","N",,0,0,,,0,,,,"Y",1,"A","-",22350,,"N","B","H","-","A","D","0","Y","A","01",0,0,2,0,0,0,0,0,0,"-","-","SACRAMENTO","SACRAMENTO","CA",0,0
"6420425",-121.4987331,38.5204651,2014,"3404","0","3","4","12",0,1,"A",,,,,,1800,3,"A","C","A","FREEPORT BL","35TH ST",0,,"Y","2015-08-12",3404,"2014-03-26",1544,"0721","4","5","7","0","0",,"0","04B","C","N",,0,0,,,0,,,,"N",2,"A","-",21453,"A","N","B","-","-","A","A","0","Y","A","01",0,0,1,0,0,0,0,0,0,"-","-","SACRAMENTO","SACRAMENTO","CA",0,0
"6420364",-121.4175331,38.464255,2014,"3404","0","3","4","08",0,1,"B",,,,,,1500,3,"D","C","A","BRUCEVILLE RD","HOSPITAL DR",0,,"Y","2014-07-08",3404,"2014-03-26",1202,"631","5","5","7","0","0",,"0","00C","C","N",,0,0,,,0,,,,"Y",2,"A","-",22107,,"N","B","H","-","A","A","0","Y","-","-",0,0,1,0,0,0,0,0,0,"-","-","SACRAMENTO","SACRAMENTO","CA",0,0
"6420360",-121.4803431,38.484535,2014,"3404","0","3","4","09",0,1,"B",,,,,,1500,3,"D","C","A","24TH ST","CASA LINDA DR",0,,"Y","2014-06-23",3404,"2014-03-26",1236,"0600",,"5","7","0","0",,"0",,"C","N",,0,0,,,0,,,,"Y",2,"A","-",21804,"A","N","B","H","-","A","A","0","Y","A","01",0,0,1,0,0,0,0,0,0,"-","-","SACRAMENTO","SACRAMENTO","CA",0,0
"6420044",-121.4164162,38.4961151,2014,"3404","5","2","3","05",0,1,"A",,"Y",,,,900,2,"H","G","A","FLORIN RD","PALMER HOUSE DR",2,"E","N","2015-08-12",9252,"2014-02-04",755,"18155",,"1","7","0","3",,"2","070","-","N",,0,0,,,0,,,,"N",2,"A","-",21202,"A","N","A","H","-","A","A","0","Y","L","04",0,1,0,0,0,0,1,0,0,"-","-","SACRAMENTO","SACRAMENTO","CA",-121.41628,38.49577
"6420004",0,0,2014,"3404","0","2","4","03",0,1,"A",,,,,"Y",1200,2,"C","C","A","BRUCEVILLE RD","IMAGINATION PKWY",164,"S","N","2015-01-29",3404,"2014-02-11",1157,"365","P5","5","7","0","0",,"0","05C","-","N",,0,0,,,0,,,,"Y",2,"A","-",22350,,"N","A","H","-","A","D","0","Y","A","01",0,0,1,0,0,0,0,0,0,"-","-","SACRAMENTO","SACRAMENTO","CA",0,0
"6420000",-121.4819431,38.5608251,2014,"3404","3","4","4","03",0,1,"B",,,,,,1200,2,"E","I","A","RT 51","27TH ST",100,"W","N","2016-01-27",9252,"2014-02-06",915,"014512",,"1","7","0","1",,"2","193","C","Y","SAC",3,50,"-","L",2.013,"R","2","W","Y",1,"A","-",22350,,"N","B","H","-","A","D","1","Y","A","01",0,0,1,0,0,0,0,0,0,"TO","-","SACRAMENTO","SACRAMENTO","CA",-121.47728,38.55981
"6419996",-121.4730531,38.5600251,2014,"3404","3","4","4","03",0,1,"B",,,,,,900,2,"C","C","A","RT 51","34TH ST",2640,"W","N","2016-01-27",9252,"2014-02-06",730,"018575",,"1","7","0","1",,"2","193","-","Y","SAC",3,51,"-","-",0.093,"R","1","S","N",2,"A","-",22350,,"N","B","H","-","A","D","1","Y","A","08",0,0,1,0,0,0,0,0,0,"TO","-","SACRAMENTO","SACRAMENTO","CA",-121.46412,38.56075
"6419994",-121.5038052,38.5964222,2014,"3404","1","6","3","01",0,1,"A",,,,,"Y",1500,2,"E","I","A","RT 5","RICHARDS BL",40,"S","N","2015-11-14",9252,"2014-02-01",1330,"18073",,"1","7","0","1",,"2","108","-","Y","SAC",3,5,"-","-",24.64,"H","-","N","Y",2,"A","-",23152,"A","N","A","H","-","A","D","1","Y","A","01",0,1,0,0,0,0,0,0,0,"-","-","SACRAMENTO","SACRAMENTO","CA",-121.50388,38.59685
"6419992",-121.4121151,38.4961151,2014,"3400","4","1","4","05",0,1,"A",,"Y",,,,1500,2,"H","G","A","FLORIN RD","FRANUSICH AV",12,"W","N","2014-06-13",9252,"2014-02-03",1442,"018243","2","2","9","0","2",,"2","073","-","N",,0,0,,,0,,,,"N",2,"A","-",21650,"1","N","A","H","-","A","D","0","Y","L","04",0,0,1,0,0,0,1,0,0,"-","-","UNINCORPORATED","SACRAMENTO","CA",-121.41222,38.49613
"6419991",-121.3868192,38.4235051,2014,"3450","0","5","4","-",0,6,"C",,,,,,2100,2,"D","C","A","BOND RD","ELK CREST DR",279,"E","N","2014-06-16",340,"2014-02-07",1822,"10527","3403","5","5","0","0",,"0","003","-","N",,0,0,,,0,,,,"Y",2,"A","-",0,,"F","B","H","-","C","D","0","Y","A","01",0,0,6,0,0,0,0,0,0,"-","-","ELK GROVE","SACRAMENTO","CA",0,0
"6419988",-121.4087849,38.48333,2014,"3400","4","6","3","01",0,1,"A",,,,,"Y",300,2,"E","I","A","POWER INN RD","MACFADDEN DR",82,"S","N","2014-06-13",9252,"2014-02-01",212,"018435",,"3","9","0","2",,"2","073","-","N",,0,0,,,0,,,,"Y",1,"A","-",23152,"A","N","A","H","-","C","D","0","Y","A","01",0,1,0,0,0,0,0,0,0,"-","-","UNINCORPORATED","SACRAMENTO","CA",-121.4089,38.48346
"6419987",0,0,2014,"3450","0","6","3","09",0,3,"A",,,,,,1800,2,"D","D","A","SNOWY EGRET WY","NIGHT HERON WY",1,"W","N","2014-06-13",340,"2014-02-01",1747,"10464","1301","5","5","0","0",,"0","001","-","N",,0,0,,,0,,,,"Y",2,"A","-",21801,"A","N","A","H","-","C","D","0","Y","A","01",0,1,2,0,0,0,0,0,0,"-","-","ELK GROVE","SACRAMENTO","CA",0,0
"6419984",-121.4823843,38.5606177,2014,"3404","2","2","4","03",0,1,"A",,,,,,1800,2,"C","C","A","RT 50","24TH ST",50,"W","N","2016-01-27",9252,"2014-02-04",1530,"013732",,"2","7","0","1",,"2","150","-","Y","SAC",3,50,"-","L",2.03,"H","-","E","Y",2,"A","-",22350,,"N","A","H","-","A","D","1","Y","A","01",0,0,1,0,0,0,0,0,0,"-","-","SACRAMENTO","SACRAMENTO","CA",-121.48126,38.56015
"6419983",0,0,2014,"3450","0","4","4","09",0,1,"C",,,,,,900,2,"E","I","A","BILBY RD","GILLIAM DR",37,"W","N","2014-06-13",340,"2014-02-06",613,"10009","1","5","5","0","0",,"0",,"-","N",,0,0,,,0,,,,"Y",2,"A","-",21801,"B","N","B","H","-","C","D","0","Y","-",,0,0,1,0,0,0,0,0,0,"-","-","ELK GROVE","SACRAMENTO","CA",0,0
"6419979",-121.390243,38.4235951,2014,"3450","0","3","4","22",0,1,"A",,,,,,1800,2,"A","C","A","BOND RD","E STOCKTON BL",0,,"Y","2014-06-13",340,"2014-02-05",1556,"10064","5101","5","5","0","0",,"0","005","-","N",,0,0,,,0,,,,"Y",2,"B","-",0,,"N","A","H","-","A","A","0","Y","-","-",0,0,1,0,0,0,0,0,0,"-","-","ELK GROVE","SACRAMENTO","CA",0,0
"6419978",-121.3845247,38.5583043,2014,"3404","2","1","4","03",0,1,"A",,,,,,2100,2,"C","C","A","RT 50","WATT AV",200,"W","N","2016-01-27",9252,"2014-02-03",1915,"13823",,"2","7","0","1",,"2","151","-","Y","SAC",3,50,"-","R",5.26,"H","-","W","Y",2,"A","-",22350,,"N","A","H","-","C","D","1","Y","A","01",0,0,1,0,0,0,0,0,0,"-","-","SACRAMENTO","SACRAMENTO","CA",-121.54347,38.49347
"6419976",-121.4756632,38.605285,2014,"3404","0","2","3","09",0,2,"A",,,,,,2400,2,"A","C","A","ARDEN GARDEN CONNECTOR","NORTHGATE BL",0,,"Y","2014-06-13",3404,"2014-02-11",2333,"0904","1","5","7","0","0",,"0","01C","-","N",,0,0,,,0,,,,"Y",2,"A","-",21453,"C","N","A","H","-","C","A","0","Y","A","01",0,1,1,0,0,0,0,0,0,"-","-","SACRAMENTO","SACRAMENTO","CA",0,0
"6419975",0,0,2014,"3450","0","1","4","08",0,1,"B",,,,,,1500,2,"D","C","A","LILYPAD LN","DANDELION DR",15,"N","N","2014-06-13",340,"2014-02-10",1227,"10067","3102","5","5","0","0",,"0","003","-","N",,0,0,,,0,,,,"N",2,"A","-",22107,,"N","A","H","-","A","D","0","Y","A","01",0,0,1,0,0,0,0,0,0,"-","-","ELK GROVE","SACRAMENTO","CA",0,0
"6419974",-121.4740374,38.5471049,2014,"3404","3","6","3","03",0,1,"A",,,"Y",,,2100,2,"C","C","A","RT 99","BROADWAY",100,"S","N","2015-11-14",9252,"2014-02-01",1945,"19040",,"2","7","0","1",,"2","193","-","Y","SAC",3,99,"-","-",23.89,"H","-","S","Y",2,"A","-",22350,,"N","A","H","-","C","D","1","Y","C","02",0,1,0,0,0,0,0,0,1,"-","-","SACRAMENTO","SACRAMENTO","CA",-121.47401,38.55138
"6419972",-121.492413,38.485435,2014,"3404","0","3","4","11",0,1,"A","Y",,,,,2100,2,"A","B","E","21ST ST","MATSON DR",0,,"Y","2014-06-13",3404,"2014-02-12",1816,"0225","5","5","7","0","0",,"0",,"-","N",,0,0,,,0,,,,"N",2,"A","-",21955,,"N","A","H","-","D","D","0","Y","N","60",0,0,1,0,1,0,0,0,0,"-","-","SACRAMENTO","SACRAMENTO","CA",0,0
"6419970",-121.464012,38.5803818,2014,"3404","3","6","3","03",0,2,"A",,,,,,1500,2,"C","C","A","RT 51","E ST",500,"N","N","2016-03-03",9252,"2014-02-01",1425,"19040",,"2","7","0","1",,"2","193","-","Y","SAC",3,51,"-","-",1.56,"H","-","N","N",2,"A","-",22350,,"F","A","H","-","A","D","1","Y","A","01",0,2,0,0,0,0,0,0,0,"-","-","SACRAMENTO","SACRAMENTO","CA",-121.46435,38.57949
"6419968",-121.492433,38.561575,2014,"3404","0","5","3","09",0,1,"B",,,"Y",,,1500,2,"D","C","A","16TH ST","BROADWAY",0,,"Y","2014-06-13",3404,"2014-02-14",1427,"732","4","5","7","0","0",,"0","00A","-","N",,0,0,,,0,,,,"N",2,"A","-",21804,"A","N","A","H","-","A","D","0","Y","A","01",0,1,0,0,0,0,0,0,1,"-","-","SACRAMENTO","SACRAMENTO","CA",0,0
"6419966",-121.4509231,38.5855051,2014,"3404","3","6","4","18",0,1,"A",,,,,,300,2,"E","I","A","RT 51","ELVAS AV",25,"S","N","2015-11-19",9252,"2014-02-01",120,"18261",,"3","7","0","1",,"2","193","-","Y","SAC",3,51,"-","-",2.42,"H","-","S","Y",1,"C","-",0,,"N","A","H","-","C","D","1","Y","-","-",0,0,1,0,0,0,0,0,0,"-","-","SACRAMENTO","SACRAMENTO","CA",-121.45471,38.58518
"6419964",-121.4133731,38.572045,2014,"3404","0","5","4","01",0,2,"B",,,,,"Y",2100,2,"C","C","A","HOWE AV","UNIVERSITY AV",0,,"Y","2014-06-20",3404,"2014-02-14",1841,"346","6","5","7","0","0",,"0","00D","-","N",,0,0,,,0,,,,"Y",2,"A","-",23153,,"N","A","H","-","C","A","0","Y","A","01",0,0,2,0,0,0,0,0,0,"-","-","SACRAMENTO","SACRAMENTO","CA",0,0
"6419962",-121.3277114,38.3259361,2014,"3404","3","7","4","08",0,1,"B",,,,,,2100,2,"E","I","A","RT 99","STOCKTON BL",365,"N","N","2014-06-13",9252,"2014-02-02",2000,"18937",,"2","7","0","1",,"2","191","-","Y",,0,0,,,0,,,,"Y",1,"A","-",22107,,"N","B","H","-","C","D","0","Y","A","01",0,0,1,0,0,0,0,0,0,"-","-","SACRAMENTO","SACRAMENTO","CA",-121.41895,38.47092
"6419960",-121.4133731,38.572045,2014,"3404","0","5","4","03",0,2,"B",,,,,,1500,2,"C","C","A","HOWE AV","UNIVERSITY AV",0,,"Y","2014-06-13",3404,"2014-02-14",1224,"0842","6","5","7","0","0",,"0","00D","-","N",,0,0,,,0,,,,"N",2,"A","-",22350,,"N","A","H","-","A","D","0","Y","A","01",0,0,2,0,0,0,0,0,0,"-","-","SACRAMENTO","SACRAMENTO","CA",0,0
"6419952",-121.473043,38.565065,2014,"3404","0","7","3","09",0,1,"C",,,,,"Y",300,2,"D","C","A","28TH ST","R ST",0,,"Y","2014-06-13",3404,"2014-02-09",105,"0587",,"5","7","0","0",,"0","03B","-","N",,0,0,,,0,,,,"Y",2,"A","-",21801,"A","N","B","H","-","C","A","0","Y","A","01",0,1,0,0,0,0,0,0,0,"-","-","SACRAMENTO","SACRAMENTO","CA",0,0
"6419948",-121.5253006,38.5179115,2014,"3404","0","3","3","-",0,3,"A",,,,,,2100,2,"E","I","A","RIVERSIDE BL","43RD AV",1320,"N","N","2014-06-13",3404,"2014-02-12",1940,"0596",,"5","7","0","0",,"0","04C","-","N",,0,0,,,0,,,,"Y",3,"A","-",0,,"N","A","H","-","D","D","0","Y","-",,0,2,1,0,0,0,0,0,0,"-","-","SACRAMENTO","SACRAMENTO","CA",0,0
"6419944",-121.450453,38.474375,2014,"3404","0","6","4","12",0,1,"C",,,,,,1500,2,"D","C","A","FRANKLIN BL","MACK RD",0,,"Y","2014-07-17",3404,"2014-02-08",1217,"719","5","5","7","0","0",,"0","00B","-","N",,0,0,,,0,,,,"Y",3,"A","-",21453,"A","N","B","H","-","A","A","0","Y","A","01",0,0,1,0,0,0,0,0,0,"-","-","SACRAMENTO","SACRAMENTO","CA",0,0
"6419940",-121.4919431,38.562665,2014,"3404","0","6","4","-",0,2,"B",,,,,,1500,2,"D","C","A","16TH ST","X ST",0,,"Y","2014-06-13",3404,"2014-02-15",1307,"0240",,"5","7","0","0",,"0","04A","-","N",,0,0,,,0,,,,"Y",2,"A","-",0,,"N","A","H","-","A","A","0","Y","A","01",0,0,2,0,0,0,0,0,0,"-","-","SACRAMENTO","SACRAMENTO","CA",0,0
"6419932",-121.467277,38.5758021,2014,"3404","0","2","4","07",0,1,"A",,"Y",,,,1800,2,"B","G","A","H ST","29TH ST",106,"W","N","2014-06-13",3404,"2014-02-11",1713,"300","3","5","7","0","0",,"0","03B","-","N",,0,0,,,0,,,,"N",2,"A","-",21658,"A","N","A","H","-","A","D","0","Y","A","01",0,0,1,0,0,0,1,0,0,"-","-","SACRAMENTO","SACRAMENTO","CA",0,0
"6419928",-121.4852431,38.578105,2014,"3404","0","2","3","08",0,1,"A",,"Y",,,"Y",2400,2,"G","G","A","16TH ST","J ST",0,,"Y","2014-06-13",3404,"2014-02-04",2325,"0216",,"5","7","0","0",,"0","03M","-","N",,0,0,,,0,,,,"N",2,"A","-",22107,,"N","A","H","-","C","D","0","Y","A","01",0,1,0,0,0,0,1,0,0,"-","-","SACRAMENTO","SACRAMENTO","CA",0,0
"6419905",-121.4258111,38.4770028,2014,"3400","3","2","4","08",0,1,"A",,,,,,1200,3,"D","C","A","RT 99","MACK RD",1250,"N","N","2014-06-23",9252,"2014-03-18",930,"014977",,"1","9","0","1",,"2","192","-","Y",,0,0,,,0,,,,"N",2,"A","-",22107,,"N","A","H","-","A","D","0","Y","A","01",0,0,1,0,0,0,0,0,0,"-","-","UNINCORPORATED","SACRAMENTO","CA",-121.425,38.476
"6419901",-121.4671864,38.523821,2014,"3404","3","2","4","08",0,1,"A",,,,,,1500,3,"E","I","A","RT 99","FRUITRIDGE RD",448,"S","N","2014-06-23",9252,"2014-03-18",1440,"018782",,"2","7","0","1",,"2","192","-","Y",,0,0,,,0,,,,"Y",1,"A","-",22107,,"N","A","H","-","A","D","0","Y","D","22",0,0,1,0,0,0,0,0,0,"-","-","SACRAMENTO","SACRAMENTO","CA",-121.46434,38.51832
"6419835",-121.4554731,38.496165,2014,"3400","4","2","4","08",0,1,"A",,,,,,1200,3,"A","C","A","FLORIN RD","BOWLING DR",0,,"Y","2014-06-23",9252,"2014-03-11",1050,"015342",,"1","9","0","2",,"1","072","-","N",,0,0,,,0,,,,"Y",2,"A","-",22107,,"N","A","H","-","A","A","0","Y","A","07",0,0,1,0,0,0,0,0,0,"-","-","UNINCORPORATED","SACRAMENTO","CA",-121.45547,38.496
"6419831",-121.3824631,38.4960957,2014,"3404","4","7","4","08",0,1,"A",,,,,,300,3,"A","E","A","FLETCHER FARMS DR","FLORIN RD",22,"S","N","2014-06-23",9252,"2014-03-16",242,"018974",,"3","7","0","2",,"2","073","-","N",,0,0,,,0,,,,"Y",2,"A","-",22107,,"M","A","H","-","C","D","0","Y","A","07",0,0,1,0,0,0,0,0,0,"-","-","SACRAMENTO","SACRAMENTO","CA",-121.38276,38.49478
"6419819",-121.3373718,38.2909552,2014,"3400","5","6","4","09",0,3,"A",,,,,,1200,3,"A","C","A","TWIN CITIES RD","CHRISTENSEN RD",9,"E","N","2014-07-09",9252,"2014-03-15",1040,"018575",,"1","9","0","3",,"2","080","-","N",,0,0,,,0,,,,"Y",2,"A","-",21801,"A","N","A","H","-","A","D","0","Y","D","22",0,0,3,0,0,0,0,0,0,"-","-","UNINCORPORATED","SACRAMENTO","CA",-121.33763,38.29088
"6419815",-121.438203,38.510495,2014,"3400","4","3","2","12",0,1,"A",,,"Y",,,2100,3,"D","C","A","47TH AV","WIRE DR",0,,"Y","2014-06-23",9252,"2014-03-12",1902,"016747",,"2","9","0","2",,"1","072","-","N",,0,0,,,0,,,,"Y",3,"A","-",21453,"A","N","A","H","-","C","A","0","Y","C","02",1,0,0,0,0,0,0,0,1,"-","-","UNINCORPORATED","SACRAMENTO","CA",-121.43805,38.51041
"6419791",0,0,2014,"3400","3","3","2","08",0,4,"A",,,,,,900,3,"E","I","A","RT 99","DILLARD RD",8976,"N","N","2014-06-23",9252,"2014-03-05",810,"014977",,"1","9","0","1",,"2","190","-","Y",,0,0,,,0,,,,"Y",1,"A","-",22107,,"N","A","H","-","A","D","0","Y","D","22",1,1,2,0,0,0,0,0,0,"-","-","UNINCORPORATED","SACRAMENTO","CA",-121.33997,38.3519
"6419787",-121.4112373,38.4580875,2014,"3400","3","6","4","03",0,1,"A",,,,"Y",,1200,3,"C","C","A","RT 99","CALVINE RD",500,"N","N","2014-06-26",9252,"2014-03-15",1015,"017939",,"1","9","0","1",,"2","191","-","Y",,0,0,,,0,,,,"Y",2,"A","-",22350,,"N","A","H","-","A","D","0","Y","G","25",0,0,1,0,0,0,0,0,0,"-","-","UNINCORPORATED","SACRAMENTO","CA",-121.41224,38.45912
"6419783",-121.401903,38.4378951,2014,"3404","3","4","4","03",0,1,"A",,,,,,1200,3,"C","C","A","RT 99","SHELDON RD",0,,"Y","2014-06-23",9252,"2014-03-06",940,"015006",,"1","7","0","1",,"2","191","-","Y",,0,0,,,0,,,,"Y",3,"A","-",22350,,"N","A","H","-","A","D","0","Y","A","01",0,0,1,0,0,0,0,0,0,"-","-","SACRAMENTO","SACRAMENTO","CA",-121.1259,38.2304
"6419776",-121.4453564,38.4850745,2014,"3400","4","4","3","03",0,1,"A",,,"Y",,,1500,3,"E","I","A","CENTER PKWY","SOUTH PKWY",170,"N","N","2014-06-23",9252,"2014-03-06",1220,"013815",,"1","9","0","2",,"1","072","-","N",,0,0,,,0,,,,"N",2,"A","-",22350,,"N","A","H","-","A","D","0","Y","C","03",0,1,0,0,0,0,0,0,1,"-","-","UNINCORPORATED","SACRAMENTO","CA",-121.4454,38.4852
"6419768",-121.4592283,38.4961551,2014,"3400","4","4","4","01",0,2,"A",,,,"Y","Y",2400,3,"C","C","A","FLORIN RD","FRANKLIN BL",30,"E","N","2014-06-23",9252,"2014-03-20",2325,"018140",,"3","9","0","2",,"1","072","-","N",,0,0,,,0,,,,"Y",2,"A","-",23152,"A","F","A","H","-","C","A","0","Y","A","08",0,0,2,0,0,0,0,0,0,"-","-","UNINCORPORATED","SACRAMENTO","CA",-121.45888,38.4961
"6419760",0,0,2014,"3401","0","4","4","00",0,1,"A",,,,,,2100,3,"B","C","A","GREENBACK LN","FOLSOM-AUBURN RD",55,"W","N","2014-07-07",3401,"2014-03-20",1835,"185","1","5","5","0","0",,"0","001","-","N",,0,0,,,0,,,,"N",2,"D","-",0,,"N","A","H","-","A","A","0","Y","-","-",0,0,1,0,0,0,0,0,0,"-","-","FOLSOM","SACRAMENTO","CA",0,0
"6419677",-121.4088931,38.4920351,2014,"3400","4","4","4","09",0,1,"B",,,,,"Y",2400,1,"A","C","A","POWER INN RD","LOUCRETA DR",0,,"Y","2015-01-12",9252,"2014-01-30",2150,"19071",,"2","9","0","2",,"2","073","-","N",,0,0,,,0,,,,"Y",3,"A","-",21801,"A","N","A","H","-","C","A","0","Y","A","01",0,0,1,0,0,0,0,0,0,"-","-","UNINCORPORATED","SACRAMENTO","CA",-121.40907,38.49205
"6419144",-121.5090788,38.5442329,2014,"3404","1","5","4","03",0,1,"B",,,,,,600,2,"E","I","A","RT 5","SUTTERVILLE RD",1320,"N","N","2015-11-14",9252,"2014-02-28",540,"018787",,"3","7","0","1",,"2","107","C","Y","SAC",3,5,"-","-",20.78,"H","-","N","N",1,"A","-",22350,,"N","B","H","-","D","D","1","Y","A","01",0,0,1,0,0,0,0,0,0,"-","-","SACRAMENTO","SACRAMENTO","CA",-121.38276,38.27257
"6419140",-121.445749,38.4962451,2014,"3404","3","5","2","-",0,1,"B",,,,,,1800,2,"E","I","A","FLORIN RD","RT 99",150,"E","N","2014-06-30",9252,"2014-02-28",1507,"18937",,"2","7","0","1",,"2","192","C","Y",,0,0,,,0,,,,"Y",1,"A","-",0,,"N","B","H","-","A","D","0","Y","A","01",1,0,0,0,0,0,0,0,0,"TO","-","SACRAMENTO","SACRAMENTO","CA",-121.46763,38.52635
"6419136",-121.5146562,38.5617739,2014,"3404","1","5","3","08",0,1,"C",,,,,,1200,2,"E","I","A","RT 5","RT 50",10,"S","N","2015-11-14",9252,"2014-02-28",1050,"014453",,"1","7","0","1",,"2","107","-","Y","SAC",3,5,"-","-",22.172,"R","2","N","Y",1,"A","-",22107,,"N","B","H","-","A","D","1","Y","A","01",0,1,0,0,0,0,0,0,0,"TO","-","SACRAMENTO","SACRAMENTO","CA",-121.50884,38.56796
"6419115",-121.4536421,38.3644962,2014,"3400","5","7","3","08",0,1,"B",,,,,,1800,3,"E","I","A","FRANKLIN RD","HOOD FRANKLIN RD",4224,"S","N","2014-06-23",9252,"2014-03-02",1745,"18782",,"2","9","0","3",,"2","090","C","N",,0,0,,,0,,,,"Y",1,"A","-",22107,,"N","B","H","-","B","D","0","Y","A","07",0,1,0,0,0,0,0,0,0,"-","-","UNINCORPORATED","SACRAMENTO","CA",-121.45385,38.36551
"6419111",-121.4008621,38.4355632,2014,"3450","3","1","4","07",0,1,"B",,,,,,1500,3,"E","I","A","RT 99","SHELDON RD",900,"S","N","2014-06-23",9252,"2014-03-03",1430,"14977",,"2","5","0","1",,"2","191","C","Y",,0,0,,,0,,,,"Y",2,"A","-",21658,"A","N","B","H","-","A","D","0","Y","A","01",0,0,1,0,0,0,0,0,0,"-","-","ELK GROVE","SACRAMENTO","CA",-121.409,34.439
"6419107",-121.4739301,38.5400966,2014,"3404","3","1","4","03",0,1,"B",,,,,,2100,3,"C","C","A","RT 99","12TH AV",400,"S","N","2014-06-23",9252,"2014-03-03",1815,"13823",,"2","7","0","1",,"2","192","C","Y",,0,0,,,0,,,,"N",4,"A","-",22350,,"N","B","H","-","C","D","0","Y","A","01",0,0,1,0,0,0,0,0,0,"-","-","SACRAMENTO","SACRAMENTO","CA",-121.54347,38.49347
"6419103",-121.446398,38.4963411,2014,"3400","3","7","4","07",0,1,"B",,,,,,1500,3,"C","C","A","RT 99","FLORIN RD",50,"N","N","2014-06-23",9252,"2014-03-02",1420,"14977",,"2","9","0","1",,"2","192","C","Y",,0,0,,,0,,,,"Y",2,"A","-",21658,"A","N","B","H","-","A","D","0","Y","A","01",0,0,1,0,0,0,0,0,0,"-","-","UNINCORPORATED","SACRAMENTO","CA",-121.402,38.439
"6419099",-121.4740356,38.5469939,2014,"3404","3","6","4","03",0,1,"B",,,,,,1800,3,"C","C","A","RT 99","12TH AV",2112,"N","N","2014-06-23",9252,"2014-03-01",1625,"18159",,"2","7","0","1",,"2","192","-","Y",,0,0,,,0,,,,"Y",3,"A","-",22350,,"N","A","H","-","A","D","0","Y","A","07",0,0,1,0,0,0,0,0,0,"-","-","SACRAMENTO","SACRAMENTO","CA",-121.47372,38.54722
"6419095",-121.4752751,38.5588646,2014,"3404","2","2","4","03",0,1,"B",,,,,,900,3,"E","I","A","RT 50","RT 99",400,"E","N","2016-01-27",9252,"2014-03-04",830,"14512",,"1","7","0","1",,"2","150","C","Y","SAC",3,50,"-","L",2.345,"R","2","E","Y",1,"A","-",22350,,"N","B","H","-","A","D","1","Y","A","01",0,0,1,0,0,0,0,0,0,"TO","-","SACRAMENTO","SACRAMENTO","CA",-121.47171,38.55849
"6419047",-121.4585236,38.5249673,2014,"3400","4","6","4","03",0,1,"A",,,,,,1500,3,"C","C","A","FRUITRIDGE RD","42ND ST",100,"E","N","2014-06-23",9252,"2014-03-01",1315,"18073",,"1","9","0","2",,"1","072","-","N",,0,0,,,0,,,,"N",3,"A","-",22350,,"N","A","H","-","A","A","0","Y","A","01",0,0,1,0,0,0,0,0,0,"-","-","UNINCORPORATED","SACRAMENTO","CA",-121.45845,38.52487
"6419043",-121.382453,38.496155,2014,"3400","4","6","4","09",0,1,"A",,,,,,1800,3,"D","C","A","FLORIN RD","FLETCHER FARMS DR",0,,"Y","2014-06-23",9252,"2014-03-01",1745,"18787",,"2","9","0","2",,"2","073","-","N",,0,0,,,0,,,,"N",2,"A","-",21804,"A","N","A","H","-","A","A","0","Y","A","07",0,0,1,0,0,0,0,0,0,"-","-","UNINCORPORATED","SACRAMENTO","CA",-121.38242,38.49617