"CASEID","POINT_X","POINT_Y","YEAR_","LOCATION","CHPTYPE","DAYWEEK","CRASHSEV","VIOLCAT","KILLED","INJURED","WEATHER1","PEDCOL","BICCOL","MCCOL","TRUCKCOL","ETOH","TIMECAT","MONTH_","CRASHTYP","INVOLVE","PED","PRIMARYRD","SECONDRD","DISTANCE","DIRECT","INTERSECT_","PROCDATE","JURIS","DATE_","TIME_","BADGE","JURIDIST","SHIFT","POP","SPECIAL","BEATTYPE","LAPDDIV","BEATCLAS","BEATNUMB","WEATHER2","STATEHW","CALTRANC","CALTRAND","STROUTE","ROUTESUF","POSTPRE","POSTMILE","LOCATYPE","RAMP","SIDEHW","TOWAWAY","PARTIES","PCF","VIOLCODE","VIOL","VIOLSUB","HITRUN","ROADSURF","RDCOND1","RDCOND2","LIGHTING","RIGHTWAY","CHPRDTYP","NOTPRIV","STFAULT","CHPFAULT","SEVINJ","OTHERINJ","COP","PEDKILL","PEDINJ","BICKILL","BICINJ","MCKILL","MCINJURE","RAMP1","RAMP2","CITY","COUNTY","STATE","X_CHP","Y_CHP"
"6398443",-121.3750915,38.5530035,2014,"3400","4","5","4","11",0,1,"A","Y",,,,,2100,1,"G","B","D","WATT AV","FOLSOM BL",50,"S","N","2014-06-03",9260,"2014-01-24",2035,"018705",,"2","9","0","2",,"2","101","-","N",,0,0,,,0,,,,"N",2,"A","-",21954,"A","F","A","H","-","C","D","0","Y","N","60",0,0,1,0,1,0,0,0,0,"-","-","UNINCORPORATED","SACRAMENTO","CA",0,0
"6398439",-121.272321,38.6608,2014,"3400","4","5","4","03",0,1,"B",,,,,,1800,1,"C","C","A","SUNRISE BL","WILDRIDGE DR",20,"N","N","2014-06-03",9260,"2014-01-31",1530,"016685",,"2","9","0","2",,"2","301","-","N",,0,0,,,0,,,,"Y",2,"A","-",22350,,"N","A","H","-","A","D","0","Y","A","01",0,0,1,0,0,0,0,0,0,"-","-","UNINCORPORATED","SACRAMENTO","CA",0,0
"6398412",-121.2920365,38.588281,2014,"3400","2","5","4","08",0,1,"B",,,"Y",,,900,1,"F","A","A","RT 50","ZINFANDEL DR",900,"W","N","2016-01-27",9260,"2014-01-31",625,"016429",,"1","9","0","1",,"2","501","-","Y","SAC",3,50,"-","R",10.75,"H","-","W","Y",1,"A","-",22107,,"N","B","H","-","C","D","1","Y","C","02",0,0,1,0,0,0,0,0,1,"-","-","UNINCORPORATED","SACRAMENTO","CA",0,0
"6398408",-121.3384031,38.5650251,2014,"3400","2","4","4","03",0,1,"A",,,,,,1800,1,"C","C","A","RT 50","BRADSHAW RD",165,"E","N","2016-01-27",9260,"2014-01-30",1638,"017084",,"2","9","0","1",,"2","501","-","Y","SAC",3,50,"-","R",7.807,"R","1","W","Y",2,"A","-",22350,,"N","A","H","-","A","A","1","Y","A","07",0,0,1,0,0,0,0,0,0,"-","-","UNINCORPORATED","SACRAMENTO","CA",0,0
"6398212",-121.4047081,38.4219379,2014,"3450","0","3","3","03",0,2,"B",,,,,,1500,2,"E","I","A","LAGUNA BL","BIG HORN BL",484,"E","N","2014-06-25",340,"2014-02-26",1444,"10081","2401","5","5","0","0",,"0","002","C","N",,0,0,,,0,,,,"Y",1,"A","-",22350,,"N","B","H","-","A","D","0","Y","A","01",0,1,1,0,0,0,0,0,0,"-","-","ELK GROVE","SACRAMENTO","CA",0,0
"6398208",0,0,2014,"3450","0","5","3","03",0,1,"C",,,,,,2100,2,"E","I","A","WHITELOCK PKWY","BELLATERRA DR",140,"E","N","2014-06-25",340,"2014-02-28",1853,"10543","4301","5","5","0","0",,"0","004","G","N",,0,0,,,0,,,,"Y",1,"A","-",22350,,"N","B","H","-","C","A","0","Y","A","01",0,1,0,0,0,0,0,0,0,"-","-","ELK GROVE","SACRAMENTO","CA",0,0
"6397524",-121.4215766,38.5971503,2014,"3404","0","2","4","07",0,1,"A",,,,,,900,2,"B","C","A","ARDEN WY","ETHAN WY",213,"W","N","2014-06-18",3404,"2014-02-25",715,"747","SACRA","5","7","0","0",,"0","02C","-","N",,0,0,,,0,,,,"N",2,"A","-",21658,"A","N","A","H","-","A","D","0","Y","A","07",0,0,1,0,0,0,0,0,0,"-","-","SACRAMENTO","SACRAMENTO","CA",0,0
"6397523",-121.4857531,38.5770251,2014,"3404","0","4","4","12",0,1,"A",,,,,,900,3,"-","C","A","16TH ST","K ST",0,,"Y","2014-06-25",3404,"2014-03-06",742,"0797","3","5","7","0","0",,"0","00M","-","N",,0,0,,,0,,,,"Y",2,"A","-",21453,"A","N","A","H","-","A","A","0","Y","D","22",0,0,1,0,0,0,0,0,0,"-","-","SACRAMENTO","SACRAMENTO","CA",0,0
"6397250",-121.2396831,38.678565,2014,"3400","4","1","4","03",0,1,"B",,,,,,900,3,"C","C","A","GREENBACK LN","ALMOND AV",0,,"Y","2014-06-23",9260,"2014-03-10",745,"016429",,"1","9","0","2",,"2","302","C","N",,0,0,,,0,,,,"N",2,"A","-",22350,,"N","B","H","-","A","A","0","Y","D","22",0,0,1,0,0,0,0,0,0,"-","-","UNINCORPORATED","SACRAMENTO","CA",0,0
"6396677",-121.3447179,38.5623729,2014,"3400","2","3","4","08",0,1,"B",,,,,,2100,3,"E","I","A","RT 50","BRADSHAW RD",2112,"W","N","2016-01-27",9260,"2014-03-05",1832,"018316",,"2","9","0","1",,"2","501","-","Y","SAC",3,50,"-","R",7.35,"H","-","E","Y",3,"A","-",22107,,"N","A","H","-","C","D","1","Y","A","01",0,0,1,0,0,0,0,0,0,"-","-","UNINCORPORATED","SACRAMENTO","CA",-121.34355,38.56257
"6396662",-121.335523,38.550315,2014,"3400","4","1","4","12",0,1,"C",,,,,,1200,3,"D","C","A","BRADSHAW RD","PRESERVATION WY",0,,"Y","2014-04-17",9260,"2014-03-03",1155,"18339",,"1","9","0","2",,"2","101","-","N",,0,0,,,0,,,,"Y",2,"A","-",21453,"A","N","B","H","-","A","A","0","Y","A","01",0,0,1,0,0,0,0,0,0,"-","-","UNINCORPORATED","SACRAMENTO","CA",0,0
"6395834",-121.4193822,38.6226133,2014,"3404","3","6","4","08",0,1,"B",,,,,,900,2,"B","C","A","RT 51","MARCONI AV",500,"N","N","2016-03-01",9250,"2014-02-08",600,"16624",,"1","7","0","1",,"2","152","C","Y","SAC",3,51,"-","-",5.66,"H","-","S","Y",2,"A","-",22107,,"N","B","H","-","C","D","1","Y","A","01",0,0,1,0,0,0,0,0,0,"-","-","SACRAMENTO","SACRAMENTO","CA",-121.41998,38.62247
"6395833",-121.4060031,38.690455,2014,"3400","4","3","4","05",0,1,"A",,"Y",,,,1500,2,"H","G","A","ELKHORN BL","26TH ST",0,,"Y","2014-06-24",9250,"2014-02-19",1220,"16114",,"1","9","0","2",,"1","064","-","N",,0,0,,,0,,,,"N",2,"A","-",21202,"A","N","A","H","-","A","D","0","Y","L","04",0,0,1,0,0,0,1,0,0,"-","-","UNINCORPORATED","SACRAMENTO","CA",0,0
"6395830",-121.4256475,38.6122908,2014,"3404","3","5","4","03",0,1,"B",,,,,,1800,2,"C","C","A","RT 51","EL CAMINO AV",528,"N","N","2016-03-03",9250,"2014-02-07",1640,"15961",,"2","7","0","1",,"2","152","C","Y","SAC",3,51,"-","-",4.84,"H","-","S","Y",2,"A","-",22350,,"N","B","H","-","A","D","1","Y","A","07",0,0,1,0,0,0,0,0,0,"-","-","SACRAMENTO","SACRAMENTO","CA",0,0
"6395829",-121.293538,38.6362688,2014,"3400","4","4","4","03",0,1,"A",,,,,,1800,2,"C","C","A","FAIR OAKS BL","SAN JUAN AV",500,"W","N","2014-06-24",9250,"2014-02-20",1620,"14845",,"2","9","0","2",,"1","053","-","N",,0,0,,,0,,,,"Y",2,"A","-",22350,,"N","A","H","-","A","D","0","Y","A","01",0,0,1,0,0,0,0,0,0,"-","-","UNINCORPORATED","SACRAMENTO","CA",0,0
"6395817",-121.3517331,38.6929351,2014,"3400","4","7","3","01",0,2,"B",,,,"Y","Y",2400,2,"D","C","A","ELKHORN BL","DON JULIO BL",0,,"Y","2014-06-20",9250,"2014-02-23",2334,"017397",,"3","9","0","2",,"1","012","-","N",,0,0,,,0,,,,"Y",2,"A","-",23152,"A","F","A","H","-","C","A","0","Y","A","07",0,1,1,0,0,0,0,0,0,"-","-","UNINCORPORATED","SACRAMENTO","CA",0,0
"6395806",-121.3568331,38.6643551,2014,"3400","1","2","4","05",0,1,"B",,"Y",,"Y",,1200,2,"H","G","A","RT 80","MADISON AV",4,"E","N","2015-11-14",9250,"2014-02-11",1043,"15518",,"1","9","0","1",,"2","183","-","Y","SAC",3,80,"-","-",12.675,"R","1","W","N",2,"A","-",21650,"1","N","A","H","-","A","A","1","Y","L","04",0,0,1,0,0,0,1,0,0,"TO","-","UNINCORPORATED","SACRAMENTO","CA",0,0
"6395794",-121.4793553,38.6403657,2014,"3404","1","6","3","01",0,1,"B",,,,,"Y",2400,2,"C","C","A","RT 80","NORTHGATE BL",500,"W","N","2015-11-19",9250,"2014-02-15",2302,"18115",,"3","7","0","1",,"2","182","-","Y","SAC",3,80,"-","M",4.89,"H","-","E","N",3,"A","-",23152,"A","N","B","H","-","C","D","1","Y","A","01",0,1,0,0,0,0,0,0,0,"-","-","SACRAMENTO","SACRAMENTO","CA",0,0
"6395785",-121.4569086,38.687092,2014,"3400","4","2","4","03",0,1,"B",,,,,,900,2,"C","C","A","RIO LINDA BL","K ST",165,"S","N","2014-06-21",9250,"2014-02-11",747,"13997",,"1","9","0","2",,"1","061","E","N",,0,0,,,0,,,,"N",3,"A","-",22350,,"N","A","H","-","A","D","0","Y","D","22",0,0,1,0,0,0,0,0,0,"-","-","UNINCORPORATED","SACRAMENTO","CA",0,0
"6395783",-121.405146,38.6289345,2014,"3400","3","2","3","07",0,2,"A",,,,,,1200,2,"B","C","A","RT 51","FULTON AV",1220,"S","N","2016-03-01",9250,"2014-02-25",1150,"13736",,"1","9","0","1",,"2","151","-","Y","SAC",3,51,"-","-",6.55,"H","-","N","Y",3,"A","-",21658,"A","N","A","H","-","A","D","1","Y","A","01",0,1,1,0,0,0,0,0,0,"-","-","UNINCORPORATED","SACRAMENTO","CA",0,0
"6395782",-121.4920031,38.6380151,2014,"3404","1","4","4","03",0,1,"A",,,,,,2100,2,"C","C","A","RT 80","TRUXEL RD",2640,"E","N","2015-11-14",9250,"2014-02-13",1815,"17620",,"2","7","0","1",,"2","182","-","Y","SAC",3,80,"-","M",4.14,"H","-","E","N",3,"A","-",22350,,"N","A","H","-","D","D","1","Y","A","01",0,0,1,0,0,0,0,0,0,"-","-","SACRAMENTO","SACRAMENTO","CA",0,0
"6395777",-121.4013631,38.6905651,2014,"3400","4","3","4","09",0,1,"A",,,,,,1800,2,"D","C","A","ELKHORN BL","28TH ST",0,,"Y","2014-06-21",9250,"2014-02-12",1712,"15866",,"2","9","0","2",,"1","064","-","N",,0,0,,,0,,,,"N",2,"A","-",21801,"A","N","A","H","-","B","D","0","Y","D","22",0,0,1,0,0,0,0,0,0,"-","-","UNINCORPORATED","SACRAMENTO","CA",0,0
"6395774",-121.3320632,38.6607926,2014,"3400","5","3","3","01",0,1,"B",,"Y",,,"Y",1800,2,"H","G","A","HACKBERRY LN","MADISON AV",10,"N","N","2014-06-24",9250,"2014-02-26",1720,"17482",,"2","9","0","3",,"2","020","C","N",,0,0,,,0,,,,"Y",4,"A","-",23152,"A","F","B","H","-","C","A","0","Y","A","01",0,1,0,0,0,0,1,0,0,"-","-","UNINCORPORATED","SACRAMENTO","CA",0,0
"6395770",-121.3380409,38.6857999,2014,"3400","5","3","3","09",0,1,"B",,"Y",,,,1800,2,"H","G","A","DIABLO DR","KARM WY",200,"S","N","2014-06-24",9250,"2014-02-26",1615,"16114",,"2","9","0","3",,"2","010","-","N",,0,0,,,0,,,,"N",2,"A","-",21804,"A","N","B","H","-","A","D","0","Y","L","04",0,1,0,0,0,0,1,0,0,"-","-","UNINCORPORATED","SACRAMENTO","CA",0,0
"6395765",0,0,2014,"3400","4","1","4","03",0,2,"A",,,,,,1800,2,"C","C","A","WATT AV","WHITNEY AV",50,,"N","2014-06-21",9250,"2014-02-10",1555,"12818",,"2","9","0","2",,"1","045","-","N",,0,0,,,0,,,,"N",3,"A","-",22350,,"N","A","H","-","A","A","0","Y","A","01",0,0,2,0,0,0,0,0,0,"-","-","UNINCORPORATED","SACRAMENTO","CA",0,0
"6395762",-121.3551731,38.6609051,2014,"3400","4","2","2","00",0,1,"B",,,"Y",,,1800,2,"B","C","A","MADISON AV","DATE AV",0,,"Y","2014-06-24",9250,"2014-02-18",1720,"13736",,"2","9","0","2",,"1","024","-","N",,0,0,,,0,,,,"N",2,"D","-",0,,"N","A","H","-","C","A","0","Y","-","-",1,0,0,0,0,0,0,0,1,"-","-","UNINCORPORATED","SACRAMENTO","CA",0,0
"6395747",0,0,2014,"3400","5","7","4","09",0,1,"A",,,,,,1200,2,"D","C","A","SAN JUAN AV","WINDING WOODS WY",200,"S","N","2014-06-21",9250,"2014-02-02",1120,"14845",,"1","9","0","3",,"2","050","-","N",,0,0,,,0,,,,"Y",2,"A","-",21801,"A","N","A","H","-","A","D","0","Y","D","22",0,0,1,0,0,0,0,0,0,"-","-","UNINCORPORATED","SACRAMENTO","CA",0,0
"6395744",-121.2967782,38.6635194,2014,"3400","4","6","3","08",0,1,"B",,,,,,2100,2,"B","C","A","MADISON AV","COYLE CREEK CIR",250,"W","N","2014-06-23",9250,"2014-02-08",1810,"17682",,"2","9","0","2",,"1","024","C","N",,0,0,,,0,,,,"Y",2,"A","-",22107,,"N","B","H","-","C","D","0","Y","D","22",0,1,0,0,0,0,0,0,0,"-","-","UNINCORPORATED","SACRAMENTO","CA",0,0
"6395743",-121.308563,38.6636251,2014,"3400","4","7","4","12",0,2,"A",,,,,,1800,2,"D","C","A","MADISON AV","DEWEY DR",0,,"Y","2014-06-21",9250,"2014-02-16",1730,"18560",,"2","9","0","2",,"1","024","-","N",,0,0,,,0,,,,"Y",3,"A","-",21453,"A","N","A","H","-","B","A","0","Y","D","22",0,0,2,0,0,0,0,0,0,"-","-","UNINCORPORATED","SACRAMENTO","CA",0,0
"6395740",-121.4164655,38.5888845,2014,"3400","5","6","4","09",0,1,"C",,,,,,1800,2,"D","C","A","HURLEY WY","HOWE AV",400,"E","N","2014-06-21",9250,"2014-02-08",1535,"14344",,"2","9","0","3",,"2","040","-","N",,0,0,,,0,,,,"Y",2,"A","-",21804,"A","N","B","H","-","A","D","0","Y","A","01",0,0,1,0,0,0,0,0,0,"-","-","UNINCORPORATED","SACRAMENTO","CA",0,0
"6395736",-121.3829446,38.682957,2014,"3400","4","6","4","03",0,2,"C",,,,,,1500,2,"C","C","A","WATT AV","BOLIVAR AV",43,"S","N","2014-06-23",9250,"2014-02-08",1440,"017129",,"2","9","0","2",,"1","011","-","N",,0,0,,,0,,,,"Y",2,"A","-",22350,,"N","B","H","-","A","A","0","Y","D","22",0,0,2,0,0,0,0,0,0,"-","-","UNINCORPORATED","SACRAMENTO","CA",0,0
"6395729",-121.4216396,38.6212832,2014,"3404","0","3","4","03",0,1,"A",,,,,,1500,3,"C","C","A","MARCONI AV","MARCONI CIR",234,"W","-","2014-07-09",3404,"2014-03-05",1215,"8163","2","5","7","0","0",,"0","00C","-","N",,0,0,,,0,,,,"Y",2,"A","-",22350,,"N","A","H","-","A","D","0","Y","A","01",0,0,1,0,0,0,0,0,0,"-","-","SACRAMENTO","SACRAMENTO","CA",0,0
"6395716",-121.3254002,38.6608891,2014,"3400","4","7","4","03",0,2,"B",,,,,,1500,2,"C","C","A","MADISON AV","SCHUYLER DR",32,"W","N","2014-06-25",9250,"2014-02-02",1328,"17682",,"1","9","0","2",,"1","024","-","N",,0,0,,,0,,,,"Y",3,"A","-",22350,,"N","A","H","-","A","A","0","Y","A","01",0,0,2,0,0,0,0,0,0,"-","-","UNINCORPORATED","SACRAMENTO","CA",0,0
"6395712",-121.4784354,38.6551928,2014,"3400","5","4","4","08",0,1,"B",,,,"Y",,300,1,"B","C","A","DEL PASO RD","NORTHGATE BL",110,"W","N","2014-06-06",9250,"2014-01-30",35,"017734",,"3","9","0","3",,"2","080","C","N",,0,0,,,0,,,,"Y",2,"A","-",22107,,"N","B","H","-","C","D","0","Y","G","25",0,0,1,0,0,0,0,0,0,"-","-","UNINCORPORATED","SACRAMENTO","CA",0,0
"6395711",-121.3088485,38.6558251,2014,"3400","5","1","4","05",0,1,"A",,"Y",,,,1800,1,"H","G","A","SAINT JAMES DR","DEWEY DR",150,"W","N","2014-06-06",9250,"2014-01-27",1500,"012152",,"2","9","0","3",,"2","020","-","N",,0,0,,,0,,,,"N",2,"A","-",21202,"A","N","A","H","-","A","D","0","Y","L","04",0,0,1,0,0,0,1,0,0,"-","-","UNINCORPORATED","SACRAMENTO","CA",0,0
"6395708",-121.3552727,38.6268553,2014,"3400","5","4","4","08",0,1,"A",,"Y",,,,1800,1,"H","G","A","MISSION AV","WHITNEY AV",528,"S","N","2014-06-06",9250,"2014-01-23",1730,"017682",,"2","9","0","3",,"2","040","-","N",,0,0,,,0,,,,"N",2,"A","-",22107,,"N","A","H","-","C","D","0","Y","L","04",0,0,1,0,0,0,1,0,0,"-","-","UNINCORPORATED","SACRAMENTO","CA",0,0
"6395700",-121.3252264,38.6609318,2014,"3400","4","3","4","01",0,1,"A",,,,,,1200,2,"C","C","A","MADISON AV","SCHUYLER DR",20,"E","N","2014-06-21",9250,"2014-02-05",935,"15423",,"1","9","0","2",,"1","024","-","N",,0,0,,,0,,,,"N",2,"A","-",23152,"E","N","A","H","-","A","D","0","Y","D","22",0,0,1,0,0,0,0,0,0,"-","-","UNINCORPORATED","SACRAMENTO","CA",0,0
"6395696",-121.3776231,38.718075,2014,"3400","5","4","4","12",0,1,"B",,,,,,1800,2,"D","C","A","ELVERTA RD","DRIVER WY",0,,"Y","2014-06-21",9250,"2014-02-06",1755,"17818",,"2","9","0","3",,"2","010","-","N",,0,0,,,0,,,,"N",2,"A","-",21453,"A","N","B","H","-","C","A","0","Y","A","01",0,0,1,0,0,0,0,0,0,"-","-","UNINCORPORATED","SACRAMENTO","CA",0,0
"6395691",-121.4641937,38.7145351,2014,"3400","4","5","4","03",0,1,"A",,,,,,1500,2,"C","C","A","ELVERTA RD","ELOISE AV",100,"W","N","2014-06-21",9250,"2014-02-14",1440,"17129",,"2","9","0","2",,"1","064","-","N",,0,0,,,0,,,,"Y",3,"A","-",22350,,"F","A","H","-","A","D","0","Y","D","22",0,0,1,0,0,0,0,0,0,"-","-","UNINCORPORATED","SACRAMENTO","CA",0,0
"6395688",-121.3830332,38.6515105,2014,"3400","4","5","4","03",0,1,"A",,,,,,1500,2,"C","C","A","WATT AV","WINONA WY",100,"S","N","2014-06-21",9250,"2014-02-21",1330,"17762",,"1","9","0","2",,"1","011","-","N",,0,0,,,0,,,,"N",2,"A","-",22350,,"N","A","H","-","A","D","0","Y","D","22",0,0,1,0,0,0,0,0,0,"-","-","UNINCORPORATED","SACRAMENTO","CA",0,0
"6395687",-121.415474,38.5817549,2014,"3400","4","5","4","03",0,2,"A",,,,,,1500,2,"C","C","A","HOWE AV","NORTHROP AV",40,"N","N","2014-06-21",9250,"2014-02-14",1350,"18045",,"1","9","0","2",,"1","041","-","N",,0,0,,,0,,,,"Y",4,"A","-",22350,,"N","A","H","-","A","D","0","Y","A","07",0,0,2,0,0,0,0,0,0,"-","-","UNINCORPORATED","SACRAMENTO","CA",0,0
"6395599",-121.2624333,38.6785732,2014,"3496","0","2","4","03",0,1,"C",,,,,,1200,2,"C","C","A","GREENBACK LN","FAIR OAKS BL",40,"W","N","2014-06-25",3496,"2014-02-25",1148,"145",,"5","5","0","0",,"0","003","-","N",,0,0,,,0,,,,"N",3,"A","-",22350,,"N","B","G","H","A","A","0","Y","A","01",0,0,1,0,0,0,0,0,0,"-","-","CITRUS HEIGHTS","SACRAMENTO","CA",0,0
"6395595",-121.2623807,38.6785739,2014,"3496","0","2","4","03",0,1,"A",,,,,,1200,2,"C","C","A","GREENBACK LN","FAIR OAKS BL",25,"W","N","2014-06-23",3496,"2014-02-25",1147,"145",,"5","5","0","0",,"0","003","-","N",,0,0,,,0,,,,"N",2,"A","-",22350,,"N","A","H","-","A","A","0","Y","D","22",0,0,1,0,0,0,0,0,0,"-","-","CITRUS HEIGHTS","SACRAMENTO","CA",0,0
"6395591",-121.2903932,38.7061905,2014,"3496","0","4","4","08",0,1,"A",,,,,,900,2,"D","C","A","AUBURN BL","ANTELOPE RD",151,"S","N","2014-06-24",3496,"2014-02-20",735,"319",,"5","5","0","0",,"0",,"-","N",,0,0,,,0,,,,"Y",2,"A","-",22107,,"N","A","H","-","A","D","0","Y","-",,0,0,1,0,0,0,0,0,0,"-","-","CITRUS HEIGHTS","SACRAMENTO","CA",0,0
"6395532",-121.3109686,38.6782175,2014,"3496","0","5","4","03",0,1,"B",,,,,,1800,2,"C","C","A","GREENBACK LN","VAN MAREN LN",150,"W","N","2014-06-25",3496,"2014-02-07",1537,"134",,"5","5","0","0",,"0",,"C","N",,0,0,,,0,,,,"N",2,"A","-",22350,,"N","B","H","-","A","A","0","Y","I","11",0,0,1,0,0,0,0,0,0,"-","-","CITRUS HEIGHTS","SACRAMENTO","CA",0,0
"6395528",-121.2847231,38.678295,2014,"3496","0","3","4","12",0,1,"C",,,,,,1200,2,"D","C","A","GREENBACK LN","MARIPOSA",0,,"Y","2014-06-26",3496,"2014-02-26",1025,"265",,"5","5","0","0",,"0","002","-","N",,0,0,,,0,,,,"N",2,"A","-",21453,"A","N","B","H","-","A","A","0","Y","A","01",0,0,1,0,0,0,0,0,0,"-","-","CITRUS HEIGHTS","SACRAMENTO","CA",0,0
"6395157",-121.504301,38.5814584,2014,"3404","1","2","4","03",0,3,"A",,,,,,2400,2,"C","C","A","RT 5","J ST",528,"S","N","2016-02-26",9252,"2014-02-25",2155,"17971",,"2","7","0","1",,"2","108","-","Y","SAC",3,5,"-","-",23.58,"H","-","S","N",2,"A","-",22350,,"N","A","H","-","C","D","1","Y","D","22",0,0,3,0,0,0,0,0,0,"-","-","SACRAMENTO","SACRAMENTO","CA",-121.50308,38.58043
"6395150",0,0,2014,"3400","3","1","4","03",0,1,"A",,,,,,1200,2,"C","C","A","RT 99","MINGO RD",1000,"N","N","2014-06-20",9252,"2014-02-24",915,"012096",,"1","9","0","1",,"2","191","-","Y",,0,0,,,0,,,,"Y",3,"A","-",22350,,"N","A","H","-","A","D","0","Y","D","22",0,0,1,0,0,0,0,0,0,"-","-","UNINCORPORATED","SACRAMENTO","CA",-121.3199,38.308
"6395149",-121.4053103,38.4525951,2014,"3400","4","6","4","03",0,1,"A",,,,,,1200,2,"C","C","A","CALVINE RD","POWER INN RD",45,"W","N","2015-02-05",9252,"2014-02-22",1130,"018787",,"1","9","0","2",,"2","073","-","N",,0,0,,,0,,,,"Y",2,"A","-",22350,,"N","A","H","-","A","D","0","Y","A","01",0,0,1,0,0,0,0,0,0,"-","-","UNINCORPORATED","SACRAMENTO","CA",-121.42476,38.55062
"6395146",-121.5220874,38.5110991,2014,"3404","1","1","4","03",0,1,"A",,,,,,900,2,"C","C","A","RT 5","43RD AV",2500,"S","N","2016-02-26",9252,"2014-02-24",755,"017663",,"1","7","0","1",,"2","107","-","Y","SAC",3,5,"-","-",18.18,"H","-","N","Y",5,"A","-",22350,,"M","A","H","-","A","D","1","Y","A","01",0,0,1,0,0,0,0,0,0,"-","-","SACRAMENTO","SACRAMENTO","CA",-121.51188,38.55354
"6395141",-121.4239583,38.4960938,2014,"3400","4","1","3","03",0,1,"A",,,,,,2100,2,"C","C","A","FLORIN RD","CHANDLER DR",30,"E","N","2014-06-18",9252,"2014-02-24",1820,"18782",,"2","9","0","2",,"2","073","-","N",,0,0,,,0,,,,"N",2,"A","-",22350,,"N","A","H","-","C","D","0","Y","A","07",0,1,0,0,0,0,0,0,0,"-","-","UNINCORPORATED","SACRAMENTO","CA",-121.42373,38.49614
"6394341",-121.4473033,38.4908863,2014,"3400","4","6","3","08",0,1,"B",,,,,,1500,2,"C","E","A","FOREST PKWY","H PKWY",88,"W","N","2014-06-11",9252,"2014-02-15",1450,"018243",,"2","9","0","2",,"1","072","-","N",,0,0,,,0,,,,"N",2,"A","-",22107,,"N","A","H","-","A","D","0","Y","A","01",0,1,0,0,0,0,0,0,0,"-","-","UNINCORPORATED","SACRAMENTO","CA",-121.44735,38.49085
"6394337",-121.4580191,38.4936175,2014,"3400","4","7","3","03",0,1,"A",,,,,,300,2,"C","C","A","FRANKLIN BL","MEADOWGATE DR",3,"S","N","2014-06-12",9252,"2014-02-23",120,"018986",,"3","9","0","2",,"1","072","-","N",,0,0,,,0,,,,"Y",2,"A","-",22350,,"F","A","H","-","C","A","0","Y","A","01",0,1,0,0,0,0,0,0,0,"-","-","UNINCORPORATED","SACRAMENTO","CA",-121.45812,38.49406
"6394333",-121.4052148,38.4768868,2014,"3400","5","6","3","08",0,1,"A",,"Y",,,,1800,2,"H","G","A","DARLA WY","HOMEFIELD WY",105,"S","N","2014-06-12",9252,"2014-02-22",1640,"018243",,"2","9","0","3",,"2","070","-","N",,0,0,,,0,,,,"N",2,"A","-",22107,,"N","A","H","-","A","D","0","Y","L","04",0,1,0,0,0,0,1,0,0,"-","-","UNINCORPORATED","SACRAMENTO","CA",-121.2419,38.2837
"6394329",-121.4356587,38.4961903,2014,"3400","4","7","4","07",0,1,"A",,,,,,1800,2,"B","C","A","FLORIN RD","FLORIN MALL DR",345,"W","N","2014-06-18",9252,"2014-02-23",1640,"018243",,"2","9","0","2",,"2","073","-","N",,0,0,,,0,,,,"N",3,"A","-",21658,"A","N","A","H","-","A","D","0","Y","A","01",0,0,1,0,0,0,0,0,0,"-","-","UNINCORPORATED","SACRAMENTO","CA",-121.43574,38.49604
"6394325",-121.4601406,38.5104,2014,"3400","3","3","4","00",0,1,"A","Y",,,,,1500,2,"G","B","B","RT 99","47TH AV",2,"S","N","2014-06-12",9252,"2014-02-05",1335,"17142",,"1","9","0","1",,"2","192","-","Y",,0,0,,,0,,,,"N",2,"D","-",0,,"N","A","H","-","A","A","0","Y","-","-",0,0,1,0,1,0,0,0,0,"TO","-","UNINCORPORATED","SACRAMENTO","CA",-121.46135,38.5103
"6394321",-121.4678194,38.5714061,2014,"3404","3","7","4","08",0,2,"A",,,,,,1200,2,"B","C","A","RT 51","L ST",40,"N","N","2016-03-03",9252,"2014-02-23",1040,"017939",,"1","7","0","1",,"2","193","-","Y","SAC",3,51,"-","-",0.91,"H","-","N",,2,"A","-",22107,,"N","A","H","-","A","D","1","Y","A","01",0,0,2,0,0,0,0,0,0,"-","-","SACRAMENTO","SACRAMENTO","CA",-121.46607,38.57591
"6394292",-121.4722009,38.5332707,2014,"3404","3","7","3","08",0,1,"A",,,,,,1800,2,"E","I","A","RT 99","21ST AV",147,"S","N","2014-06-12",9252,"2014-02-23",1715,"018723",,"2","7","0","1",,"2","192","-","Y",,0,0,,,0,,,,"Y",1,"A","-",22107,,"N","A","H","-","B","D","0","Y","A","01",0,1,0,0,0,0,0,0,0,"-","-","SACRAMENTO","SACRAMENTO","CA",-121.47197,38.53332
"6394288",-121.400078,38.433789,2014,"3450","3","1","4","03",0,2,"A",,,,,,900,2,"C","C","A","RT 99","SHELDON RD",1584,"S","N","2014-06-12",9252,"2014-02-24",835,"013720",,"1","5","0","1",,"2","191","-","Y",,0,0,,,0,,,,"Y",3,"A","-",22350,,"N","A","H","-","A","D","0","Y","A","01",0,0,2,0,0,0,0,0,0,"-","-","ELK GROVE","SACRAMENTO","CA",-121.39814,38.43061