"CASEID","POINT_X","POINT_Y","YEAR_","LOCATION","CHPTYPE","DAYWEEK","CRASHSEV","VIOLCAT","KILLED","INJURED","WEATHER1","PEDCOL","BICCOL","MCCOL","TRUCKCOL","ETOH","TIMECAT","MONTH_","CRASHTYP","INVOLVE","PED","PRIMARYRD","SECONDRD","DISTANCE","DIRECT","INTERSECT_","PROCDATE","JURIS","DATE_","TIME_","BADGE","JURIDIST","SHIFT","POP","SPECIAL","BEATTYPE","LAPDDIV","BEATCLAS","BEATNUMB","WEATHER2","STATEHW","CALTRANC","CALTRAND","STROUTE","ROUTESUF","POSTPRE","POSTMILE","LOCATYPE","RAMP","SIDEHW","TOWAWAY","PARTIES","PCF","VIOLCODE","VIOL","VIOLSUB","HITRUN","ROADSURF","RDCOND1","RDCOND2","LIGHTING","RIGHTWAY","CHPRDTYP","NOTPRIV","STFAULT","CHPFAULT","SEVINJ","OTHERINJ","COP","PEDKILL","PEDINJ","BICKILL","BICINJ","MCKILL","MCINJURE","RAMP1","RAMP2","CITY","COUNTY","STATE","X_CHP","Y_CHP"
"6386574",-121.4508027,38.5004248,2014,"3400","3","7","4","01",0,1,"A",,,,,,1800,2,"C","C","A","RT 99","FLORIN RD",2000,"N","N","2014-06-17",9252,"2014-02-16",1505,"018668",,"2","9","0","1",,"2","192","-","Y",,0,0,,,0,,,,"Y",2,"A","-",23152,"E","F","A","H","-","A","D","0","Y","A","01",0,0,1,0,0,0,0,0,0,"-","-","UNINCORPORATED","SACRAMENTO","CA",-121.4489,38.4986
"6386570",-121.4797131,38.5602351,2014,"3404","3","5","4","08",0,1,"C",,,,,,1800,2,"E","I","A","RT 99","RT 51",20,"W","N","2015-11-14",9252,"2014-02-07",1525,"18937",,"2","7","0","1",,"2","193","-","Y","SAC",3,50,"-","L",2.195,"R","2","W","Y",1,"A","-",22107,,"N","B","H","-","A","D","1","Y","A","01",0,0,1,0,0,0,0,0,0,"-","-","SACRAMENTO","SACRAMENTO","CA",-121.4747,38.56001
"6386550",0,0,2014,"3401","0","2","4","09",0,1,"A",,,,,,1800,2,"D","C","A","CREEKSIDE DR","CREEKSIDE DR 1701",15,"N","N","2015-02-12",3401,"2014-02-11",1650,"171","4","5","5","0","0",,"0","004","-","N",,0,0,,,0,,,,"Y",2,"A","-",21804,"A","N","A","H","-","A","D","0","Y","A","01",0,0,1,0,0,0,0,0,0,"-","-","FOLSOM","SACRAMENTO","CA",0,0
"6386084",-121.3104231,38.6751951,2014,"3496","0","4","4","09",0,1,"A",,,,,,1500,2,"D","C","A","DEWEY DR","GREENLEAF DR",0,,"Y","2014-07-02",3496,"2014-02-13",1243,"207",,"5","5","0","0",,"0","003","-","N",,0,0,,,0,,,,"Y",2,"A","-",21802,"A","N","A","H","-","A","A","0","Y","A","01",0,0,1,0,0,0,0,0,0,"-","-","CITRUS HEIGHTS","SACRAMENTO","CA",0,0
"6385610",-121.267585,38.6204685,2014,"3490","0","4","4","03",0,1,"A",,,,,,1500,2,"C","C","A","SUNRISE BL","COLOMA RD",800,"N","N","2014-06-13",3400,"2014-02-13",1313,"15CSO","RC","5","5","0","0",,"0","004","-","N",,0,0,,,0,,,,"Y",4,"A","-",22350,,"N","A","H","-","A","A","0","Y","D","22",0,0,1,0,0,0,0,0,0,"-","-","RANCHO CORDOVA","SACRAMENTO","CA",0,0
"6385606",-121.2515705,38.5679743,2014,"3490","0","5","4","03",0,2,"B",,,,,,1500,2,"C","C","A","SUNRISE BL","REFINEMENT RD",146,"S","N","2014-06-13",3400,"2014-02-14",1238,"1354","RC","5","5","0","0",,"0",,"-","N",,0,0,,,0,,,,"Y",4,"A","-",22350,,"N","A","H","-","A","D","0","Y","D","72",0,0,2,0,0,0,0,0,0,"-","-","RANCHO CORDOVA","SACRAMENTO","CA",0,0
"6385602",0,0,2014,"3490","0","7","4","12",0,1,"A",,,,"Y",,300,1,"D","C","A","CHRYSANTHY BL","JADE RIVERA DR",3,"S","N","2014-06-06",3400,"2014-01-26",135,"538","RC","5","5","0","0",,"0","RCPD","-","N",,0,0,,,0,,,,"N",2,"A","-",22450,"A","N","A","H","-","C","D","0","Y","F","26",0,0,1,0,0,0,0,0,0,"-","-","RANCHO CORDOVA","SACRAMENTO","CA",0,0
"6385161",-121.5133731,38.567245,2014,"3404","0","6","3","12",0,3,"A",,,,"Y",,2400,2,"D","C","A","BROADWAY","FRONT ST",0,,"Y","2015-08-12",3404,"2014-02-22",2319,"0558","4","5","7","0","0",,"0","04A","-","N",,0,0,,,0,,,,"Y",2,"A","-",22450,"A","N","A","H","-","C","A","0","Y","A","01",0,3,0,0,0,0,0,0,0,"-","-","SACRAMENTO","SACRAMENTO","CA",0,0
"6385153",-121.4972532,38.5246505,2014,"3404","0","1","3","03",0,1,"B",,,,,,1500,3,"C","C","A","FRUITRIDGE RD","FREEPORT BL",34,"E","N","2014-06-23",3404,"2014-03-03",1300,"600",,"5","7","0","0",,"0",,"-","N",,0,0,,,0,,,,"Y",2,"A","-",22350,,"N","B","H","-","A","A","0","Y","A","01",0,1,0,0,0,0,0,0,0,"-","-","SACRAMENTO","SACRAMENTO","CA",0,0
"6385088",-121.3346731,38.423605,2014,"3450","0","5","3","12",0,2,"C",,,,,,600,2,"D","C","A","BOND RD","BRADSHAW RD",0,,"Y","2014-06-24",340,"2014-02-28",525,"10501","5205","5","5","0","0",,"0","005","G","N",,0,0,,,0,,,,"Y",2,"A","-",21453,"A","N","B","H","-","C","A","0","Y","D","22",0,1,1,0,0,0,0,0,0,"-","-","ELK GROVE","SACRAMENTO","CA",0,0
"6385081",-121.447603,38.525005,2014,"3404","4","4","4","09",0,1,"A",,,,,,2100,2,"D","C","A","FRUITRIDGE RD","DEWEY BL",0,,"Y","2014-06-12",9252,"2014-02-20",1830,"018648",,"2","7","0","2",,"1","072","-","N",,0,0,,,0,,,,"Y",3,"A","-",21802,"A","F","A","H","-","C","D","0","Y","A","07",0,0,1,0,0,0,0,0,0,"-","-","SACRAMENTO","SACRAMENTO","CA",-121.44756,38.52472
"6384661",-121.4615302,38.5130923,2014,"3400","3","5","2","03",0,2,"A",,,,,,1500,2,"A","C","A","RT 99","47TH AV",1056,"N","N","2014-07-01",9252,"2014-02-14",1445,"018723",,"2","9","0","1",,"2","192","-","Y",,0,0,,,0,,,,"Y",2,"A","-",22350,,"N","A","H","-","A","D","0","Y","A","01",1,1,0,0,0,0,0,0,0,"-","-","UNINCORPORATED","SACRAMENTO","CA",-121.46139,38.51335
"6384653",-121.506731,38.5789262,2014,"3404","1","4","4","-",0,1,"B",,,,"Y",,1800,2,"C","C","A","RT 5","Q ST",528,"N","N","2016-02-26",9252,"2014-02-13",1550,"018159",,"2","7","0","1",,"2","108","-","Y","SAC",3,5,"-","-",23.2,"H","-","S","N",3,"A","-",0,,"N","A","H","-","A","D","1","Y","A","01",0,0,1,0,0,0,0,0,0,"-","-","SACRAMENTO","SACRAMENTO","CA",-121.50438,38.58146
"6384649",-121.3249581,38.3198155,2014,"3400","3","7","3","01",0,1,"B",,,,,"Y",300,2,"F","A","A","RT 99","ARNO RD",2000,"S","N","2014-07-01",9252,"2014-02-16",53,"018435",,"3","9","0","1",,"2","190","-","Y",,0,0,,,0,,,,"Y",1,"A","-",23152,"A","N","B","H","-","C","D","0","Y","D","22",0,1,0,0,0,0,0,0,0,"-","-","UNINCORPORATED","SACRAMENTO","CA",-121.32502,38.32058
"6384632",-121.3717868,38.4543126,2014,"3400","4","1","3","11",0,1,"B","Y",,,,,600,2,"G","B","D","ELK GROVE FLORIN RD","CALVINE RD",600,"N","N","2014-07-01",9252,"2014-02-10",550,"018119",,"3","9","0","2",,"2","073","-","N",,0,0,,,0,,,,"N",2,"A","-",21955,,"N","B","H","-","D","D","0","Y","N","60",0,1,0,0,1,0,0,0,0,"-","-","UNINCORPORATED","SACRAMENTO","CA",-121.37153,38.4538
"6384620",-121.4087901,38.4834727,2014,"3400","4","7","3","01",0,1,"B",,,,,"Y",2400,2,"E","I","A","POWER INN RD","MACFADDEN DR",30,"S","N","2014-07-01",9252,"2014-02-02",2328,"018435",,"3","9","0","2",,"2","073","-","N",,0,0,,,0,,,,"Y",1,"A","-",23153,"A","M","B","H","-","C","D","0","Y","D","22",0,1,0,0,0,0,0,0,0,"-","-","UNINCORPORATED","SACRAMENTO","CA",-121.40898,38.48346
"6384612",-121.4455902,38.5568388,2014,"3404","2","4","4","03",0,1,"B",,,,,,900,2,"C","C","A","RT 50","51ST ST",3,"E","N","2016-01-27",9252,"2014-02-13",845,"014288",,"1","7","0","1",,"2","151","-","Y","SAC",3,50,"-","R",1.64,"H","-","E","Y",5,"A","-",22350,,"N","A","H","-","A","D","1","Y","D","22",0,0,1,0,0,0,0,0,0,"-","-","SACRAMENTO","SACRAMENTO","CA",-121.44451,38.55648
"6384592",-121.4902382,38.4391135,2014,"3404","1","7","4","08",0,1,"C",,,,"Y",,300,2,"E","I","A","RT 5","LAGUNA BL",4490,"N","N","2015-11-14",9252,"2014-02-09",152,"018974",,"3","7","0","1",,"2","106","G","Y","SAC",3,5,"-","-",12.89,"H","-","S","Y",1,"A","-",22107,,"N","B","H","-","C","D","1","Y","G","25",0,0,1,0,0,0,0,0,0,"-","-","SACRAMENTO","SACRAMENTO","CA",-121.49013,38.3832
"6384270",-121.3925531,38.409115,2014,"3450","0","4","4","12",0,4,"A",,,,,,900,2,"D","C","A","AUTO CENTER DR","ELK GROVE BL",0,,"Y","2014-06-17",340,"2014-02-20",714,"10260","4203","5","5","0","0",,"0","004","-","N",,0,0,,,0,,,,"Y",3,"A","-",21453,"A","N","A","H","-","B","A","0","Y","A","07",0,0,4,0,0,0,0,0,0,"-","-","ELK GROVE","SACRAMENTO","CA",0,0
"6384263",-121.2540331,38.6642851,2014,"3400","4","4","4","12",0,2,"A",,,,,,900,2,"A","C","A","MADISON AV","MCKAY ST",0,,"Y","2014-06-21",9260,"2014-02-20",850,"13708",,"1","9","0","2",,"2","304","-","N",,0,0,,,0,,,,"Y",2,"A","-",21453,"A","N","A","H","-","A","A","0","Y","-","-",0,0,2,0,0,0,0,0,0,"-","-","UNINCORPORATED","SACRAMENTO","CA",0,0
"6382911",-121.2089513,38.6782241,2014,"3400","4","2","4","01",0,1,"A",,,,,"Y",2100,2,"D","C","A","GREENBACK LN","CHESTNUT AV",760,"E","N","2014-06-16",9260,"2014-02-18",1918,"018316",,"2","9","0","2",,"2","302","-","N",,0,0,,,0,,,,"Y",2,"A","-",23152,"A","N","A","H","-","C","D","0","Y","D","22",0,0,1,0,0,0,0,0,0,"-","-","UNINCORPORATED","SACRAMENTO","CA",-121.20882,38.67796
"6382637",0,0,2014,"3404","0","6","4","03",0,1,"A",,,,,,2400,2,"E","I","A","EXPO PKWY","LEISURE LN",316,"S","N","2014-06-13",3404,"2014-02-22",2107,"8162",,"5","7","0","0",,"0","02C","-","N",,0,0,,,0,,,,"Y",1,"A","-",22350,,"N","A","H","-","C","D","0","Y","D","22",0,0,1,0,0,0,0,0,0,"-","-","SACRAMENTO","SACRAMENTO","CA",0,0
"6382334",-121.3540081,38.6543058,2014,"3400","4","3","4","03",0,1,"B",,,,,,1800,1,"C","C","A","AUBURN BL","MYRTLE AV",262,"N","N","2014-06-06",9250,"2014-01-08",1555,"017482",,"2","9","0","2",,"1","021","-","N",,0,0,,,0,,,,"N",2,"A","-",22350,,"N","A","H","-","A","D","0","Y","A","07",0,0,1,0,0,0,0,0,0,"-","-","UNINCORPORATED","SACRAMENTO","CA",0,0
"6382330",-121.4204009,38.5959115,2014,"3400","5","4","4","21",0,1,"A",,,,,,1200,1,"C","C","A","ETHAN WY","EXPOSITION BL",80,"S","N","2014-06-06",9250,"2014-01-09",1135,"017900",,"1","9","0","3",,"2","040","-","N",,0,0,,,0,,,,"N",2,"A","-",22106,,"N","A","H","-","A","D","0","Y","A","07",0,0,1,0,0,0,0,0,0,"-","-","UNINCORPORATED","SACRAMENTO","CA",0,0
"6382288",-121.4030431,38.599545,2014,"3400","4","5","4","09",0,1,"A",,,,,,1800,1,"D","C","A","WYDA WY","ALTA ARDEN EXPWY",0,,"Y","2015-01-09",9250,"2014-01-03",1600,"18045",,"2","9","0","2",,"1","049","-","N",,0,0,,,0,,,,"Y",2,"A","-",21802,"A","N","A","B","-","A","D","0","Y","A","01",0,0,1,0,0,0,0,0,0,"-","-","UNINCORPORATED","SACRAMENTO","CA",0,0
"6382160",-121.3719462,38.481557,2014,"3400","4","6","4","03",0,1,"C",,,,,,1200,2,"C","C","A","ELK GROVE FLORIN RD","GERBER RD",40,"S","N","2014-06-18",9252,"2014-02-08",920,"018073",,"1","9","0","2",,"2","073","-","N",,0,0,,,0,,,,"Y",2,"A","-",22350,,"N","B","H","-","A","A","0","Y","A","01",0,0,1,0,0,0,0,0,0,"-","-","UNINCORPORATED","SACRAMENTO","CA",-121.37184,38.48136
"6382124",-121.2672978,38.6784826,2014,"3496","0","6","4","03",0,1,"C",,,,,,1200,2,"C","C","A","GREENBACK LN","ARCADIA DR",47,"W","N","2014-06-18",3496,"2014-02-08",1140,"255",,"5","5","0","0",,"0","003","G","N",,0,0,,,0,,,,"N",2,"A","-",22350,,"N","B","G","-","A","B","0","Y","A","01",0,0,1,0,0,0,0,0,0,"-","-","CITRUS HEIGHTS","SACRAMENTO","CA",0,0
"6382120",-121.2871767,38.7058385,2014,"3496","0","5","4","03",0,1,"B",,,,,,1200,2,"F","I","A","ANTELOPE RD","ORANGE DR",462,"E","N","2014-06-18",3496,"2014-02-07",1035,"319",,"5","5","0","0",,"0",,"C","N",,0,0,,,0,,,,"Y",1,"A","-",22350,,"N","B","H","-","A","D","0","Y","-",,0,0,1,0,0,0,0,0,0,"-","-","CITRUS HEIGHTS","SACRAMENTO","CA",0,0
"6382118",-121.4561632,38.5249859,2014,"3400","4","7","4","01",0,1,"A",,,,,"Y",2400,2,"C","C","A","FRUITRIDGE RD","44TH ST",20,"E","N","2014-06-23",9252,"2014-02-16",2237,"18435",,"3","9","0","2",,"1","071","-","N",,0,0,,,0,,,,"Y",2,"A","-",23152,"A","N","A","H","-","C","D","0","Y","A","07",0,0,1,0,0,0,0,0,0,"-","-","UNINCORPORATED","SACRAMENTO","CA",-121.45548,38.52513
"6382116",-121.2693854,38.6784583,2014,"3496","0","7","4","09",0,2,"A",,,,,,1800,2,"C","C","A","GREENBACK LN","ARCADIA DR",643,"W","N","2014-06-18",3496,"2014-02-02",1535,"367","3496","5","5","0","0",,"0","002","-","N",,0,0,,,0,,,,"N",3,"A","-",21804,"A","N","A","H","-","A","D","0","Y","A","01",0,0,2,0,0,0,0,0,0,"-","-","CITRUS HEIGHTS","SACRAMENTO","CA",0,0
"6382063",-121.4679509,38.5699824,2014,"3404","0","4","3","01",0,1,"A",,,"Y",,,1500,2,"C","C","A","30TH ST","CAPITOL AV",60,"E","N","2014-06-18",3404,"2014-02-20",1436,"250","6D","5","7","0","0",,"0",,"-","N",,0,0,,,0,,,,"Y",3,"A","-",23152,"E","N","A","H","-","A","A","0","Y","A","01",0,1,0,0,0,0,0,0,0,"-","-","SACRAMENTO","SACRAMENTO","CA",0,0
"6382059",-121.4387431,38.531925,2014,"3404","0","7","4","12",0,1,"A",,"Y",,,,1800,1,"D","G","A","21ST AV","58TH ST",0,,"Y","2014-06-18",3404,"2014-01-12",1532,"3800",,"5","7","0","0",,"0","06B","-","N",,0,0,,,0,,,,"N",2,"A","-",22450,,"F","A","H","-","A","D","0","Y","A","01",0,0,1,0,0,0,1,0,0,"-","-","SACRAMENTO","SACRAMENTO","CA",0,0
"6382055",-121.4324068,38.6110787,2014,"3404","0","3","3","03",0,3,"A",,,,,,1800,2,"A","I","A","EL CAMINO AV","VAN NESS ST",24,"W","N","2014-06-24",3404,"2014-02-12",1745,"0319",,"5","7","0","0",,"0",,"-","N",,0,0,,,0,,,,"N",1,"A","-",22350,,"N","A","H","-","C","A","0","Y","A","01",0,1,2,0,0,0,0,0,0,"-","-","SACRAMENTO","SACRAMENTO","CA",0,0
"6382051",-121.4903618,38.5374764,2014,"3404","0","5","4","08",0,1,"A",,"Y","Y",,,1800,2,"B","G","A","15TH AV","21ST ST",30,"E","N","2014-06-18",3404,"2014-02-21",1751,"0674",,"5","7","0","0",,"0","04B","-","N",,0,0,,,0,,,,,2,"A","-",22107,,"N","A","H","-","B","A","0","Y","L","04",0,0,1,0,0,0,1,0,0,"-","-","SACRAMENTO","SACRAMENTO","CA",0,0
"6382047",-121.4755432,38.6243365,2014,"3404","0","5","3","03",0,1,"A",,,,,,1200,2,"C","D","A","NORTHGATE BL","SENATOR",168,"N","N","2014-06-18",3404,"2014-02-21",1157,"800","SPD","5","7","0","0",,"0","01C","-","N",,0,0,,,0,,,,"Y",2,"A","-",22350,,"N","A","H","-","-","D","0","Y","A","01",0,1,0,0,0,0,0,0,0,"-","-","SACRAMENTO","SACRAMENTO","CA",0,0
"6382043",-121.4756632,38.605285,2014,"3404","0","7","2","12",0,2,"C",,,,,,2100,2,"D","C","A","NORTHGATE BL","ARDEN GARDEN CONNECTOR",0,,"Y","2014-06-18",3404,"2014-02-09",1938,"0794","P1","5","7","0","0",,"0","01C","-","N",,0,0,,,0,,,,"Y",2,"A","-",21453,"A","N","B","H","-","E","A","0","Y","-","-",1,0,1,0,0,0,0,0,0,"-","-","SACRAMENTO","SACRAMENTO","CA",0,0
"6382039",-121.4743633,38.5654073,2014,"3404","0","6","4","09",0,1,"A",,,,,,1800,2,"D","C","A","R ST","27TH ST",9,"E","N","2014-06-18",3404,"2014-02-22",1500,"8190","3","5","7","0","0",,"0","03B","-","N",,0,0,,,0,,,,"Y",2,"A","-",21803,"A","N","A","H","-","A","A","0","Y","A","01",0,0,1,0,0,0,0,0,0,"-","-","SACRAMENTO","SACRAMENTO","CA",0,0
"6382035",-121.4949231,38.664875,2014,"3404","0","2","4","12",0,1,"A",,,,,,2400,2,"D","C","A","AIMWELL AV","ARCHREST WY",0,,"Y","2014-06-24",3404,"2014-02-11",2303,"639","SACRA","5","7","0","0",,"0","01A","-","N",,0,0,,,0,,,,"Y",2,"A","-",22450,,"N","A","H","-","C","A","0","Y","A","01",0,0,1,0,0,0,0,0,0,"-","-","SACRAMENTO","SACRAMENTO","CA",0,0
"6381981",0,0,2014,"3450","0","4","2","12",0,1,"A",,,"Y",,,1800,2,"D","C","A","BILBY RD","WILLARD PKWY",0,,"Y","2014-06-14",340,"2014-02-13",1553,"10541","4301","5","5","0","0",,"0","004","-","N",,0,0,,,0,,,,"Y",2,"A","-",21453,"A","N","A","H","-","A","A","0","Y","C","02",1,0,0,0,0,0,0,0,1,"-","-","ELK GROVE","SACRAMENTO","CA",0,0
"6381822",-121.4788914,38.5584206,2014,"3404","0","5","3","17",0,1,"A",,"Y",,,,1500,2,"B","G","A","26TH ST","BROADWAY",140,"N","N","2014-06-16",3404,"2014-02-21",1243,"732","4","5","7","0","0",,"0","00A","-","N",,0,0,,,0,,,,"N",2,"A","-",22517,,"N","A","H","-","A","D","0","Y","A","01",0,1,0,0,0,0,1,0,0,"-","-","SACRAMENTO","SACRAMENTO","CA",0,0
"6381818",-121.4970029,38.467067,2014,"3404","1","6","4","03",0,1,"C",,,,,,2100,2,"H","C","A","RT 5","STONECREST AV",100,"N","N","2016-02-26",9252,"2014-02-08",1855,"018591",,"2","7","0","1",,"2","106","-","Y","SAC",3,5,"-","-",14.92,"H","-","N","Y",2,"A","-",22350,,"N","B","G","-","D","D","1","Y","A","01",0,0,1,0,0,0,0,0,0,"-","-","SACRAMENTO","SACRAMENTO","CA",-121.46704,38.46676
"6381814",-121.4730531,38.5600251,2014,"3404","3","6","3","03",0,1,"B",,,,,,2400,2,"E","J","A","RT 51","RT 50",100,"S","N","2016-03-03",9252,"2014-02-08",2330,"018548",,"3","7","0","1",,"2","193","C","Y","SAC",3,51,"-","-",0.093,"R","2","S","Y",1,"A","-",22350,,"N","B","H","-","C","D","1","Y","A","01",0,1,0,0,0,0,0,0,0,"TO","-","SACRAMENTO","SACRAMENTO","CA",-121.4748,38.55904
"6381810",-121.5181024,38.5295349,2014,"3404","1","6","4","08",0,2,"B",,,,,,2100,2,"E","I","A","RT 5","SEAMAS AV",1584,"N","N","2016-02-26",9252,"2014-02-08",1813,"018159","20140","2","7","0","1",,"2","107","C","Y","SAC",3,5,"-","-",19.63,"H","-","N","Y",2,"A","-",22107,,"N","B","H","-","C","D","1","Y","A","07",0,0,2,0,0,0,0,0,0,"-","-","SACRAMENTO","SACRAMENTO","CA",-121.51775,38.53058
"6381806",-121.4633605,38.5165567,2014,"3404","3","5","2","01",0,1,"A",,,,,"Y",300,2,"E","I","A","RT 99","MARTIN LUTHER KING JR BL",1320,"S","N","2014-06-16",9252,"2014-02-14",244,"016616",,"3","7","0","1",,"2","192","-","Y",,0,0,,,0,,,,"Y",1,"A","-",23152,"A","N","A","H","-","C","D","0","Y","A","01",1,0,0,0,0,0,0,0,0,"-","-","SACRAMENTO","SACRAMENTO","CA",-121.27836,38.31068
"6381718",-121.4241683,38.4753983,2014,"3400","3","4","4","03",0,1,"A",,,,,,2100,1,"C","C","A","RT 99","MACK RD",500,"N","N","2014-06-07",9252,"2014-01-16",1830,"17142",,"2","9","0","1",,"2","192","-","Y",,0,0,,,0,,,,"Y",2,"A","-",22350,,"N","A","H","-","C","D","0","Y","A","01",0,0,1,0,0,0,0,0,0,"-","-","UNINCORPORATED","SACRAMENTO","CA",-121.4244,38.4756
"6380734",-121.5045461,38.592838,2014,"3404","1","4","4","03",0,1,"A",,,,,,1800,1,"C","C","A","RT 5","RICHARDS BL",1056,"S","N","2016-02-26",9252,"2014-01-23",1610,"17142",,"2","7","0","1",,"2","108","-","Y","SAC",3,5,"-","-",24.45,"H","-","S","Y",2,"A","-",22350,,"N","A","H","-","A","D","1","Y","A","01",0,0,1,0,0,0,0,0,0,"-","-","SACRAMENTO","SACRAMENTO","CA",-121.5043,38.59617
"6380153",-121.3621431,38.3763351,2014,"3450","0","5","4","12",0,1,"B",,,,,,900,2,"D","C","A","GRANT LINE RD","RT 99",0,,"Y","2014-06-14",340,"2014-02-07",716,"10015","5504","5","5","0","0",,"0","005","-","Y",,0,0,,,0,,,,"Y",3,"A","-",21453,"A","N","B","H","-","A","A","0","Y","A","01",0,0,1,0,0,0,0,0,0,"-","NF","ELK GROVE","SACRAMENTO","CA",0,0
"6379979",-121.282433,38.254955,2014,"3400","5","1","4","09",0,2,"A",,,"Y",,,1800,2,"D","C","A","BOESSOW RD","MARENGO RD",0,,"Y","2014-06-11",9252,"2014-02-03",1705,"015534",,"2","9","0","3",,"2","080","-","N",,0,0,,,0,,,,"Y",3,"A","-",21801,"A","N","A","H","-","B","A","0","Y","I","19",0,0,2,0,0,0,0,0,0,"-","-","UNINCORPORATED","SACRAMENTO","CA",-121.28241,38.25501
"6379975",-121.4577126,38.4961473,2014,"3400","4","5","4","07",0,1,"B",,,,"Y",,1500,2,"B","C","A","FLORIN RD","LINCOLNSHIRE DR",100,"W","N","2014-07-07",9252,"2014-02-07",1325,"018787",,"1","9","0","2",,"1","072","C","N",,0,0,,,0,,,,"Y",3,"A","-",21658,"A","N","B","H","-","A","A","0","Y","A","07",0,0,1,0,0,0,0,0,0,"-","-","UNINCORPORATED","SACRAMENTO","CA",-121.45744,38.49642
"6379963",-121.4515186,38.5336851,2014,"3400","5","6","3","08",0,3,"B",,,,,,1800,2,"A","E","A","ROOSEVELT AV","47TH ST",130,"E","N","2014-06-14",9252,"2014-02-08",1515,"18243",,"2","9","0","3",,"2","070","C","N",,0,0,,,0,,,,"N",2,"A","-",22107,,"N","A","H","-","A","D","0","Y","A","01",0,1,2,0,0,0,0,0,0,"-","-","UNINCORPORATED","SACRAMENTO","CA",-121.45148,38.53375
"6379624",-121.5215028,38.5255314,2014,"3404","1","3","4","08",0,2,"C",,,,"Y",,2400,2,"E","I","A","RT 5","SEAMAS AV",15,"S","N","2015-11-14",9252,"2014-02-05",2310,"018197","9252","3","7","0","1",,"2","107","-","Y","SAC",3,5,"-","-",19.3,"H","-","S","Y",2,"A","-",22107,,"N","B","H","-","D","D","1","Y","G","25",0,0,2,0,0,0,0,0,0,"-","-","SACRAMENTO","SACRAMENTO","CA",-121.52159,38.52344
"6379615",-121.3999011,38.437965,2014,"3450","0","3","4","03",0,3,"A",,,,,,2100,2,"C","C","A","SHELDON RD","E STOCKTON BL",297,"E","N","2014-06-14",340,"2014-02-19",1818,"10527","2201","5","5","0","0",,"0","002","-","N",,0,0,,,0,,,,"Y",4,"A","-",22350,,"N","A","H","-","C","D","0","Y","A","07",0,0,3,0,0,0,0,0,0,"-","-","ELK GROVE","SACRAMENTO","CA",0,0
"6379603",-121.3955931,38.423885,2014,"3450","0","4","4","12",0,1,"A",,,,,,1200,2,"D","C","A","BOND RD","RT 99",0,,"Y","2014-06-14",340,"2014-02-13",1036,"10541","5101","5","5","0","0",,"0","005","-","Y",,0,0,,,0,,,,"Y",2,"A","-",21453,"A","N","A","H","-","A","A","0","Y","A","01",0,0,1,0,0,0,0,0,0,"-","-","ELK GROVE","SACRAMENTO","CA",0,0
"6378802",-121.4803431,38.484535,2014,"3404","0","4","3","09",0,1,"A",,,,,,1500,2,"D","C","A","24TH ST","CASA LINDA DR",0,,"Y","2015-02-18",3404,"2014-02-20",1318,"8163","5","5","7","0","0",,"0","00A","-","N",,0,0,,,0,,,,"Y",2,"A","-",21801,"A","N","A","H","-","A","D","0","Y","A","07",0,1,0,0,0,0,0,0,0,"-","-","SACRAMENTO","SACRAMENTO","CA",0,0
"6378456",-121.4437286,38.5565723,2014,"3404","2","5","4","03",0,1,"B",,,,"Y",,2400,2,"C","C","A","RT 50","59TH ST",1584,"W","N","2016-01-27",9252,"2014-02-07",2105,"018159",,"2","7","0","1",,"2","151","C","Y","SAC",3,50,"-","R",1.83,"H","-","W","Y",4,"A","-",22350,,"N","B","H","-","C","D","1","Y","F","55",0,0,1,0,0,0,0,0,0,"-","-","SACRAMENTO","SACRAMENTO","CA",-121.44196,38.55598
"6378212",-121.2805875,38.6782672,2014,"3496","0","6","3","10",0,1,"A","Y",,,,,1200,1,"G","B","C","GREENBACK LN","BURICH AV",513,"E","N","2014-06-06",3496,"2014-01-25",1138,"328",,"5","5","0","0",,"0","002","-","N",,0,0,,,0,,,,"N",2,"A","-",21950,"A","N","A","H","-","A","D","0","Y","-",,0,1,0,0,1,0,0,0,0,"-","-","CITRUS HEIGHTS","SACRAMENTO","CA",0,0
"6377678",-121.4842541,38.5533521,2014,"3404","0","1","4","08",0,1,"A",,,,,,2100,2,"B","E","A","3RD AV","24TH ST",189,"W","N","2014-06-09",3404,"2014-02-03",1806,"0688","4","5","7","0","0",,"0","00A","-","N",,0,0,,,0,,,,"Y",2,"A","-",22107,,"N","A","H","-","D","D","0","Y","A","01",0,0,1,0,0,0,0,0,0,"-","-","SACRAMENTO","SACRAMENTO","CA",0,0
"6377614",-121.4913537,38.6227563,2014,"3404","0","2","3","03",0,2,"A",,,,,,1500,1,"E","I","A","ASHLEY WY","PEBBLEWOOD DR",15,"N","N","2014-06-09",3404,"2014-01-28",1324,"395",,"5","7","0","0",,"0","01C","-","N",,0,0,,,0,,,,"Y",1,"A","-",22350,,"N","A","H","-","A","D","0","Y","A","01",0,1,1,0,0,0,0,0,0,"-","-","SACRAMENTO","SACRAMENTO","CA",0,0
"6377610",-121.4921854,38.6085751,2014,"3404","0","3","3","03",0,2,"A",,,"Y",,,1800,1,"C","C","A","GARDEN HWY","TRUXEL RD",1620,"E","N","2014-06-09",3404,"2014-01-15",1739,"0524",,"5","7","0","0",,"0","01B","-","N",,0,0,,,0,,,,"Y",3,"A","-",22350,,"N","A","H","-","D","-","0","Y","C","06",0,1,1,0,0,0,0,0,0,"-","-","SACRAMENTO","SACRAMENTO","CA",0,0